icao24,callsign,origin_country,time_position,last_contact,longitude,latitude,baro_altitude,on_ground,velocity
a665ae,IFL511,United States,1773611145.0,1773611145,-102.9864,35.6064,10972.8,False,194.83
4b1815,SWR2120,Switzerland,1773611145.0,1773611145,6.8151,46.6916,10767.06,False,228.26
4b1817,SWR24C,Switzerland,1773611136.0,1773611136,-0.457,51.4649,,True,12.86
c81bd2,ZKJMR,New Zealand,1773611145.0,1773611145,175.846,-40.8415,2415.54,False,56.08
a7b08d,LXJ595,United States,1773611145.0,1773611145,-86.2953,41.1083,13708.38,False,275.37
aa56da,UAL1936,United States,1773611143.0,1773611143,-82.5312,27.9751,,True,1.8
7c6b2d,JST755,Australia,1773611144.0,1773611144,150.9652,-34.5103,9753.6,False,224.84
a53edd,GPD437,United States,1773611143.0,1773611144,-73.7224,41.0874,121.92,False,41.48
ade18c,AAL2704,United States,1773611144.0,1773611144,-80.9274,35.5519,1219.2,False,108.86
abd9d9,SWA2278,United States,1773611137.0,1773611142,-117.1894,32.7304,-7.62,True,0.0
7c6b40,JST561,Australia,1773611144.0,1773611145,145.4792,-35.9978,8481.06,False,172.98
a665b9,LXJ511,United States,1773611144.0,1773611144,-81.799,40.0415,13106.4,False,189.97
ab6fdd,AAL1888,United States,1773611145.0,1773611145,-82.5166,33.9951,9144.0,False,260.46
440da5,EJU65UJ,Austria,1773611134.0,1773611134,13.5016,52.3567,,True,10.8
39de51,TVF40EA,France,1773611144.0,1773611144,2.8022,48.6854,2103.12,False,128.23
80162f,AIC2577,India,1773611145.0,1773611145,77.0814,28.5652,,True,0.0
880457,AIQ138,Thailand,1773611144.0,1773611144,99.468,14.1628,7818.12,False,249.27
880456,AIQ171,Thailand,1773611145.0,1773611145,100.2644,14.1587,3924.3,False,160.0
4b1803,SWR8X,Switzerland,1773611130.0,1773611141,7.7614,-42.5441,381.0,True,0.0
a34230,EJA309,United States,1773611145.0,1773611145,-82.252,27.5718,9974.58,False,202.49
4b1804,SWR,Switzerland,1773611138.0,1773611138,8.5614,47.4416,,True,0.0
4b1807,SWR218Q,Switzerland,1773611145.0,1773611145,5.6517,43.0881,10500.36,False,210.44
aa56d5,UAL1790,United States,1773611144.0,1773611144,-109.0627,38.0453,10050.78,False,240.52
ad4f0b,DAL1348,United States,1773611144.0,1773611145,-79.0716,36.5549,7726.68,False,261.72
7c6b1c,JST402,Australia,1773611144.0,1773611144,153.4783,-28.1209,198.12,False,66.04
4b1801,SWR2252,Switzerland,1773611144.0,1773611144,19.2578,47.4379,,True,7.46
7c6b1b,JST283,Australia,1773611139.0,1773611143,172.0325,-42.8752,10965.18,False,224.18
a1fb4b,ABX1330,United States,1773611144.0,1773611144,-80.3603,25.8731,1638.3,False,122.51
a2cbc4,N28BJ,United States,1773611144.0,1773611145,-105.1431,39.948,2209.8,False,59.68
c822c6,CVA707,New Zealand,1773611139.0,1773611144,174.9799,-39.321,4030.98,False,97.24
ac4963,DAL2921,United States,1773611063.0,1773611063,-122.3125,47.4422,,True,2.31
aae316,AAL1757,United States,1773611144.0,1773611144,-84.6774,39.9428,10972.8,False,242.05
00b22d,SAA369,South Africa,1773611144.0,1773611144,18.8317,-33.5775,2743.2,False,132.76
7c6b39,JST904,Australia,1773611144.0,1773611144,152.5379,-25.5744,9997.44,False,246.87
7c6b38,JST433,Australia,1773611145.0,1773611145,151.8399,-29.6506,9144.0,False,212.36
4952cd,TAP828,Portugal,1773611144.0,1773611144,4.7517,44.8819,10683.24,False,216.06
a58224,N454N,United States,1773611145.0,1773611145,-121.6407,36.694,2697.48,False,152.86
4952cf,TAP556,Portugal,1773611145.0,1773611145,9.1504,47.3685,8839.2,False,192.35
7c6b35,JST270,Australia,1773611144.0,1773611144,174.1741,-40.1891,11277.6,False,236.46
acdfa3,ASA412,United States,1773611144.0,1773611144,-86.8743,46.0447,10668.0,False,218.02
a41ee6,N365AG,United States,1773611145.0,1773611145,-84.1351,37.6486,12496.8,False,212.37
a798f5,N589SP,United States,1773611144.0,1773611144,-121.1789,44.4467,1920.24,False,50.54
801616,IGO1642,India,1773611144.0,1773611144,102.4383,12.8054,9144.0,False,235.37
7c6b0e,JST784,Australia,1773611143.0,1773611145,153.4962,-27.4567,7467.6,False,216.59
a5954e,UAL1838,United States,1773611144.0,1773611144,-96.7498,28.5102,10066.02,False,240.99
aa9300,UAL130,United States,1773611142.0,1773611144,-74.4606,41.25,2011.68,False,118.28
4952d0,TAP442,Portugal,1773611144.0,1773611144,1.8911,48.3881,3147.06,False,164.73
ab032d,N8089E,United States,1773611144.0,1773611144,-87.4161,30.9464,777.24,False,44.92
a4c558,N4060W,United States,1773610996.0,1773610996,-118.3331,33.7977,68.58,False,25.47
7c2edb,JJH,Australia,1773611145.0,1773611145,153.4541,-27.7195,640.08,False,69.55
a4b228,UPS5942,United States,1773611145.0,1773611145,-94.618,40.6189,10972.8,False,234.82
851914,JAL641,Japan,1773611145.0,1773611145,139.8018,35.5254,,True,5.66
4b181a,SWR3QA,Switzerland,1773611145.0,1773611145,2.3951,41.459,1333.5,False,122.28
aa8c10,SKW5556,United States,1773611121.0,1773611121,-108.2081,42.0502,9144.0,False,180.28
4952c9,TAP934,Portugal,1773611145.0,1773611145,8.5913,47.4552,495.3,False,71.31
47be7c,WIF1H,Norway,1773611122.0,1773611139,14.1499,67.3428,1783.08,False,91.46
ad5622,AMX144,United States,1773611140.0,1773611140,-99.165,20.2892,8153.4,False,210.78
a57b4d,UAL1293,United States,1773611111.0,1773611130,-118.4865,43.07,10660.38,False,280.18
4952c1,TAP1369,Portugal,1773611145.0,1773611145,-7.5702,41.3712,11887.2,False,227.61
440daf,EJU86JE,Austria,1773611099.0,1773611099,13.5005,52.3531,,True,25.72
4952c3,TAP1273,Portugal,1773611144.0,1773611144,-5.6198,39.7025,11277.6,False,212.42
4952c4,TAP646,Portugal,1773611144.0,1773611144,-3.6712,44.6057,11590.02,False,222.71
a1c5e0,ENY3448,United States,1773611145.0,1773611145,-80.7474,25.5592,3253.74,False,153.22
acdfab,DAL2364,United States,1773611145.0,1773611145,-88.0942,36.3067,9753.6,False,196.66
4952c7,TAP944,Portugal,1773611144.0,1773611144,4.5594,45.1751,6743.7,False,165.55
a0e250,AAL3118,United States,1773611144.0,1773611144,-80.6956,35.5683,1958.34,False,120.41
4952c8,TAP783,Portugal,1773611145.0,1773611145,-5.1037,43.5573,11269.98,False,228.0
4b180c,SWR5HY,Switzerland,1773611145.0,1773611145,17.4419,58.8935,4922.52,False,180.97
407a05,EZY86WP,United Kingdom,1773611144.0,1773611144,-5.5602,54.3939,5836.92,False,214.75
440db0,EJU35PU,Austria,1773611144.0,1773611144,3.8203,45.2982,7993.38,False,226.15
ac2f5a,SWA2003,United States,1773611079.0,1773611079,-117.1793,32.73,,True,4.89
ab63d7,DAL2404,United States,1773611144.0,1773611145,-82.8662,31.5004,10363.2,False,222.74
7c6b18,JST403,Australia,1773611145.0,1773611145,151.6657,-31.2434,9144.0,False,212.59
a33b1e,AAL2478,United States,1773611143.0,1773611143,-78.7006,30.4886,11277.6,False,225.94
c822e4,ANZ635,New Zealand,1773611144.0,1773611144,171.1819,-43.1769,10972.8,False,219.3
a34215,EDV5048,United States,1773611145.0,1773611145,-80.6115,35.1549,3520.44,False,169.36
4952ab,TAP089,Portugal,1773611144.0,1773611144,-43.4852,-16.5194,12496.8,False,238.84
0d0c1d,TAA617,Mexico,1773611143.0,1773611143,-95.3898,31.341,4373.88,False,121.98
a545fc,EJA439,United States,1773611144.0,1773611144,-115.7515,35.8565,4320.54,False,177.97
39de42,TVF78LC,France,1773611145.0,1773611145,2.6847,48.6311,2979.42,False,133.84
7c6b14,JST506,Australia,1773611144.0,1773611144,146.003,-36.7799,8846.82,False,257.21
a72533,N56GM,United States,1773611145.0,1773611145,-88.5097,35.6454,4373.88,False,113.65
4b180b,SWR,Switzerland,1773611093.0,1773611139,7.7844,-42.5575,,True,0.0
3c6669,DLH1560,Germany,1773611143.0,1773611143,24.0176,45.3089,10668.0,False,232.83
3c6668,DLH124,Germany,1773611144.0,1773611144,8.7316,49.9073,2796.54,False,147.35
44028c,EJU784Q,Austria,1773611145.0,1773611145,13.8754,40.6949,1287.78,False,95.04
ac498c,FDX6230,United States,1773611105.0,1773611108,113.6031,23.381,3680.46,False,206.38
aad012,UAL47,United States,1773611145.0,1773611145,-82.4056,41.7169,10363.2,False,217.93
a45b82,N380CF,United States,1773611117.0,1773611120,-94.3333,37.0033,975.36,False,65.48
ac2f89,N8843Y,United States,1773611144.0,1773611144,-81.428,33.2052,723.9,False,56.2
c822ed,ANZ343M,New Zealand,1773611145.0,1773611145,172.9382,-43.1967,2362.2,False,128.39
e4943f,GLO1457,Brazil,1773611145.0,1773611145,-47.1128,-22.9607,5562.6,False,167.03
aaef89,AAL1923,United States,1773611144.0,1773611144,-97.1684,32.9326,3276.6,False,126.38
c822ec,ANZ115M,New Zealand,1773611144.0,1773611144,174.8815,-37.2098,2049.78,False,95.46
a47597,DAL2312,United States,1773611144.0,1773611145,-74.3763,40.7456,2933.7,False,135.55
4bc8c6,PGT61HA,Turkey,1773611144.0,1773611144,29.9526,39.473,9364.98,False,228.06
4bc8c4,PGT854,Turkey,1773611143.0,1773611144,42.3705,41.3525,10050.78,False,246.11
e49445,AZU4612,Brazil,1773611144.0,1773611144,-45.9592,-14.6962,11582.4,False,230.89
3c6664,DLH036,Germany,1773611025.0,1773611025,10.0036,53.6337,,True,0.0
a45b78,N380BW,United States,1773611145.0,1773611145,-122.8117,47.4124,1104.9,False,61.79
ac83c3,SIY905,United States,1773611143.0,1773611145,-80.0358,31.2523,12192.0,False,222.88
4bc8c1,PGT394,Turkey,1773608213.0,1773611144,25.7846,49.8723,10066.02,False,39.18
a7bc8e,EJA598,United States,1773611145.0,1773611145,-111.8815,40.2811,3528.06,False,107.25
e8024c,ARE4174,Chile,1773611144.0,1773611144,-74.0018,5.0162,5410.2,False,171.52
ac7cdf,N9031U,United States,1773611145.0,1773611145,-120.5037,35.0789,2133.6,False,51.4
ace6c3,N930MG,United States,1773611143.0,1773611143,-116.1264,43.5328,2743.2,False,131.18
e0b1d7,LVKGW,Argentina,1773610957.0,1773610958,-60.685,-38.4098,198.12,False,5.54
e8024a,ARE4905,Chile,1773611144.0,1773611144,-76.3926,-8.7186,10668.0,False,228.83
3c666a,DLH8LY,Germany,1773611144.0,1773611144,12.4002,54.4652,8176.26,False,207.25
a5f808,LXJ484,United States,1773611143.0,1773611144,-105.4084,34.323,13106.4,False,210.66
511170,MBU8TN,Estonia,1773611145.0,1773611145,5.5436,49.6224,11277.6,False,249.06
ac1c4d,WSN88,United States,1773611145.0,1773611145,-103.8508,34.0565,12192.0,False,187.27
e49450,TAM3037,Brazil,1773611145.0,1773611145,-46.7972,-23.4955,1630.68,False,90.63
3c6672,DLH9WJ,Germany,1773611144.0,1773611144,21.062,40.4164,10668.0,False,226.1
3c6675,DLH854,Germany,1773611144.0,1773611144,11.4713,53.1208,10668.0,False,235.03
80164b,VTIQX,India,1773611143.0,1773611143,77.083,28.5611,,True,1.29
a1b2ee,JBU1329,United States,1773611140.0,1773611140,-90.5271,14.5919,,True,4.63
ac234f,,United States,1773611141.0,1773611141,-74.1797,40.6815,,True,2.31
ac101f,SWA2171,United States,1773611137.0,1773611141,-100.9312,35.2688,10363.2,False,194.71
a39bfa,UAL1505,United States,1773611144.0,1773611144,-86.0474,40.4312,11277.6,False,259.37
a35592,JBU349,United States,1773611144.0,1773611144,-76.3531,37.1641,10972.8,False,209.81
ad5679,DAL1381,United States,1773611144.0,1773611144,-83.1784,33.2701,6697.98,False,194.83
471efa,WZZ65,Hungary,1773611144.0,1773611144,13.0043,45.7505,10363.2,False,234.74
471efb,WZZ5GT,Hungary,1773611144.0,1773611144,25.014,37.0103,10668.0,False,255.3
3c667a,DLH3VK,Germany,1773611144.0,1773611144,9.3932,51.8358,10721.34,False,230.69
acdffc,DAL3132,United States,1773611145.0,1773611145,-84.668,33.7327,5013.96,False,186.37
e4941b,AZU8706,Brazil,1773611144.0,1773611144,-79.7308,26.9579,3977.64,False,174.81
a798b9,LBQ968,United States,1773611144.0,1773611144,-72.5846,42.223,2278.38,False,148.02
471eff,WMT581,Hungary,1773611103.0,1773611103,18.506,42.4647,7642.86,False,206.31
471efc,WMT3CH,Hungary,1773611145.0,1773611145,17.3586,46.5339,11597.64,False,233.18
408143,DHK053,United Kingdom,1773611145.0,1773611145,3.3299,51.7212,10058.4,False,225.36
ac3688,SWA950,United States,1773611069.0,1773611069,-81.3199,28.4241,,True,0.0
a2d2e2,N281ND,United States,1773610898.0,1773610900,-71.302,42.472,-60.96,False,31.14
40812d,EZY64BN,United Kingdom,1773611145.0,1773611145,-1.0047,50.8465,10355.58,False,216.0
51118a,MBU6147,Estonia,1773611143.0,1773611143,20.7177,39.9648,10972.8,False,219.86
a3fee9,N357BB,United States,1773610996.0,1773611004,-87.6432,30.2904,121.92,False,66.36
abfc71,SWA21,United States,1773611145.0,1773611145,-113.4096,34.5068,9144.0,False,211.73
ace6e2,AAL1505,United States,1773611145.0,1773611145,-89.9926,36.6182,11277.6,False,255.92
e8026c,LAN502,Chile,1773611106.0,1773611106,-80.3348,25.7853,121.92,False,72.63
408134,BAW680,United Kingdom,1773611140.0,1773611141,28.7289,41.2057,449.58,False,62.26
ad4f81,KOW957,United States,1773611144.0,1773611144,-77.9953,39.4007,2385.06,False,147.21
7c6b3d,JST605,Australia,1773611145.0,1773611145,149.4044,-35.3803,9144.0,False,201.12
a3556f,JBU2165,United States,1773611139.0,1773611142,-71.0222,42.3566,,True,0.0
abf025,SWA863,United States,1773610913.0,1773610916,-114.2048,38.7609,10980.42,False,212.97
a3b86c,DAL1671,United States,1773611145.0,1773611145,-82.4574,31.4881,10363.2,False,229.14
a4c527,RPA4704,United States,1773611144.0,1773611144,-76.7385,37.714,7924.8,False,183.44
a2cbdb,N28CG,United States,1773611144.0,1773611144,-73.7964,40.6414,,True,11.32
a65eaa,N50968,United States,1773611145.0,1773611145,-121.4753,36.9654,2209.8,False,56.23
c01b6c,JZA7949,Canada,1773611144.0,1773611144,-79.2537,44.0531,4251.96,False,128.41
adda1e,AAL2192,United States,1773611145.0,1773611145,-102.1382,35.0695,7620.0,False,265.33
c02267,ASP473,Canada,1773611144.0,1773611144,-81.4312,32.9615,13716.0,False,222.48
0d11c5,XANSN,Mexico,1773611144.0,1773611144,-98.2195,25.235,10972.8,False,204.82
a7258b,00000000,United States,1773611144.0,1773611144,-105.0707,34.2168,12489.18,False,271.58
4acb43,SAS4051,Sweden,1773611055.0,1773611055,5.9613,59.1029,1783.08,False,121.72
4acb42,SAS4610,Sweden,1773611144.0,1773611144,6.6923,59.1328,11269.98,False,250.71
a4b294,RPA4609,United States,1773611144.0,1773611144,-83.7249,34.1991,4975.86,False,181.53
a7bbe9,JBU1418,United States,1773611143.0,1773611143,-81.9205,30.0681,2141.22,False,132.75
a88bde,NOAA65,United States,1773611144.0,1773611144,-123.218,40.4254,7010.4,False,161.71
a94b4d,UAL265,United States,1773611143.0,1773611144,-102.8265,36.8691,10058.4,False,279.04
a127d4,N1738T,United States,1773611086.0,1773611089,-90.5838,30.0949,152.4,False,26.8
a6a2f2,N527AC,United States,1773611144.0,1773611144,-78.6334,32.9483,13716.0,False,251.5
e80218,LAN771,Chile,1773611078.0,1773611143,-49.4678,-25.6402,10363.2,False,216.66
4b187e,SWR14V,Switzerland,1773611138.0,1773611143,-73.776,40.6322,,True,0.0
4bb5d6,MNB751,Turkey,1773611110.0,1773611111,7.1201,50.8757,,True,0.0
a27d22,OKC26,United States,1773611143.0,1773611143,-89.7667,32.8929,13716.0,False,247.16
ac6a65,BOE335,United States,1773611145.0,1773611145,-121.3101,47.4238,5067.3,False,223.84
ade106,N9936V,United States,1773611145.0,1773611145,-121.2394,44.0947,1592.58,False,46.31
accd69,DAL1595,United States,1773611142.0,1773611142,-111.9852,40.7904,,True,5.92
c03587,CFUHA,Canada,1773611002.0,1773611002,-123.4447,48.6378,182.88,False,49.96
3c65ab,DLH772,Germany,1773611145.0,1773611145,11.5085,48.3225,1706.88,False,130.33
440248,EJU35FU,Austria,1773611144.0,1773611144,3.1085,48.4862,3947.16,False,128.0
3455d8,VOE91PU,Spain,1773611136.0,1773611140,-1.6489,47.1033,243.84,False,75.93
4b1884,SWR8T,Switzerland,1773611145.0,1773611145,-85.2977,43.4306,9448.8,False,161.99
a7c2c1,N6CB,United States,1773610996.0,1773611005,-80.6318,28.1067,60.96,False,53.08
4b1887,SWR72,Switzerland,1773611010.0,1773611010,-77.4511,38.9492,,True,0.0
adb7ee,SKW5456,United States,1773611023.0,1773611027,-104.6418,39.8288,1615.44,False,72.54
a03d4c,XAA4608,United States,1773611145.0,1773611145,-78.3015,38.8202,13106.4,False,198.9
3c65c2,DLH3TX,Germany,1773611144.0,1773611144,8.9525,54.6885,11574.78,False,229.97
e8020c,LPE2456,Chile,1773611126.0,1773611126,-85.201,12.7729,10980.42,False,231.4
ae1440,OCEAN78,United States,1773611144.0,1773611144,-94.2573,35.3844,7612.38,False,183.28
0d0af2,VTM288,Mexico,1773610884.0,1773610884,-100.8659,25.5754,2118.36,False,114.81
adf41b,N999AJ,United States,1773611144.0,1773611144,-122.204,37.5991,304.8,False,86.04
4b1880,SWR147,Switzerland,1773610896.0,1773610983,73.8625,30.3069,9753.6,False,207.04
a247c5,N246RE,United States,1773611144.0,1773611144,-88.2721,28.7636,12496.8,False,193.28
44023f,EJU625Y,Austria,1773611145.0,1773611145,5.7729,43.8848,6637.02,False,204.98
a6f23d,DAL1432,United States,1773611144.0,1773611144,-76.3836,43.0839,10363.2,False,195.04
3c5ee6,EWG2P,Germany,1773610941.0,1773610941,6.7668,51.2841,,True,4.89
a9653d,AAL2301,United States,1773611145.0,1773611145,-80.6607,36.7602,9456.42,False,231.48
4bc8cb,PGT651,Turkey,1773611144.0,1773611144,-0.879,35.2906,10370.82,False,229.8
3c65d2,DLH2ME,Germany,1773610916.0,1773610916,4.7649,52.3037,,True,2.57
4bc8ca,PGT443G,Turkey,1773611145.0,1773611145,1.6537,51.8258,4770.12,False,159.01
a1c705,N2130F,United States,1773611142.0,1773611142,-116.6635,43.6627,762.0,False,38.83
3455c1,IBE0351,Spain,1773611145.0,1773611145,-111.82,51.0629,11582.4,False,255.69
440282,AOJ72T,Austria,1773611145.0,1773611145,29.5009,35.0166,11887.2,False,263.73
aded77,JBU1760,United States,1773611144.0,1773611144,-78.3413,33.1038,9433.56,False,259.92
a94b2b,UAL2435,United States,1773611142.0,1773611142,-78.4592,28.6153,10668.0,False,250.14
c81d02,ZKNSZ,New Zealand,1773611111.0,1773611111,169.8224,-46.3919,762.0,False,43.48
3c65c8,DLH586,Germany,1773611143.0,1773611143,30.0194,32.5645,11277.6,False,255.25
a45b8c,TFF938,United States,1773611144.0,1773611144,-76.2075,39.3236,2720.34,False,122.39
acd486,DAL2870,United States,1773611144.0,1773611145,-87.0433,34.2019,9761.22,False,211.0
a69b9a,PXT525,United States,1773611144.0,1773611144,-116.3304,36.626,13716.0,False,222.73
3c5ee3,EWG3HP,Germany,1773611131.0,1773611131,9.9968,53.6295,,True,16.46
ad41cd,SWA3022,United States,1773611145.0,1773611145,-97.1096,32.3963,1996.44,False,152.17
ad9169,N9732A,United States,1773610900.0,1773610900,-116.8238,48.1584,1371.6,False,48.69
a45b96,DAL2405,United States,1773611145.0,1773611145,-78.8675,38.0456,10972.8,False,208.46
3c65ce,DLH09C,Germany,1773611145.0,1773611145,-1.6054,41.1784,9525.0,False,248.47
a127bb,UAL1707,United States,1773611145.0,1773611145,-78.5425,37.5954,11582.4,False,205.34
a7126b,N555EJ,United States,1773611144.0,1773611144,-75.6392,41.8773,11277.6,False,218.25
a9787f,N7091G,United States,1773611145.0,1773611145,-71.9514,41.726,1219.2,False,56.08
3c5eed,EWG79X,Germany,1773611145.0,1773611145,7.1152,50.8899,152.4,False,60.8
3c5eeb,EWG16ZY,Germany,1773611145.0,1773611145,7.1325,45.6739,11582.4,False,223.16
a5d28e,UAL1331,United States,1773611145.0,1773611145,-71.9685,42.6049,4762.5,False,203.23
3c65d8,DLH958,Germany,1773611144.0,1773611144,6.6511,50.7941,9921.24,False,224.21
3c65d7,DLH2N,Germany,1773611144.0,1773611144,13.8228,52.429,891.54,False,108.44
e80246,ARE4014,Chile,1773610945.0,1773610945,-74.9362,5.0324,6096.0,False,182.45
a04424,SKW5354,United States,1773611140.0,1773611140,-104.6848,39.8849,,True,9.26
861f66,JAL38,Japan,1773611144.0,1773611144,120.5077,14.5686,11887.2,False,253.94
3c65d5,DLH2558,Germany,1773611145.0,1773611145,13.7826,47.9796,8221.98,False,248.6
a9a205,N72JK,United States,1773611144.0,1773611144,-84.9645,37.1648,10683.24,False,250.27
e48bf8,AZU4825,Brazil,1773611144.0,1773611144,-47.4094,-22.5646,4312.92,False,93.04
3c65cc,DLH01P,Germany,1773611145.0,1773611145,-0.2923,43.4309,10675.62,False,232.71
3c65ca,DLH9FL,Germany,1773611145.0,1773611145,2.824,51.4736,10218.42,False,198.94
3c5ef2,EWG3BR,Germany,1773611089.0,1773611089,10.0006,53.632,,True,4.37
c81d1b,ZKTUT,New Zealand,1773611134.0,1773611134,176.5291,-39.5857,792.48,False,36.04
ab0f0c,N811WE,United States,1773611144.0,1773611144,-101.8382,31.9301,1927.86,False,155.79
acc176,N92069,United States,1773611144.0,1773611144,-120.632,35.1479,1112.52,False,49.97
c0220d,WJA4202,Canada,1773611145.0,1773611145,-73.0611,42.9411,11582.4,False,217.83
a39d41,N332AD,United States,1773611144.0,1773611144,-77.759,39.0994,640.08,False,80.74
a5823e,GTI8173,United States,1773611145.0,1773611145,129.6237,33.1434,12192.0,False,202.55
a22de4,N24CM,United States,1773611132.0,1773611134,-120.5329,38.2424,1318.26,False,77.79
a41412,DAL1124,United States,1773611144.0,1773611145,-84.3598,33.1735,4366.26,False,187.03
a72563,N56JK,United States,1773611142.0,1773611142,-83.5543,28.6924,3360.42,False,74.09
46b832,AEE8RD,Greece,1773611145.0,1773611145,24.3305,37.9472,3657.6,False,201.92
c07bbe,WJA505,Canada,1773611143.0,1773611144,-113.6839,53.2503,1912.62,False,122.2
c81d25,FDC12,New Zealand,1773611144.0,1773611144,171.877,-44.1419,6096.0,False,116.41
c0487a,CGBLP,Canada,1773611140.0,1773611142,-122.798,49.0763,594.36,False,50.28
7c6b07,JST172,Australia,1773611144.0,1773611145,171.4491,-43.453,5920.74,False,187.66
a1a110,,United States,,1773611105,,,,False,0.0
a65efe,N5099M,United States,1773611141.0,1773611141,-120.8489,35.2557,975.36,False,45.3
a7253a,N56GU,United States,1773611145.0,1773611145,-80.2814,26.0046,228.6,False,47.89
440209,EJU47NM,Austria,1773611144.0,1773611144,1.3913,44.2691,11894.82,False,228.44
a6f207,RDN499,United States,1773611145.0,1773611145,-82.409,26.0703,7490.46,False,187.29
a101c3,AAL1030,United States,1773611077.0,1773611077,-97.0473,32.895,,True,4.37
a6189c,QFA7552,United States,1773611143.0,1773611144,175.4817,-36.0875,4914.9,False,177.64
a71221,N555BK,United States,1773611144.0,1773611144,-90.531,36.761,12192.0,False,214.89
a5f87d,N484LP,United States,1773611143.0,1773611144,-112.2345,33.7684,1592.58,False,47.4
a8584a,FFT2698,United States,1773611145.0,1773611145,-85.5563,41.799,10668.0,False,257.04
a95212,BTQ865,United States,1773611144.0,1773611144,-71.0656,42.3209,304.8,False,75.76
adf45f,KPO999,United States,1773611109.0,1773611109,-74.0612,40.8473,,True,7.2
8851e1,THA331,Thailand,1773611145.0,1773611145,76.8723,28.7848,1767.84,False,102.43
a76bc3,N5777M,United States,1773611144.0,1773611144,-113.0312,32.849,2598.42,False,76.9
aa9f99,N784CE,United States,1773611145.0,1773611145,-121.0397,38.5927,1943.1,False,85.83
a0e1b6,N156NS,United States,1773611145.0,1773611145,-117.3961,34.0475,1051.56,False,106.63
a70b2f,GJS4450,United States,1773611144.0,1773611145,-77.7578,37.0714,10363.2,False,236.26
46b825,AEE615,Greece,1773611144.0,1773611144,14.5042,44.439,10668.0,False,234.13
46b828,AEE6BR,Greece,1773611001.0,1773611001,23.7427,37.8145,1181.1,False,127.73
a71e5c,JIA5486,United States,1773611144.0,1773611145,-82.4636,39.8656,2072.64,False,127.19
a72554,N56HV,United States,1773611145.0,1773611145,-122.0371,38.8105,4069.08,False,145.89
a1ad49,N207P,United States,1773611128.0,1773611128,-100.8779,43.8723,4747.26,False,102.57
a915cf,PDT5821,United States,1773611048.0,1773611050,-78.8953,34.9732,137.16,False,78.26
a4ab84,N40NR,United States,1773610969.0,1773611005,-71.5039,43.1997,,True,5.87
a58271,N454RB,United States,1773611145.0,1773611145,-122.8092,45.0872,944.88,False,75.12
aa099e,JBU1962,United States,1773611145.0,1773611145,-78.441,31.2086,11277.6,False,238.19
440237,EJU46YA,Austria,1773611144.0,1773611144,-3.5889,47.9013,11292.84,False,242.44
ab1628,SCX407,United States,1773611127.0,1773611128,-102.2147,43.7953,9753.6,False,232.28
440241,AOJ1A,Austria,1773611145.0,1773611145,-73.4315,42.2067,13098.78,False,228.51
0d0ac1,SLI2693,Mexico,1773611144.0,1773611144,-90.098,32.1846,10363.2,False,189.82
abd9b6,SWA855,United States,1773611143.0,1773611143,-111.0538,38.2421,8534.4,False,206.9
ab76b2,N838GK,United States,1773611145.0,1773611145,-70.6004,-33.5997,2910.84,False,100.29
ae0192,COUGR37,United States,1773611144.0,1773611144,-112.9618,34.5083,7307.58,False,225.64
a03d71,XAA2278,United States,1773611144.0,1773611144,-97.2819,29.9279,11582.4,False,190.29
4acb5a,SAS4438,Sweden,1773611144.0,1773611144,13.7984,65.695,11277.6,False,236.94
aaf617,SCX8728,United States,1773611144.0,1773611144,-90.2107,38.4245,4495.8,False,178.23
c01b4f,WJA430,Canada,1773611011.0,1773611011,-79.6208,43.6793,,True,8.75
0d0ac8,VIV4084,Mexico,1773611136.0,1773611141,-110.0604,30.1465,11574.78,False,209.98
a114bb,N169SP,United States,1773611144.0,1773611144,-118.6259,34.0293,411.48,False,75.17
44022b,AUA40H,Austria,1773611144.0,1773611144,16.741,47.8835,2118.36,False,142.26
a0311d,DAL1412,United States,1773611142.0,1773611142,-122.3823,37.6153,,True,0.0
c81115,ZKMIL,New Zealand,1773610914.0,1773610914,175.4339,-36.8183,822.96,False,59.73
a27d26,N26FE,United States,1773611144.0,1773611144,-88.4633,40.4222,11422.38,False,273.99
47880f,NOZ550,Norway,1773611145.0,1773611145,9.8164,59.8625,5814.06,False,187.46
aa43c4,RPA3484,United States,1773611088.0,1773611088,-86.2737,39.7244,426.72,False,62.21
a0dab2,SKW5911,United States,1773611144.0,1773611145,-105.0436,40.3125,5143.5,False,181.56
c04893,CGBMO,Canada,1773611071.0,1773611074,-123.4434,48.6355,182.88,False,49.34
aa56f7,UAL2470,United States,1773611144.0,1773611144,-104.938,40.1978,4960.62,False,182.64
a94b02,UAL1689,United States,1773611144.0,1773611145,-114.9366,35.0215,10972.8,False,243.24
47880d,SAS931,Norway,1773611145.0,1773611145,-108.0534,49.717,11582.4,False,270.35
c82443,ZKJRG,New Zealand,1773611144.0,1773611144,175.0643,-37.0693,579.12,False,57.42
ac2f37,SWA3729,United States,1773611144.0,1773611144,-111.5868,34.5535,10058.4,False,240.31
3c65a1,DLH763,Germany,1773611144.0,1773611144,77.2556,28.5247,1363.98,False,118.76
aaf60a,SKW4960,United States,1773611145.0,1773611145,-111.4895,33.7819,3657.6,False,169.18
a0f4c1,N1605M,United States,1773611112.0,1773611112,-119.5812,34.4141,2270.76,False,78.01
0d0ad1,ACW2730,Mexico,1773611144.0,1773611144,-97.594,23.4636,12496.8,False,241.85
c81d55,ZKCCB,New Zealand,1773611035.0,1773611046,172.7838,-42.9672,883.92,False,55.05
aa9f76,AVA019,United States,1773611143.0,1773611145,-74.1658,5.2852,6012.18,False,190.67
a247e7,N246SP,United States,1773611144.0,1773611144,-85.1039,32.6539,937.26,False,62.23
a8453e,TAI523,United States,1773611144.0,1773611144,-113.4822,31.3386,10668.0,False,249.7
e80207,ARE4405,Chile,1773611145.0,1773611145,-74.4986,5.0071,5044.44,False,176.11
a928da,N69F,United States,1773610957.0,1773610966,-73.8107,40.6496,,True,4.37
a72579,N56KG,United States,1773611144.0,1773611144,-84.0949,39.3347,5295.9,False,191.08
e80205,LPE2088,Chile,1773611144.0,1773611144,-76.3528,-6.6432,1920.24,False,136.78
a58de0,UAL1717,United States,1773611144.0,1773611144,-94.0629,36.3826,10073.64,False,238.3
a2ba48,ENY3719,United States,1773611145.0,1773611145,-84.6621,30.1953,9144.0,False,219.72
a724a8,N56AY,United States,1773611145.0,1773611145,-82.3867,26.7126,3710.94,False,137.07
a51a24,N428JE,United States,1773611143.0,1773611144,-112.3981,36.3863,9753.6,False,168.84
a3ed69,DAL1543,United States,1773611145.0,1773611145,-92.5273,41.7052,10988.04,False,203.18
7c7cce,,Australia,1773610965.0,1773610973,151.177,-33.9356,,True,0.77
ac9723,SKW5081,United States,1773611030.0,1773611031,-98.5924,46.6521,1615.44,False,123.33
ad9d02,N9765M,United States,1773611145.0,1773611145,-122.2044,47.6461,800.1,False,63.41
7c498f,PE312,Australia,1773611145.0,1773611145,149.5169,-34.8939,4183.38,False,103.73
a2d44b,OXF9832,United States,1773611145.0,1773611145,-111.1522,32.7933,2476.5,False,57.8
885226,THA670,Thailand,1773611144.0,1773611144,133.3123,34.9009,12496.8,False,298.4
a41447,FFT3133,United States,1773611145.0,1773611145,-79.847,36.5202,9395.46,False,214.3
ad071d,PDT6029,United States,1773611144.0,1773611145,-81.354,34.6949,2743.2,False,166.09
343194,VLG1HB,Spain,1773611143.0,1773611144,-4.5207,39.3068,11292.84,False,253.35
885221,THA935,Thailand,1773611038.0,1773611040,92.9098,18.2348,12489.18,False,266.58
a63a0a,N500BA,United States,1773610942.0,1773610942,-86.1106,33.237,1432.56,False,90.12
a3a4de,N334CA,United States,1773611110.0,1773611110,-105.2638,30.8725,5334.0,False,81.09
c0481c,ROU1934,Canada,1773611144.0,1773611144,-104.3533,51.9388,8679.18,False,263.39
a46de7,N385AK,United States,1773611143.0,1773611143,-150.8997,62.5467,1409.7,False,57.65
a0318b,N111SS,United States,1773610957.0,1773610960,-74.3466,39.7058,259.08,False,61.75
a7d705,N604KJ,United States,1773610912.0,1773610912,-59.5957,-34.6855,7223.76,False,199.28
343183,INI272H,Spain,1773611142.0,1773611144,-3.6523,37.7143,6591.3,False,177.88
a02a79,N11GJ,United States,1773611145.0,1773611145,-78.7147,34.5797,12192.0,False,196.01
4aca82,NSZ1KM,Sweden,1773611145.0,1773611145,17.8101,60.0,5684.52,False,183.08
4aca81,NSZ5700,Sweden,1773611145.0,1773611145,15.4417,57.845,11277.6,False,254.32
a3a4ed,ENY3668,United States,1773611145.0,1773611145,-90.1547,31.1757,10363.2,False,200.7
4aca84,NSZ2617,Sweden,1773611110.0,1773611110,24.9703,60.3182,,True,0.0
ad072c,TAI441,United States,1773611144.0,1773611144,-89.2957,14.6796,9151.62,False,218.12
a1ad73,N207QS,United States,1773611144.0,1773611144,-83.0041,26.0305,5509.26,False,208.66
4aca89,NSZ2885,Sweden,1773611013.0,1773611013,24.9715,60.3171,,True,0.0
accd18,DAL1013,United States,1773610850.0,1773610850,-84.4364,33.6438,,True,0.0
a65449,DAL55,United States,1773611139.0,1773611144,-84.4234,33.641,,True,0.0
e0b244,ARG1650,Argentina,1773611144.0,1773611144,-58.3459,-34.577,662.94,False,108.48
a581c1,N454JA,United States,1773611129.0,1773611142,-117.0205,33.5136,784.86,False,45.82
a091f3,EDV5105,United States,1773610860.0,1773610860,-82.3362,37.7437,4328.16,False,216.8
e07582,ARG1814,Argentina,1773611144.0,1773611144,-58.1833,-34.6138,3032.76,False,150.82
ab0ddc,N811JA,United States,1773611008.0,1773611008,-79.8274,36.1829,868.68,False,110.27
800da2,SEJ106,India,1773611145.0,1773611145,76.8384,28.6238,822.96,False,84.47
a2845b,SKW3744,United States,1773611144.0,1773611144,-111.9514,40.3605,3032.76,False,141.09
a64d53,N505JH,United States,1773611144.0,1773611144,-74.5279,40.6328,822.96,False,129.92
a91700,NKS408,United States,1773611144.0,1773611144,-76.6503,11.2672,10355.58,False,244.3
a1b449,RPA5699,United States,1773610876.0,1773610877,-77.0422,38.8447,,True,3.34
c04852,,Canada,1773611144.0,1773611144,-119.4837,39.2444,11582.4,False,199.77
a39100,DAL374,United States,1773611144.0,1773611144,-97.0259,32.665,1173.48,False,79.59
ac2dcc,N884MH,United States,1773611145.0,1773611145,-115.0756,36.2628,853.44,False,70.94
a2ba14,N275LL,United States,1773611047.0,1773611047,-93.6135,31.1649,6469.38,False,136.8
ad67ae,DAL1353,United States,1773611145.0,1773611145,-83.4209,35.147,9342.12,False,201.17
7c3631,KZN,Australia,1773611143.0,1773611143,151.1063,-32.1151,1866.9,False,58.9
4aca96,NOZ3KH,Sweden,1773611145.0,1773611145,-1.5534,49.0573,9144.0,False,183.61
c81d8e,ANZ699,New Zealand,1773611144.0,1773611145,171.3763,-43.0194,10965.18,False,221.17
c02e39,NCB9820,Canada,1773611144.0,1773611144,-108.6348,51.8455,7010.4,False,153.46
4aca99,NOZ37J,Sweden,1773611120.0,1773611122,11.0945,60.221,342.9,False,73.92
4aca98,NOZ9EG,Sweden,1773611144.0,1773611144,12.0918,63.7713,10972.8,False,214.64
accd09,N924AC,United States,1773611145.0,1773611145,-149.991,61.0093,2316.48,False,85.14
aaf4c8,DAL1325,United States,1773611144.0,1773611144,-78.6058,33.3132,10668.0,False,252.85
a70aa1,ASA634,United States,1773611145.0,1773611145,-115.2198,35.9888,1257.3,False,84.47
4aca8a,NSZ9LV,Sweden,1773611144.0,1773611145,0.8013,43.4841,11277.6,False,247.98
4aca8c,NSZ4EM,Sweden,1773611144.0,1773611144,5.2825,58.2463,11277.6,False,256.99
a6b73d,N5315T,United States,1773611144.0,1773611144,-70.8221,41.8627,807.72,False,52.16
4aca8f,NSZ3215,Sweden,1773611145.0,1773611145,15.9258,58.407,10309.86,False,218.96
75833a,PAL1781,Philippines,1773611122.0,1773611122,121.0156,14.5089,,True,2.06
4aca8e,NSZ9LH,Sweden,1773611145.0,1773611145,23.3468,60.323,4480.56,False,198.08
a857c2,PDT5909,United States,1773611145.0,1773611145,-80.1906,41.5379,4320.54,False,197.59
a7d720,N604LL,United States,1773611144.0,1773611144,-87.6656,35.7646,5692.14,False,211.59
c8246a,ZKIFI,New Zealand,1773610937.0,1773610937,172.5488,-43.2039,297.18,False,26.55
a3f401,DAL1329,United States,1773611139.0,1773611140,-84.4323,33.6358,,True,1.8
ab6458,JRE833,United States,1773611144.0,1773611144,-98.5503,38.7724,13106.4,False,180.14
e49eec,GLO1908,Brazil,1773611090.0,1773611091,-41.5147,-18.351,11277.6,False,239.11
c82499,ZKRJZ,New Zealand,1773611145.0,1773611145,171.9652,-42.5538,9433.56,False,214.42
ad9d42,N9767F,United States,1773611117.0,1773611117,-71.8322,41.3153,1234.44,False,50.85
ac7112,TWY3,United States,1773611145.0,1773611145,-112.9638,33.2115,12496.8,False,246.19
c81d9d,ANZ413,New Zealand,1773611141.0,1773611141,174.808,-41.3241,,True,5.4
a189b4,N199BA,United States,1773610962.0,1773610962,-73.7155,41.0785,45.72,False,56.92
ace753,N930TA,United States,1773611144.0,1773611144,-80.1736,40.4605,815.34,False,69.97
e49ef3,GLO1496,Brazil,1773611144.0,1773611145,-47.0885,-23.5212,7635.24,False,201.63
3c65da,DLH892,Germany,1773609162.0,1773611141,16.3086,55.4271,5052.06,False,230.93
7c1c95,FD514,Australia,1773610914.0,1773610914,135.7719,-33.6014,6705.6,False,104.84
471f8e,WMT5KN,Hungary,1773611145.0,1773611145,12.8149,45.9001,11277.6,False,223.52
758338,PAL536,Philippines,1773611144.0,1773611144,120.6496,14.4614,2125.98,False,133.62
a3b7cb,FFT4919,United States,1773611138.0,1773611138,-100.5011,37.8945,10355.58,False,205.59
a27189,N257AK,United States,1773611144.0,1773611145,-86.1073,41.9736,2255.52,False,98.31
a41487,VJA362,United States,1773611145.0,1773611145,-121.0534,35.7369,10363.2,False,214.74
ac7115,N900VP,United States,1773611144.0,1773611145,-107.137,32.1725,10363.2,False,213.41
75831c,PAL211,Philippines,1773611143.0,1773611144,147.0224,-32.7997,11887.2,False,262.06
e492aa,AZU2465,Brazil,1773611145.0,1773611145,-46.6543,-23.6299,,True,38.07
adb7b8,EJA983,United States,1773611142.0,1773611143,-103.2105,35.9025,12192.0,False,189.56
a7c2ea,N6DT,United States,1773611145.0,1773611145,-113.4589,41.8507,9144.0,False,107.76
aadae3,N799QS,United States,1773611120.0,1773611120,-112.6431,29.924,12412.98,False,212.65
758306,PAL530,Philippines,1773611145.0,1773611145,120.1756,14.0067,5570.22,False,177.6
e48ba9,TAM8146,Brazil,1773611145.0,1773611145,-41.519,-18.7627,9448.8,False,248.37
a069b2,N12577,United States,1773611144.0,1773611144,-118.1065,34.1571,1234.44,False,42.99
a94b72,UAL488,United States,1773611145.0,1773611145,-120.52,38.8696,9418.32,False,234.13
516097,MNE2203,Montenegro,1773611142.0,1773611144,15.6572,40.7654,5143.5,False,163.35
471f81,WMT4CU,Hungary,1773611145.0,1773611145,16.5791,48.938,11269.98,False,237.01
a40d7a,DAL642,United States,1773611144.0,1773611144,-98.9616,20.1169,6644.64,False,221.58
471f86,WMT1WQ,Hungary,1773611143.0,1773611144,22.7129,46.1915,5715.0,False,192.36
86d5e0,JAL70,Japan,1773610891.0,1773610891,139.7705,35.5452,,True,0.0
abfac6,SWA3345,United States,1773611144.0,1773611145,-78.313,42.6102,3322.32,False,157.2
a3b7f4,ENY4072,United States,1773611144.0,1773611145,-103.7665,32.0813,8534.4,False,198.24
c04825,CGBII,Canada,1773610955.0,1773610955,-73.7415,45.4592,,True,2.83
acba30,EDV4942,United States,1773611144.0,1773611144,-83.0687,35.9859,9753.6,False,207.53
c04826,ROU1987,Canada,1773611145.0,1773611145,-70.3764,45.7276,9753.6,False,197.83
e49ed4,TAM3688,Brazil,1773611144.0,1773611144,-42.8365,-22.7103,3695.7,False,183.19
471f6d,WMT6CV,Hungary,1773611144.0,1773611144,18.6171,45.4228,10668.0,False,235.83
471f6e,WMT8609,Hungary,1773611145.0,1773611145,17.8221,39.1401,10668.0,False,254.45
a4012b,N3570E,United States,1773611145.0,1773611145,-118.4885,34.205,274.32,False,39.18
e48ba7,TAM8071,Brazil,1773611145.0,1773611145,-2.1216,42.7377,9448.8,False,248.79
48597d,TRA35L,Kingdom of the Netherlands,1773611118.0,1773611118,4.7125,52.3379,,True,13.38
a3f436,FFT1401,United States,1773611144.0,1773611144,-89.9047,35.0033,10972.8,False,190.62
aaf4ff,N805FT,United States,1773611144.0,1773611144,-99.5905,31.795,13716.0,False,264.43
7cf9fe,ROLR12,Australia,1773611144.0,1773611144,151.1532,-33.9904,7315.2,False,115.3
a4d7e4,AAL1219,United States,1773611143.0,1773611145,-87.294,27.6064,10668.0,False,249.52
86d5be,TZP54,Japan,1773611143.0,1773611143,127.923,26.2436,12489.18,False,288.18
a26a6a,N255DP,United States,1773611129.0,1773611131,-112.0631,33.2767,731.52,False,63.64
e492a5,AZU4243,Brazil,1773611143.0,1773611144,-41.9246,-14.6686,11894.82,False,232.68
e492a6,AZU4577,Brazil,1773611144.0,1773611145,-45.9503,-12.3904,11590.02,False,230.96
a53436,RPA4660,United States,1773611135.0,1773611135,-73.8723,40.7748,,True,1.03
34444b,IBE0427,Spain,1773611145.0,1773611145,2.2629,41.3602,746.76,False,91.34
aa927a,KPO780,United States,1773611041.0,1773611125,-111.9156,33.6211,,True,0.0
8014cf,IGO94YC,India,1773611144.0,1773611144,86.1554,24.3566,10355.58,False,219.33
e49ee5,PSDCG,Brazil,1773611144.0,1773611144,-46.1465,-23.5537,1539.24,False,80.53
a8dbfb,N670CS,United States,1773611117.0,1773611117,-116.6546,43.6556,670.56,False,34.23
ac712d,SWA2803,United States,1773611144.0,1773611144,-121.1292,36.7258,8054.34,False,244.85
344455,IBS18MA,Spain,1773611145.0,1773611145,-3.7812,39.9118,3832.86,False,169.36
7c2f94,JOM,Australia,1773611083.0,1773611083,151.9132,-27.5415,,True,7.2
471f68,WMT1001,Hungary,1773610907.0,1773611143,25.1717,43.3104,10980.42,False,231.65
4a2022,AEZ2119,Romania,1773610930.0,1773610930,14.5498,36.9562,601.98,False,78.58
a0a6c5,DAL2689,United States,1773611144.0,1773611144,-98.6908,30.987,7078.98,False,255.72
3c6744,DLH8HP,Germany,1773611145.0,1773611145,-0.3144,52.1659,10972.8,False,216.43
471f66,WMT7984,Hungary,1773611100.0,1773611100,15.8196,42.458,10668.0,False,223.61
3c6743,DLH136,Germany,1773611145.0,1773611145,9.235,48.6924,327.66,False,64.31
3c6749,DLH5AV,Germany,1773611137.0,1773611137,19.8009,50.0741,,True,5.66
7c7183,WPH,Australia,1773611145.0,1773611145,152.9167,-27.9337,3185.16,False,77.29
a95dfc,N702WM,United States,1773611143.0,1773611144,-88.2704,31.96,8229.6,False,155.26
3c6747,DLH884,Germany,1773610658.0,1773611144,23.0844,58.533,7802.88,False,234.59
408086,TOM47A,United Kingdom,1773611144.0,1773611144,3.369,54.773,10972.8,False,227.08
a7d78a,EJA604,United States,1773611143.0,1773611143,-72.9637,43.76,1653.54,False,78.23
a4fa8e,N42PC,United States,1773611144.0,1773611144,-80.85,40.2857,3093.72,False,97.87
a9ea22,N738QA,United States,1773611144.0,1773611145,-117.094,33.0074,1295.4,False,46.3
a0dc17,N1545E,United States,1773611003.0,1773611003,-85.154,33.6367,388.62,False,21.48
471f65,WMT5VU,Hungary,1773611145.0,1773611145,14.1981,46.3406,11277.6,False,230.4
a5d1f7,SWA2205,United States,1773611142.0,1773611142,-90.3543,38.7373,,True,0.0
471f63,WMT8YV,Hungary,1773611145.0,1773611145,-2.5883,40.9826,7239.0,False,202.75
a043ac,LKF16,United States,1773611144.0,1773611144,-113.9239,35.722,5722.62,False,183.02
a00994,N101MX,United States,1773611144.0,1773611144,-121.5663,45.6583,14317.98,False,178.48
0d0b4a,GMT7783,Mexico,1773611124.0,1773611124,-87.0723,21.2724,792.48,False,104.6
a94ae5,UAL1411,United States,1773611145.0,1773611145,-114.1267,43.2871,10058.4,False,284.08
acd2d3,EDV5374,United States,1773611145.0,1773611145,-84.6147,32.8823,2438.4,False,102.34
a99a52,FFT3458,United States,1773611145.0,1773611145,-82.0891,34.5841,9875.52,False,254.25
abb2d5,DAL766,United States,1773611143.0,1773611144,-92.9192,43.3844,10363.2,False,212.24
3c6742,DLH7TW,Germany,1773611145.0,1773611145,9.2964,48.4788,9448.8,False,220.89
a7b133,JIA5428,United States,1773611145.0,1773611145,-70.9073,42.7018,8092.44,False,203.48
3c5426,BCS25C,Germany,1773611144.0,1773611144,11.3445,51.5265,4975.86,False,207.66
3c6757,DLH1KE,Germany,1773611144.0,1773611144,16.3055,47.8157,10668.0,False,231.14
a6eadb,N545DS,United States,1773611145.0,1773611145,-122.8543,45.8728,807.72,False,55.85
a1bfb2,UAL1213,United States,1773611145.0,1773611145,-82.4125,30.3378,8549.64,False,208.04
471f78,WMT334,Hungary,1773611143.0,1773611145,16.4865,42.8673,11277.6,False,226.16
e4936a,AZU2960,Brazil,1773611145.0,1773611145,-47.9024,-19.6939,10980.42,False,234.3
a0f642,N161JW,United States,1773611106.0,1773611143,-117.9379,34.6479,3147.06,False,88.22
40806a,LNX14RG,United Kingdom,1773611144.0,1773611145,-76.3173,39.5084,12496.8,False,198.26
3c6759,DLH51V,Germany,1773611145.0,1773611145,8.0666,46.9201,10668.0,False,224.12
3c5428,BCS2219,Germany,1773611145.0,1773611145,1.3873,51.9986,9829.8,False,261.86
c87f0d,WRR01,New Zealand,1773611145.0,1773611145,176.6129,-39.2272,2407.92,False,73.61
0d0b66,AMX935,Mexico,1773611044.0,1773611044,-99.5131,19.8187,4960.62,False,141.13
471f71,WMT3FJ,Hungary,1773611144.0,1773611144,19.7351,46.4395,10668.0,False,226.41
a34f12,N312JL,United States,1773611144.0,1773611144,-121.2655,36.3591,3459.48,False,106.72
e4803d,TAM3761,Brazil,1773611144.0,1773611144,-45.4538,-14.5298,10972.8,False,231.43
c08354,CGXTB,Canada,1773611143.0,1773611143,-89.2528,48.3866,853.44,False,64.65
ada546,ASI717,United States,1773611145.0,1773611145,-112.1018,33.6858,701.04,False,37.13
471f74,WMT956,Hungary,1773611145.0,1773611145,24.7631,43.164,10980.42,False,226.58
a03ce6,AAL2824,United States,1773611145.0,1773611145,-81.5699,35.605,6515.1,False,196.53
a35605,DAL2345,United States,1773611145.0,1773611145,-79.6034,27.2645,7452.36,False,197.72
440cf8,EJU39PM,Austria,1773611145.0,1773611145,-3.333,45.6758,10919.46,False,238.91
e48043,TAM4538,Brazil,1773610669.0,1773611144,-49.1436,-27.0884,11582.4,False,205.47
c02cfc,WJA2090,Canada,1773611144.0,1773611144,-96.2262,17.4378,10668.0,False,238.23
a16ff1,DAL747,United States,1773611144.0,1773611144,-107.7341,38.0932,10972.8,False,224.98
40805d,WUK2LY,United Kingdom,1773611144.0,1773611144,18.0506,45.1403,10965.18,False,221.7
abb2e7,VAR853,United States,1773611141.0,1773611141,-112.8166,33.0406,1363.98,False,70.42
3c6753,DLH2KT,Germany,1773611145.0,1773611145,13.6571,48.4411,11887.2,False,226.82
3c5421,BCS76K,Germany,1773611135.0,1773611142,12.2413,51.4096,,True,0.0
a8dd3f,N670RR,United States,,1773611104,,,,False,0.0
4400e3,EJU15XL,Austria,1773611144.0,1773611144,3.5617,48.6089,3672.84,False,129.14
a559c3,N444CZ,United States,1773611145.0,1773611145,-83.6148,12.9419,10363.2,False,253.44
7809b9,CES752,China,1773610355.0,1773611143,22.1267,55.4993,10668.0,False,4.12
3c542a,BCS2214,Germany,1773611144.0,1773611144,6.0671,51.814,9761.22,False,217.76
3c675a,DLH03H,Germany,1773611145.0,1773611145,6.1073,46.3921,11277.6,False,230.34
a03cb6,SKW463C,United States,1773611144.0,1773611144,-117.9605,45.8837,4945.38,False,155.98
a8947e,DAL8929,United States,1773611144.0,1773611145,-95.4305,29.6139,2011.68,False,148.43
a559bf,N444CV,United States,1773611145.0,1773611145,-74.1183,40.1618,1668.78,False,69.81
a3918f,UPS5188,United States,1773611145.0,1773611145,-77.698,40.3102,7330.44,False,253.63
e48011,TAM3831,Brazil,1773610866.0,1773610866,-46.5203,-23.4479,937.26,False,72.93
c0704c,00000000,Canada,1773610877.0,1773610877,-123.0094,48.1637,342.9,False,71.83
e48c4d,TAM3225,Brazil,1773611144.0,1773611144,-49.2483,-22.7209,10652.76,False,230.12
40804d,WUK2RQ,United Kingdom,1773611145.0,1773611145,4.8739,51.6691,10972.8,False,216.32
3c5431,BCS21G,Germany,1773610947.0,1773610952,4.7661,52.2965,,True,0.0
3c5430,BCS7LK,Germany,1773611130.0,1773611140,-1.3511,52.8273,,True,0.0
a7615f,DAL170,United States,1773611144.0,1773611144,-93.3879,45.1726,3733.8,False,165.88
408051,EZY39FU,United Kingdom,1773611145.0,1773611145,-3.6852,40.2432,11582.4,False,207.75
408052,EZY93NK,United Kingdom,1773611145.0,1773611145,3.7463,49.0691,11582.4,False,210.19
c07044,CGQNJ,Canada,1773610887.0,1773610896,-97.2317,49.8912,,True,0.0
4400be,TAY1VQ,Austria,1773611143.0,1773611144,-2.8461,41.1917,10675.62,False,235.16
a056cb,N1205T,United States,1773611144.0,1773611144,-83.3653,34.3041,2156.46,False,58.39
471f54,WMT559,Hungary,1773611145.0,1773611145,5.943,50.5977,10675.62,False,239.72
c07c7a,ACA1016,Canada,1773611095.0,1773611095,-79.6461,43.6837,,True,9.77
a189f2,DAL951,United States,1773611145.0,1773611145,-82.2657,42.3618,11887.2,False,261.71
a069fe,N126AB,United States,1773611145.0,1773611145,-73.1916,40.6986,510.54,False,97.49
471f3d,WZZ1189,Hungary,1773611145.0,1773611145,14.4829,47.7007,10370.82,False,232.53
a831e5,SKW5454,United States,1773611145.0,1773611145,-98.3003,37.9399,4541.52,False,190.03
a3a61b,TPA4087,United States,1773611144.0,1773611144,-73.499,6.3804,10668.0,False,236.38
344416,IBS18FU,Spain,1773611001.0,1773611007,-3.5493,40.4586,571.5,False,73.05
40803c,EXS32JH,United Kingdom,1773611144.0,1773611145,8.6853,48.5099,10972.8,False,220.75
a594fa,EJA459,United States,1773611144.0,1773611144,-74.9228,40.1534,1104.9,False,118.43
a724e3,N56DG,United States,1773611143.0,1773611143,-71.157,42.7187,220.98,False,45.62
3c6704,DLH796,Germany,1773611145.0,1773611145,14.2405,48.2089,10911.84,False,254.04
a46304,DAL1593,United States,1773611145.0,1773611145,-106.2924,38.5685,9753.6,False,196.52
3c6709,DLH769,Germany,1773611141.0,1773611142,75.2216,31.1828,12192.0,False,223.17
a3696e,DAL948,United States,1773611144.0,1773611145,-99.5778,33.1973,10972.8,False,183.17
a7d74b,N604ND,United States,1773611144.0,1773611145,-73.3727,40.8257,647.7,False,60.71
a043ec,EJA116,United States,1773611144.0,1773611144,-114.5825,38.2381,13106.4,False,223.48
440cc1,EJU82GN,Austria,1773611145.0,1773611145,-2.5317,46.2522,11887.2,False,230.78
a0ef80,N16BT,United States,1773611144.0,1773611145,-97.5337,29.6795,2065.02,False,67.02
a8941f,N65192,United States,1773611145.0,1773611145,-115.3342,36.1788,1150.62,False,42.1
aaa704,N786CB,United States,1773610989.0,1773610989,-114.2829,33.5089,3200.4,False,90.01
a1fc3b,ENY3956,United States,1773611143.0,1773611143,-78.7181,42.9478,,True,0.0
801602,AIC2702,India,1773611144.0,1773611145,78.8516,27.5451,10530.84,False,245.29
0d1201,VOI5614,Mexico,1773611144.0,1773611144,-100.0922,25.7695,,True,2.57
344409,VLG7DZ,Spain,1773611144.0,1773611144,13.2036,41.0029,7802.88,False,223.79
0d1202,VOI281,Mexico,1773611039.0,1773611040,-99.0687,19.4408,,True,4.37
a91765,N685SL,United States,1773611145.0,1773611145,-80.1772,26.4725,1158.24,False,108.43
0d0b0f,SLI875,Mexico,1773611143.0,1773611144,-93.8905,20.8221,11582.4,False,200.09
3c6712,DLH726,Germany,1773611144.0,1773611144,13.9535,47.8419,9105.9,False,246.85
3c6711,DLH452,Germany,1773611144.0,1773611145,-113.738,37.2197,11582.4,False,286.88
a40ca4,,United States,,1773611136,,,,False,223.67
440cab,AUA911F,Austria,1773611145.0,1773611145,17.0504,48.0096,4747.26,False,216.78
a4b1e9,N401SA,United States,1773611132.0,1773611132,-122.5584,38.1447,,True,3.86
a82aa0,UPS82,United States,1773611145.0,1773611145,-150.0037,61.193,,True,0.06
a83dd0,VAR630,United States,1773611145.0,1773611145,-113.1968,33.4096,1005.84,False,55.08
7c492b,QFA2,Australia,1773611145.0,1773611145,10.9875,49.9168,10058.4,False,256.08
440caf,TAY7TR,Austria,1773611145.0,1773611145,24.1941,45.0646,7955.28,False,218.6
a163f2,AAL2244,United States,1773611136.0,1773611136,-97.0389,32.9078,,True,0.0
3c6719,DLH765,Germany,1773611145.0,1773611145,77.7505,13.3961,2880.36,False,146.31
471f31,WZZ21GR,Hungary,1773611144.0,1773611144,0.8095,43.3363,10972.8,False,232.55
a23675,UCA4823,United States,1773611144.0,1773611144,-77.4459,40.1893,7010.4,False,237.19
a34f53,JTL312,United States,1773611092.0,1773611092,-80.3084,25.9117,99.06,False,62.84
440cb1,EJU93QT,Austria,1773611144.0,1773611144,8.8818,47.756,11590.02,False,235.73
ae5b6b,RANGR91,United States,1773611145.0,1773611145,-101.3527,44.9383,7307.58,False,156.39
a51a6d,N428MC,United States,1773611144.0,1773611144,-82.7786,28.3507,4541.52,False,105.46
471f02,WMT991,Hungary,1773611144.0,1773611144,13.8695,44.0,11292.84,False,229.84
471f03,WMT3M,Hungary,1773611144.0,1773611144,21.5287,45.9556,10066.02,False,233.75
471f00,WMT2RR,Hungary,1773611145.0,1773611145,9.8593,45.1983,10980.42,False,225.85
0d0b30,VTM293,Mexico,1773611144.0,1773611144,-99.4683,27.58,982.98,False,77.99
471f01,WMT3AD,Hungary,1773611145.0,1773611145,16.0043,44.8669,10660.38,False,229.2
a7878f,ASA2614,United States,1773611144.0,1773611144,-120.9834,34.2347,10980.42,False,244.59
a63a5c,N500EH,United States,1773611145.0,1773611145,-151.1495,60.5907,289.56,False,49.09
a88d72,HPJ650,United States,1773611144.0,1773611144,-80.095,35.9169,10919.46,False,226.15
758384,PAL596,Philippines,1773611143.0,1773611144,114.5597,21.7889,10363.2,False,256.89
a34f40,N312LG,United States,1773611145.0,1773611145,-107.9153,31.8735,12192.0,False,198.94
a6b790,N53176,United States,1773611145.0,1773611145,-117.6712,33.5671,1158.24,False,42.11
a163c2,SKW3031,United States,1773611145.0,1773611145,-116.824,32.6695,4404.36,False,191.44
4008ad,SHT18G,United Kingdom,1773611145.0,1773611145,-1.4714,54.8537,11277.6,False,239.45
a426a5,DAL2520,United States,1773611144.0,1773611144,-80.7101,33.5864,10363.2,False,216.63
3c670f,DLH768,Germany,1773611145.0,1773611145,12.5642,48.1907,6697.98,False,218.92
0d0b2a,XAGRB,Mexico,1773611145.0,1773611145,-118.5443,33.8716,1722.12,False,140.55
3c670d,DLH5Y,Germany,1773611143.0,1773611143,-113.3127,38.2551,12192.0,False,287.09
a831b2,QXE2303,United States,1773611145.0,1773611145,-119.753,38.8745,5219.7,False,204.33
a36968,N319MW,United States,1773611105.0,1773611105,-116.9472,32.712,335.28,False,0.51
ac9709,DAL3115,United States,1773611145.0,1773611145,-84.4151,32.6541,7345.68,False,223.3
a6eacf,DAL802,United States,1773611145.0,1773611145,-99.7244,37.047,10066.02,False,258.77
a977bb,DAL437,United States,1773611145.0,1773611145,-107.5493,38.2902,10668.0,False,223.87
a76d90,EJA578,United States,1773611040.0,1773611040,-77.4396,38.9517,,True,6.43
a7d774,N604PV,United States,1773611144.0,1773611144,-74.3877,39.1941,11277.6,False,258.78
a4fa78,N42NF,United States,1773611145.0,1773611145,-88.6185,34.716,12496.8,False,264.67
e07543,ARG1247,Argentina,,1773610907,,,,False,217.56
885283,THA910,Thailand,1773611042.0,1773611139,74.1305,30.5973,9753.6,False,30.35
a89442,EJM652,United States,1773611145.0,1773611145,-117.7881,43.5002,14935.2,False,274.28
e4805d,TAM3219,Brazil,,1773611138,,,,False,249.24
a63a83,LXJ500,United States,1773611144.0,1773611144,-73.6014,41.5561,3032.76,False,131.57
a6548a,N507GC,United States,1773611145.0,1773611145,-93.1277,37.6288,13716.0,False,209.9
885281,THA911,Thailand,1773611144.0,1773611144,96.4206,15.9883,11277.6,False,267.37
ac47b7,,United States,1773611101.0,1773611101,-76.6736,39.1817,,True,0.0
c046f7,WJA1461,Canada,1773611145.0,1773611145,-117.8042,44.2137,10972.8,False,192.4
7c4921,QFA94,Australia,1773611145.0,1773611145,147.7131,-37.1163,12214.86,False,184.76
a64163,JIA5514,United States,1773610924.0,1773610924,-93.3461,37.2002,746.76,False,57.93
4951cd,TAP43RY,Portugal,1773611144.0,1773611144,-7.3616,40.9278,11277.6,False,233.65
a65490,GJS4433,United States,1773611130.0,1773611130,-74.17,40.6959,,True,2.57
c07e2c,ACA1139,Canada,1773611145.0,1773611145,-74.1999,46.151,10858.5,False,178.76
a7d6a8,FFT1694,United States,1773611144.0,1773611145,-97.8815,39.8099,10058.4,False,264.74
7cbc2c,R1738,Australia,1773611140.0,1773611144,144.2024,-38.4122,281.94,False,49.47
a59662,N4593X,United States,1773611145.0,1773611145,-117.2589,34.0882,365.76,False,36.61
a030fd,N111M,United States,1773611144.0,1773611144,-83.2095,32.2802,6705.6,False,144.66
a6ff2d,N55XP,United States,1773611144.0,1773611145,-83.2352,34.1202,9403.08,False,229.96
a83f2b,EJA630,United States,1773611125.0,1773611125,-78.1302,32.0051,13106.4,False,207.99
ab5dca,N831TR,United States,1773611142.0,1773611144,-97.9678,31.7902,2004.06,False,64.52
a46345,FFT1141,United States,1773611121.0,1773611132,-81.32,28.4385,,True,0.0
a666cd,SKW6409,United States,1773611144.0,1773611144,-96.7917,41.0422,8534.4,False,189.7
e48c05,GLO1437,Brazil,1773611145.0,1773611145,-46.1976,-21.1302,10972.8,False,224.5
e48c04,GLO1811,Brazil,1773611053.0,1773611055,-43.4916,-23.4601,8206.74,False,207.29
abc7c6,SWA4052,United States,1773611144.0,1773611144,-81.5053,30.9378,11277.6,False,222.67
40822d,BAW1MB,United Kingdom,1773611145.0,1773611145,2.1093,51.5894,10142.22,False,208.4
a76cb4,LXJ578,United States,1773611145.0,1773611145,-92.7401,41.4651,13716.0,False,258.57
a83f30,QXE2450,United States,1773611145.0,1773611145,-119.0612,47.0964,9601.2,False,274.81
3c6583,DLH842,Germany,1773611144.0,1773611144,8.6586,53.4613,10972.8,False,244.54
aa44d0,UAL124,United States,1773611145.0,1773611145,-73.9374,40.1608,5951.22,False,239.71
ac1d1e,N88ST,United States,1773611145.0,1773611145,-10.4639,41.9813,12954.0,False,261.7
3c6581,DLH9MU,Germany,1773611145.0,1773611145,3.7624,52.8985,11590.02,False,224.02
3c6588,DLH3RW,Germany,1773611135.0,1773611135,6.1827,58.3465,4351.02,False,197.06
a6ec11,N545SB,United States,1773611144.0,1773611144,-90.5134,29.0218,13106.4,False,192.51
ad9db0,ASA654,United States,1773611144.0,1773611145,-119.7593,39.3641,10972.8,False,200.71
a533bd,UAL1267,United States,1773611144.0,1773611144,-88.0102,43.0167,1920.24,False,125.76
a4765f,N387MA,United States,1773611144.0,1773611144,-117.4112,33.9531,411.48,False,43.6
3c6585,DLH3EP,Germany,1773611145.0,1773611145,11.4368,51.6016,11887.2,False,230.16
a4bf82,N405DC,United States,1773610843.0,1773611055,-80.6021,27.5995,883.92,False,114.26
a4d98e,PD4,United States,1773611069.0,1773611073,-82.5176,27.9727,,True,4.89
a5cc37,UAL2863,United States,1773611145.0,1773611145,-81.9892,26.0885,7292.34,False,221.61
abadc0,SWA1662,United States,1773611145.0,1773611145,-107.9921,32.0291,10363.2,False,215.5
e49f43,AZU4548,Brazil,1773611144.0,1773611144,-47.2965,-21.1014,9921.24,False,228.61
c81ac0,ANZ203L,New Zealand,1773611142.0,1773611143,174.4684,-38.1157,5341.62,False,111.3
500360,VAJ93T,San Marino,1773611145.0,1773611145,19.7321,49.9929,6050.28,False,204.65
c0850c,JZA7968,Canada,1773611131.0,1773611134,-73.7939,45.439,129.54,False,62.29
a4bf6d,N405CG,United States,1773611145.0,1773611145,-118.9581,37.1846,4663.44,False,112.44
a2cce4,GPD28,United States,,1773611145,,,,False,111.05
3c6593,DLH8KC,Germany,1773611145.0,1773611145,16.6476,47.314,11887.2,False,229.74
a57015,N45DG,United States,1773611143.0,1773611145,-119.8785,38.9469,2598.42,False,31.38
e49f2c,PSIME,Brazil,1773611144.0,1773611144,-43.6184,-22.9194,8839.2,False,150.19
a3f3dc,EDV5236,United States,1773611144.0,1773611144,-83.2589,42.1345,3086.1,False,183.24
7c6c56,VOZ912,Australia,1773611143.0,1773611144,151.0664,-32.7726,7627.62,False,207.51
407b44,GMA34,United Kingdom,1773611144.0,1773611144,-2.3325,49.6547,1424.94,False,115.46
aaa7ef,N786MM,United States,1773611145.0,1773611145,-79.2026,40.5423,11948.16,False,263.6
7c6c55,VOZ921,Australia,1773611144.0,1773611144,151.1798,-33.936,,True,0.06
ac0a22,AAL2208,United States,1773610871.0,1773610884,-80.2189,26.0773,274.32,False,80.25
39d317,TVF19JJ,France,1773611002.0,1773611002,2.4,48.7271,83.82,False,72.29
a69c54,N525JL,United States,1773611139.0,1773611140,-111.6306,38.2074,10660.38,False,235.63
abea11,AAL1638,United States,1773611145.0,1773611145,-95.9369,34.6641,10332.72,False,275.24
408229,SHT8V,United Kingdom,1773611145.0,1773611145,-1.3377,52.7816,9867.9,False,219.37
a1f00e,MXY117,United States,1773611145.0,1773611145,-110.1334,35.6092,10668.0,False,246.69
39d311,TRA91J,France,1773611145.0,1773611145,3.266,50.3165,6941.82,False,232.95
a64ce6,DAL795,United States,1773611145.0,1773611145,-94.0502,43.8833,10668.0,False,252.09
ab9a32,DAL904,United States,1773611145.0,1773611145,-101.9319,34.1353,10668.0,False,260.27
40820e,EXS4GC,United Kingdom,1773611144.0,1773611144,-8.2953,50.6942,10668.0,False,210.65
c0853f,ACA419,Canada,1773611145.0,1773611145,-74.8332,45.3487,7703.82,False,184.67
a413b9,N362,United States,1773611145.0,1773611145,-82.193,34.7986,975.36,False,39.13
ad574f,AAL1831,United States,1773611145.0,1773611145,-86.1862,33.5593,10668.0,False,214.57
a83f56,SKW4821,United States,1773611144.0,1773611144,-97.8278,39.5506,7315.2,False,211.0
a71337,JIA5092,United States,1773611145.0,1773611145,-73.6363,42.6306,1112.52,False,133.76
c07e62,WJA318,Canada,1773611145.0,1773611145,-122.8948,49.2285,3063.24,False,158.94
a1f025,JTL224,United States,1773611145.0,1773611145,-91.7585,41.412,13716.0,False,226.46
a283f4,AAY2768,United States,1773611144.0,1773611144,-82.3847,36.2632,10668.0,False,247.47
ae14a1,MNTNA05,United States,1773611086.0,1773611086,-97.6988,28.4788,1005.84,False,89.21
a6a3b2,N527HV,United States,1773611145.0,1773611145,-111.3645,39.3808,13106.4,False,170.46
a27cff,N26DR,United States,1773611145.0,1773611145,-111.0376,34.78,6705.6,False,130.78
710411,SVA889,Saudi Arabia,1773611144.0,1773611144,83.8045,23.2297,10965.18,False,201.15
a41fed,N365LV,United States,1773611144.0,1773611144,-116.5625,33.9112,1844.04,False,125.43
a34f7f,AAY2776,United States,1773611143.0,1773611143,-81.536,37.8447,10980.42,False,232.07
c08537,ACA615,Canada,1773611144.0,1773611144,-79.2154,43.2444,4511.04,False,164.56
c08536,WJA2033,Canada,1773611145.0,1773611145,-78.0546,36.811,11879.58,False,233.62
aa57d2,CXK1023,United States,1773611101.0,1773611101,-118.146,33.8139,0.0,False,36.53
a2d3b3,SWA1531,United States,,1773611129,,,,False,5.66
ad9db8,,United States,1773611135.0,1773611135,-79.9609,36.0572,838.2,False,105.73
a7e9e7,JIA5081,United States,1773611145.0,1773611145,-94.5009,35.792,6073.14,False,171.63
a030ed,N111LJ,United States,1773611144.0,1773611144,-111.5932,34.2731,3802.38,False,166.0
408210,EXS1QR,United Kingdom,1773611145.0,1773611145,-2.8363,51.5567,7155.18,False,157.35
a7130c,SWA289,United States,1773611144.0,1773611144,-98.457,34.6113,10363.2,False,207.46
8852e4,THA940,Thailand,1773611145.0,1773611145,77.6368,29.8126,10355.58,False,244.47
c07e59,WJA2615,Canada,1773611143.0,1773611143,-111.1931,42.3586,10363.2,False,168.97
e49f18,PPBBT,Brazil,1773611040.0,1773611040,-48.8333,-27.1898,2247.9,False,120.79
c035d4,JZA765,Canada,1773611144.0,1773611145,-121.7184,43.899,10363.2,False,207.73
8852e3,THA941,Thailand,1773611144.0,1773611144,100.3209,14.3402,4907.28,False,177.93
a39cd0,N33167,United States,1773611144.0,1773611144,-117.0658,33.7022,739.14,False,63.02
a2101f,MXY509,United States,1773611145.0,1773611145,-103.7844,31.8933,10660.38,False,250.21
c02ee7,ACA322,Canada,1773611144.0,1773611144,-92.6686,49.8473,11879.58,False,277.1
c821c1,ANZ422,New Zealand,1773611143.0,1773611144,174.8063,-38.3052,7299.96,False,202.69
ace7bf,EDV5367,United States,1773611145.0,1773611145,-77.4163,44.8473,10363.2,False,195.89
c035bf,JZA748,Canada,1773611144.0,1773611144,-80.9982,35.8168,6377.94,False,202.77
ac377b,SWA4223,United States,1773611145.0,1773611145,-73.2839,41.6847,7086.6,False,221.35
a65fb5,N51GJ,United States,1773611145.0,1773611145,-82.7697,28.5335,1257.3,False,144.3
0d10e3,VOI5853,Mexico,1773611143.0,1773611145,-113.0748,37.2307,11277.6,False,286.69
c2b373,CFC3701,Canada,1773611145.0,1773611145,-80.106,47.2485,11277.6,False,253.55
e0b0c9,LVKCI,Argentina,1773610927.0,1773610943,-58.6068,-34.4682,167.64,False,47.3
a2107b,FFT3284,United States,1773611144.0,1773611144,-97.9886,32.3075,4221.48,False,193.4
3c6549,LHX9JW,Germany,1773611144.0,1773611145,12.0343,48.5067,2430.78,False,147.94
7cb036,83C,Australia,1773611124.0,1773611130,150.8468,-31.0888,,True,0.06
a5f938,UAL1766,United States,1773611145.0,1773611145,-100.9309,37.9986,10972.8,False,204.32
4b5da8,,Switzerland,1773611078.0,1773611078,8.5652,47.442,,True,0.19
abadf9,SWA1312,United States,1773611077.0,1773611077,-71.0148,42.3624,,True,0.26
3c4b26,DLH506,Germany,1773611144.0,1773611144,7.8987,48.23,6637.02,False,258.02
a559df,N444EB,United States,1773611142.0,1773611142,-117.1264,33.5822,411.48,False,28.7
a9ea61,N738SP,United States,1773611139.0,1773611145,-122.8991,44.9899,365.76,False,49.85
4b5da1,ATL780,Switzerland,1773611140.0,1773611140,8.5587,47.4536,,True,1.03
39e68b,AFR82DK,France,1773611141.0,1773611141,14.2648,50.1049,,True,0.0
a6ff01,N55VV,United States,1773611144.0,1773611144,-115.2489,36.0681,2164.08,False,76.14
e49f5b,AZU4305,Brazil,1773611095.0,1773611095,-43.198,-22.8678,373.38,False,66.36
ae14c2,MNTNA23,United States,1773611109.0,1773611109,-97.3555,27.8514,693.42,False,75.37
39e68d,AFR7506,France,1773610966.0,1773610966,-1.6359,47.1201,137.16,False,78.0
a4d946,EJA411,United States,1773611143.0,1773611143,-113.3646,37.9265,11582.4,False,254.18
3c6543,DLH982,Germany,1773611144.0,1773611144,1.0081,52.8836,11582.4,False,211.85
3c6541,LHX6AL,Germany,1773611144.0,1773611145,6.0249,48.9122,11582.4,False,210.51
3c4b2f,DLH510,Germany,1773611144.0,1773611144,8.4969,49.5654,2926.08,False,143.84
ab0485,AAL1753,United States,1773611144.0,1773611144,-76.7921,36.736,10972.8,False,199.31
a4503d,DAL1002,United States,1773611145.0,1773611145,-85.8758,32.9321,6842.76,False,246.41
3430cd,VOE75VP,Spain,1773611145.0,1773611145,-1.954,42.5108,11574.78,False,239.11
3430cc,VLG9YL,Spain,1773611143.0,1773611144,1.7259,47.1988,10683.24,False,229.26
e4932a,AZU4076,Brazil,1773611144.0,1773611145,-53.9098,-13.6098,11490.96,False,227.5
a87a97,N6453H,United States,1773611145.0,1773611145,-70.5297,43.3033,1219.2,False,59.8
3c654d,LHX6KW,Germany,1773611144.0,1773611145,11.1125,50.3037,9136.38,False,205.22
3c654a,LHX3NP,Germany,1773611144.0,1773611145,13.8173,47.1411,10058.4,False,239.02
7c6c97,JST781,Australia,1773611145.0,1773611145,142.524,-36.3163,11277.6,False,262.64
7c6c96,JST928,Australia,1773610934.0,1773610943,151.6179,-24.4014,10355.58,False,254.52
a65fae,KOW51,United States,1773611144.0,1773611144,-88.2576,30.7325,14325.6,False,275.09
7c6c94,NWK2982,Australia,1773611145.0,1773611145,116.0471,-30.9827,6042.66,False,216.74
acd4ab,N926CE,United States,1773611144.0,1773611144,-84.3284,40.9693,4404.36,False,156.42
a61949,UAL1528,United States,1773611144.0,1773611144,-103.5876,38.0522,10066.02,False,276.77
39cc8a,CRL910,France,1773611145.0,1773611145,12.667,41.3049,10668.0,False,230.04
7c6c90,JST456,Australia,1773611145.0,1773611145,152.558,-30.8371,10675.62,False,271.68
7c10e2,DMC,Australia,1773611145.0,1773611145,151.2357,-33.3521,792.48,False,60.33
ac1d80,N88WR,United States,1773611144.0,1773611145,-117.7849,34.6664,4251.96,False,173.23
7c6c99,JST604,Australia,1773611145.0,1773611145,148.1064,-35.5499,11277.6,False,264.33
3c4b2a,DLH572,Germany,1773611145.0,1773611145,8.5273,49.6817,2484.12,False,143.13
3c6552,LHX6YU,Germany,1773611144.0,1773611145,8.2481,50.5815,11582.4,False,223.25
a3ecc8,FFT4239,United States,1773611145.0,1773611145,-95.3045,35.3589,10363.2,False,178.53
ad4461,JSX751,United States,1773611144.0,1773611144,-108.3095,32.5161,11277.6,False,231.52
a8e479,BOG72,United States,1773611145.0,1773611145,-80.251,35.7935,2941.32,False,158.29
3c6568,OCN156,Germany,1773611145.0,1773611145,12.2244,47.6687,10668.0,False,243.36
39e684,AFR65DU,France,1773611107.0,1773611140,8.5563,47.4543,381.0,True,0.0
39e683,AFR81GW,France,1773611144.0,1773611144,16.5761,48.1089,182.88,False,61.66
ad444d,JBU1978,United States,1773611144.0,1773611144,-69.726,42.0996,8458.2,False,222.55
39e687,AFR1384,France,1773611144.0,1773611144,8.8062,40.1848,10058.4,False,221.26
ac84fd,N9056V,United States,1773611145.0,1773611145,-116.874,48.1447,2476.5,False,60.93
a83f0b,N630PK,United States,1773611145.0,1773611145,-116.2596,43.856,2133.6,False,48.77
0d10fd,VOI1046,Mexico,1773611117.0,1773611117,-93.9975,21.8588,11269.98,False,257.86
0d10fe,VOI1840,Mexico,1773611144.0,1773611144,-95.332,34.5394,10652.76,False,246.81
adf4c6,N999HE,United States,1773611144.0,1773611145,-117.1399,33.1682,731.52,False,45.51
a52cc8,RPA4461,United States,1773611144.0,1773611144,-89.1346,38.8403,6537.96,False,219.39
a666b9,N511SC,United States,1773611052.0,1773611055,-111.9065,33.6326,464.82,False,3.29
a6afaa,N53SF,United States,1773611144.0,1773611144,-102.5397,32.7421,13106.4,False,185.94
aaca75,SCX6053,United States,1773611145.0,1773611145,-89.1772,39.7666,12496.8,False,249.05
3c6562,OCN11,Germany,1773611144.0,1773611144,-112.3393,38.6487,11361.42,False,279.66
407b70,WUK831,United Kingdom,1773611145.0,1773611145,7.1438,49.6145,10972.8,False,215.26
a69c01,N525FC,United States,1773611145.0,1773611145,-97.2612,30.3222,4069.08,False,163.07
4cc279,ICE631,Iceland,1773611145.0,1773611145,-67.4225,45.6224,11590.02,False,192.67
3c6565,OCN68,Germany,1773611144.0,1773611144,-77.6967,38.4154,12192.0,False,207.29
c08509,ACA947,Canada,1773611144.0,1773611144,-72.0963,40.2127,12192.0,False,240.93
a9f126,N74KV,United States,1773611145.0,1773611145,-75.6174,39.231,1440.18,False,85.91
ac379a,SWA3817,United States,1773611144.0,1773611144,-113.1547,33.2504,11887.2,False,235.6
acd4d7,DAL543,United States,1773611136.0,1773611143,-90.3699,38.75,,True,6.43
e48c30,GLO1607,Brazil,1773611144.0,1773611144,-45.0716,-14.1947,11582.4,False,227.56
a5cc15,UAL2212,United States,1773611145.0,1773611145,-76.3138,39.1215,8229.6,False,248.92
a008c5,DAL518,United States,1773611145.0,1773611145,-74.6419,40.1007,10058.4,False,254.59
ae14ba,MNTNA21,United States,1773611144.0,1773611144,-99.0086,27.5801,1303.02,False,75.65
a5cc12,UAL2743,United States,1773611110.0,1773611110,-74.1705,40.6968,,True,1.54
39e694,AFR89KQ,France,1773611144.0,1773611144,9.8251,45.1666,6248.4,False,200.65
a3fffc,DAL1338,United States,1773611145.0,1773611145,-100.287,30.4223,9136.38,False,194.98
39e697,AFR1767,France,1773611144.0,1773611145,3.3926,48.8075,2438.4,False,129.09
a008c9,DAL2445,United States,1773611145.0,1773611145,-100.4139,34.3933,10668.0,False,255.73
3c656f,OCN132W,Germany,1773611145.0,1773611145,8.4695,47.4681,9364.98,False,254.36
ac71dd,AAL2862,United States,1773611144.0,1773611144,-90.0946,44.259,11879.58,False,260.2
3c656c,DLH560,Germany,1773611145.0,1773611145,8.553,46.892,10005.06,False,253.8
39e698,AFR21SR,France,1773611144.0,1773611144,1.1605,49.7551,6583.68,False,238.92
e49f59,AZU2778,Brazil,1773611144.0,1773611145,-47.7939,-25.2188,9144.0,False,222.49
801793,,India,1773611121.0,1773611121,72.8598,19.0886,53.34,False,83.35
801799,AXB2619,India,1773611144.0,1773611144,74.8371,25.7823,11277.6,False,242.47
a3ecce,LXJ352,United States,1773611144.0,1773611144,-83.4391,28.9279,7924.8,False,216.37
4cc27c,ICE213,Iceland,1773611144.0,1773611144,5.0923,59.1082,11590.02,False,231.63
a400b2,VJA357,United States,1773611144.0,1773611144,-121.8861,37.3226,251.46,False,63.45
40823c,EXS83T,United Kingdom,1773611144.0,1773611144,-9.622,39.4018,11582.4,False,219.34
7c6c79,VPN,Australia,1773611099.0,1773611099,150.9922,-33.9221,,True,0.0
a39e0c,ENY3570,United States,1773611145.0,1773611145,-89.6243,34.7512,10363.2,False,211.31
acc23f,DAL2196,United States,1773611145.0,1773611145,-76.4592,35.5562,10363.2,False,210.01
ada5ee,JBU323,United States,1773611145.0,1773611145,-117.1917,34.0076,5311.14,False,188.07
abb595,SWA678,United States,1773611079.0,1773611126,-112.7129,39.0112,10972.8,False,214.36
0a004b,DAH3000,Algeria,1773611145.0,1773611145,16.0764,47.7813,10972.8,False,229.61
a880c8,RPA3626,United States,1773611144.0,1773611145,-78.0977,38.138,7635.24,False,175.72
3443d3,VLG8469,Spain,1773611144.0,1773611145,-0.2844,38.4223,1440.18,False,144.39
a45091,DAL1672,United States,1773611103.0,1773611135,-111.9757,40.7762,,True,0.0
a84699,EJA632,United States,1773611047.0,1773611051,-90.0279,30.0346,,True,0.0
a03235,AAL274,United States,1773611134.0,1773611142,-103.4266,43.6946,10683.24,False,227.81
a71387,N555RT,United States,1773611145.0,1773611145,-88.1249,29.6111,10972.8,False,165.53
a235b7,SWA4343,United States,1773611105.0,1773611105,-90.3559,38.7381,,True,0.0
a092c8,N136PH,United States,1773611144.0,1773611144,-114.3424,36.028,1371.6,False,65.34
a34ea4,VJA312,United States,1773611143.0,1773611144,-97.4118,33.4264,3040.38,False,169.81
a368ab,N319EG,United States,1773611145.0,1773611145,-116.9659,33.0691,723.9,False,56.79
a0588d,N121MS,United States,1773611144.0,1773611144,-73.5081,41.493,701.04,False,34.34
a3ee0b,UPS233,United States,1773611145.0,1773611145,-70.2722,43.5841,10675.62,False,268.6
c01074,ACA111,Canada,1773611145.0,1773611145,-123.2365,49.303,1958.34,False,124.33
ad42fa,N9536D,United States,1773611145.0,1773611145,-118.5225,34.2094,579.12,False,48.02
3c64b1,DLH810,Germany,1773611145.0,1773611145,13.9383,56.7109,10668.0,False,237.27
3c64a5,DLH6ER,Germany,1773610329.0,1773611142,15.0444,55.4835,10660.38,False,231.97
4aca05,NOZ68L,Sweden,1773611145.0,1773611145,11.9281,63.5074,11277.6,False,243.56
3c64a4,DLH66K,Germany,1773611144.0,1773611145,-0.2718,42.9374,10058.4,False,239.23
a45072,DAL2084,United States,1773611144.0,1773611144,-82.0311,37.7506,9753.6,False,214.26
aa7a83,SWA851,United States,1773611145.0,1773611145,-78.9361,38.7605,10660.38,False,204.62
4aca07,NOZ1719,Sweden,1773611144.0,1773611144,4.3289,55.0298,11277.6,False,253.63
0d10bd,VOI5567,Mexico,1773611143.0,1773611143,-99.0597,20.6927,11277.6,False,238.02
ade252,JBU278,United States,1773611145.0,1773611145,-104.2826,43.0989,10050.78,False,209.56
aba281,AAL1953,United States,1773611141.0,1773611144,-92.8391,32.399,10363.2,False,196.91
a2e806,ASA783,United States,1773611139.0,1773611142,-122.3179,47.4657,45.72,False,79.74
a82052,N6222J,United States,1773611144.0,1773611144,-118.3564,34.3081,2712.72,False,71.14
3c64ac,DLH7AY,Germany,1773611145.0,1773611145,13.8533,46.6324,10668.0,False,229.72
a390ff,AAY337,United States,1773611145.0,1773611145,-76.8373,37.0706,9753.6,False,207.12
e491c3,GLO1438,Brazil,1773611145.0,1773611145,-47.8559,-19.6938,11582.4,False,228.4
a7b0d3,N595JS,United States,1773611144.0,1773611144,-90.0688,35.5959,3154.68,False,79.33
aa31ed,SKW4969,United States,1773611145.0,1773611145,-115.6598,33.8742,9753.6,False,224.01
4080ea,BAW783C,United Kingdom,1773611145.0,1773611145,-0.2792,51.4653,640.08,False,66.88
a3f518,EJA354,United States,1773611145.0,1773611145,-98.626,30.4903,3116.58,False,122.71
4aca13,NSZ5359,Sweden,1773611145.0,1773611145,-0.3947,39.1341,5181.6,False,186.05
a6e055,LAE2513,United States,1773611121.0,1773611121,-79.5397,25.0374,8305.8,False,215.24
a82c98,ASA7004,United States,1773611145.0,1773611145,-123.6527,48.4301,11582.4,False,184.92
addb4a,AAL1056,United States,1773611144.0,1773611144,-76.2741,39.7446,9753.6,False,204.13
e491ad,TAM3346,Brazil,1773611141.0,1773611143,-44.9963,-21.6275,8671.56,False,245.54
4aca0a,NOZ1553,Sweden,1773611145.0,1773611145,11.7072,59.0741,8511.54,False,205.03
4080f6,EZY84RN,United Kingdom,1773611145.0,1773611145,-1.7302,48.8847,8526.78,False,174.4
a1ae05,SWA875,United States,1773611145.0,1773611145,-109.2075,37.9767,8846.82,False,231.71
a04590,N1165M,United States,1773611145.0,1773611145,-122.5863,47.6309,548.64,False,53.92
a95f67,N70275,United States,1773611144.0,1773611144,-117.3184,33.0114,1516.38,False,52.39
ad928d,AMX659,United States,1773611145.0,1773611145,-101.6216,34.6419,10668.0,False,251.36
4aca66,SAS943,Sweden,1773611144.0,1773611144,-85.3169,43.3694,8763.0,False,180.96
4aca65,SAS935,Sweden,1773611144.0,1773611144,-122.5462,37.7827,3657.6,False,186.89
4aca67,SAS953,Sweden,1773611145.0,1773611145,-76.5719,35.7773,12192.0,False,229.96
a5cc63,JJ73,United States,1773611145.0,1773611145,-87.4848,30.9249,381.0,False,54.7
4aca69,SAS4196,Sweden,1773611144.0,1773611144,7.1534,61.7542,9448.8,False,276.79
a88cbf,PDT5797,United States,1773610975.0,1773610975,-78.805,33.9719,2209.8,False,133.32
c81c07,ZKWKT,New Zealand,1773611144.0,1773611144,174.7426,-36.5216,762.0,False,57.82
aa7a61,SWA2315,United States,1773611145.0,1773611145,-77.1028,39.2213,4526.28,False,181.37
a1a21f,AAY4750,United States,1773611144.0,1773611144,-83.7643,32.0614,11269.98,False,230.85
a26b51,AAY3210,United States,1773611145.0,1773611145,-117.8108,33.7671,571.5,False,97.35
a6ec56,AAL2763,United States,1773611145.0,1773611145,-90.2501,34.2681,9753.6,False,199.49
a5cc4c,AAL1910,United States,1773611144.0,1773611144,-85.6246,40.3436,8229.6,False,168.47
7c6c24,RXA6463,Australia,1773611144.0,1773611144,151.1791,-33.9445,,True,10.8
a9c950,N73GH,United States,1773611145.0,1773611145,-83.7217,34.3586,11719.56,False,206.67
a222b2,MXY748,United States,1773611145.0,1773611145,-82.7443,31.1338,9745.98,False,224.52
710415,SVA886,Saudi Arabia,1773611144.0,1773611144,90.0068,22.4743,11879.58,False,302.77
a092ea,EJA136,United States,1773611145.0,1773611145,-96.2415,32.2543,3398.52,False,161.46
a0dbf4,N1544E,United States,1773611118.0,1773611118,-106.4373,42.9065,1706.88,False,32.88
ab77ac,SKW3982,United States,1773611134.0,1773611138,-78.728,42.9364,,True,0.51
a6f326,JIA5627,United States,1773611143.0,1773611144,-93.5522,30.3694,9448.8,False,294.87
ac370b,SWA810,United States,1773611145.0,1773611145,-81.695,31.5864,11277.6,False,228.01
4aca76,SAS295,Sweden,1773611144.0,1773611144,5.5913,60.4818,2034.54,False,115.36
a7398e,ASA775,United States,1773611145.0,1773611145,-148.9864,60.8517,4899.66,False,174.34
4aca78,SAS320,Sweden,1773610831.0,1773610831,5.0151,59.441,914.4,False,100.12
a7c3a2,N6MB,United States,1773611145.0,1773611145,-122.3661,38.0039,1127.76,False,47.1
a34ecc,FFT3880,United States,1773611144.0,1773611144,-102.9267,32.2742,8846.82,False,273.91
a83f63,SKW5174,United States,1773611111.0,1773611118,-104.6777,39.8614,,True,10.29
c01c52,ACA91,Canada,1773611145.0,1773611145,-48.3125,-24.604,10591.8,False,278.82
76b868,TGW531,Singapore,1773611145.0,1773611145,102.6169,1.7509,10005.06,False,240.09
ad9293,DAL1391,United States,1773611144.0,1773611144,-76.7474,40.0059,7551.42,False,206.87
7c1ca5,FD543,Australia,1773611138.0,1773611138,138.5421,-34.9414,,True,21.09
a89fda,FFT3803,United States,1773611133.0,1773611133,-81.7515,26.5287,,True,0.0
4aca6c,SAS4486,Sweden,1773611126.0,1773611126,10.92,63.4551,,True,2.06
a9af3e,FFT3874,United States,1773611145.0,1773611145,-96.3531,31.493,10652.76,False,214.6
a6a3c2,JBU40,United States,1773611144.0,1773611144,-75.5237,9.6764,10355.58,False,237.84
a475a3,DAL526,United States,1773611144.0,1773611144,-97.8975,33.4538,9753.6,False,206.44
a1c868,ASA458,United States,1773611145.0,1773611145,-122.5679,45.7131,10363.2,False,197.45
abfd00,SWA1592,United States,1773611145.0,1773611145,-95.8555,34.4918,10668.0,False,273.01
e02659,ARG1785,Argentina,1773611144.0,1773611144,-58.498,-34.5133,487.68,False,77.76
a355b1,ENY3691,United States,1773611145.0,1773611145,-95.6589,39.1457,3810.0,False,154.43
a90fcb,EJA683,United States,1773611145.0,1773611145,-81.5874,31.2312,11887.2,False,218.26
a5cc82,N473CS,United States,1773610975.0,1773610983,-71.3706,43.5942,533.4,False,56.27
471fa2,WZZ12W,Hungary,1773611145.0,1773611145,13.9474,47.4918,10355.58,False,229.44
c083f8,BBA516,Canada,1773611144.0,1773611144,-74.3999,47.0503,8923.02,False,214.75
ab5dab,SKW3730,United States,1773611133.0,1773611135,-80.0554,32.9226,99.06,False,69.49
a248f9,,United States,1773611063.0,1773611063,-71.1527,42.7363,60.96,False,37.45
44034b,EJU43JC,Austria,1773611145.0,1773611145,0.5359,43.81,8534.4,False,195.09
76b86a,TGW396,Singapore,1773611145.0,1773611145,120.8829,14.4329,762.0,False,74.21
a1c857,N21394,United States,1773611144.0,1773611144,-73.1077,40.656,563.88,False,54.74
471fae,WZZ5PF,Hungary,1773611040.0,1773611138,19.2582,47.4324,,True,0.06
ab64b8,AAL2922,United States,1773611032.0,1773611032,-73.871,40.7762,,True,0.0
a0eeea,UAL207,United States,1773611144.0,1773611144,139.1613,-34.7824,2743.2,False,142.53
a88ccf,AAL1677,United States,1773611118.0,1773611118,-111.9978,33.4384,,True,4.89
ac3731,SWA3495,United States,1773611145.0,1773611145,-86.9477,35.8655,3924.3,False,172.5
aa44cf,UAL1173,United States,1773611144.0,1773611144,-74.3196,40.075,1722.12,False,146.65
4aca4a,NSZ60X,Sweden,1773611145.0,1773611145,3.2686,53.774,10668.0,False,253.58
c81c33,ZKNPK,New Zealand,1773611144.0,1773611144,176.9488,-39.6112,518.16,False,32.96
4a08a5,HYS251,Romania,1773611144.0,1773611145,1.4694,53.0394,11597.64,False,208.62
781a1f,CKK224,China,1773611142.0,1773611143,129.6476,33.149,11582.4,False,200.45
c07ca5,CGVFG,Canada,1773611140.0,1773611145,-114.3773,51.1121,,True,0.0
ad68ba,EJA963,United States,1773611144.0,1773611144,-76.7655,35.2527,13716.0,False,214.59
8015c5,AIC2361,India,1773611144.0,1773611144,86.7269,23.9837,10957.56,False,201.02
a3a5ec,DAL1244,United States,1773611067.0,1773611067,-114.9653,42.7863,10363.2,False,181.24
a27275,N257KW,United States,1773610858.0,1773610858,-121.7692,36.8509,1043.94,False,76.67
aa8bc4,N779PJ,United States,1773611144.0,1773611144,-82.3706,34.1035,777.24,False,68.78
ac9850,SKW5204,United States,1773611144.0,1773611145,-82.6591,41.4004,9753.6,False,219.84
aa4548,AAL112,United States,1773611145.0,1773611145,-79.8278,25.957,4122.42,False,180.51
ac7e1c,TAI445,United States,1773611144.0,1773611144,-79.2302,38.728,10972.8,False,201.44
ab6542,UAL1144,United States,1773611144.0,1773611144,-77.9932,34.9591,8542.02,False,208.09
a8de10,DAL624,United States,1773611145.0,1773611145,-89.1041,30.4131,10668.0,False,268.04
a6685c,N5116M,United States,1773611145.0,1773611145,-121.203,44.0666,1127.76,False,50.39
4080a2,VIR300,United Kingdom,1773611020.0,1773611144,27.9497,43.9801,11277.6,False,260.89
a3f579,,United States,1773611133.0,1773611138,104.45,2.8297,7650.48,False,184.56
ac48f2,SWA4008,United States,1773611143.0,1773611144,-114.3436,34.7466,8351.52,False,207.15
ac984c,BXX10,United States,1773611145.0,1773611145,-106.5516,43.159,12192.0,False,252.21
a39243,JBU2842,United States,1773611144.0,1773611144,-73.9459,39.8981,3756.66,False,194.08
c82349,ANZ043M,New Zealand,1773611142.0,1773611143,174.5514,-37.6528,4579.62,False,104.69
ab0ef9,VXP421,United States,1773611145.0,1773611145,-85.1859,43.4128,7010.4,False,150.18
a6b840,JIA5546,United States,1773611145.0,1773611145,-77.7463,42.9535,2362.2,False,127.46
873356,ANA224,Japan,1773611145.0,1773611145,21.883,46.2214,10660.38,False,251.55
a64e69,VOI1086,United States,1773611145.0,1773611145,-100.1069,25.7785,,True,15.43
aa3e3e,N7593E,United States,1773611145.0,1773611145,-122.8395,48.5966,579.12,False,58.08
ab653d,N833TW,United States,1773611145.0,1773611145,-85.1715,32.1568,3368.04,False,64.79
a38b61,JBU23,United States,1773611145.0,1773611145,-79.5164,28.3731,7315.2,False,198.59
782132,CQH8597,China,1773611145.0,1773611145,104.0125,1.1922,1493.52,False,117.28
ab4b2b,EJM827,United States,1773611145.0,1773611145,-87.2539,41.6692,13716.0,False,268.32
a39e7d,AAY3720,United States,1773611144.0,1773611144,-81.1922,31.7012,11277.6,False,227.84
a2725d,JSX477,United States,1773611144.0,1773611144,-114.9952,33.5294,8183.88,False,228.14
a3db5e,DAL2739,United States,1773611145.0,1773611145,-76.5103,39.6385,10363.2,False,202.74
a63b3c,EJM566,United States,1773611140.0,1773611142,-78.7226,29.9969,10660.38,False,259.55
a3088f,FDX792,United States,1773611145.0,1773611145,-87.7798,36.8556,11277.6,False,277.19
ad68f0,SKW5110,United States,1773611145.0,1773611145,-95.1692,29.9933,929.64,False,94.14
ac1bb2,N88CD,United States,1773611144.0,1773611144,-84.8293,33.3699,746.76,False,52.23
a858f3,NKS551,United States,1773611145.0,1773611145,-85.7245,39.0859,5021.58,False,200.07
a69bd2,N525DF,United States,1773611144.0,1773611145,-91.2825,33.6746,6705.6,False,121.85
ab02c9,N8086K,United States,1773611145.0,1773611145,-118.4942,34.2496,502.92,False,47.94
a475d8,FFT689,United States,1773611140.0,1773611145,-77.0421,38.8466,,True,0.0
ad0851,AAL1914,United States,1773611145.0,1773611145,-78.6382,35.7473,9304.02,False,252.11
8015a5,AIC126,India,1773611145.0,1773611145,-79.5462,47.8277,8839.2,False,293.0
ab5e6c,SWA2567,United States,1773611143.0,1773611143,-106.4052,35.2558,10363.2,False,196.41
a6b868,FRG336,United States,1773610962.0,1773610964,-96.8165,46.907,182.88,False,52.48
aa3e35,N75926,United States,1773611144.0,1773611145,-88.5493,30.2522,1744.98,False,57.53
758479,SRQ9110,Philippines,1773611145.0,1773611145,120.8408,14.4453,2804.16,False,82.4
758477,SRQ6759,Philippines,1773611144.0,1773611144,122.2351,13.5212,4564.38,False,128.9
782144,CSG2712,China,1773610710.0,1773611141,30.4698,41.9243,10058.4,False,261.79
a1fbd9,RPA5644,United States,1773611145.0,1773611145,-71.0124,42.3583,,True,3.34
ab4b54,N827EV,United States,1773611144.0,1773611144,-122.1557,47.8328,480.06,False,36.97
aae2b5,N800JR,United States,1773611145.0,1773611145,-100.809,34.2558,10972.8,False,144.03
39e4ac,AFR93BN,France,1773611091.0,1773611091,2.0845,41.2924,,True,7.2
e0b111,FBZ5903,Argentina,1773611109.0,1773611116,-44.077,-24.0382,9037.32,False,239.72
a2c211,N277SD,United States,1773611143.0,1773611143,-121.5659,38.5336,182.88,False,37.1
a5cbd9,N4727D,United States,1773610968.0,1773610968,-117.1264,33.5821,419.1,False,30.97
ac7e60,DAL1999,United States,1773611144.0,1773611144,-94.586,29.5286,10668.0,False,269.19
a1b573,SWA1214,United States,1773610961.0,1773610963,-117.2014,32.7354,-7.62,True,8.75
abb52c,SWA8603,United States,1773611145.0,1773611145,-87.7827,42.6863,1684.02,False,146.66
aaf5df,EJA805,United States,1773611145.0,1773611145,-79.981,27.8908,6332.22,False,218.35
ac7e63,N904DR,United States,1773611145.0,1773611145,-116.7607,32.9676,1684.02,False,27.88
c8234a,ANZ676,New Zealand,1773611144.0,1773611144,174.8118,-37.6805,3901.44,False,183.21
a88e38,N650RG,United States,1773611145.0,1773611145,-115.9446,43.3871,12192.0,False,206.14
4a08e9,ROT364Q,Romania,1773611145.0,1773611145,16.4803,49.2899,12496.8,False,238.56
aadbe1,N7990W,United States,1773611144.0,1773611144,-119.0115,34.2131,1493.52,False,48.53
885312,THA314,Thailand,,1773611136,,,,False,259.45
782159,DKH1661,China,1773611145.0,1773611145,103.7729,50.9487,10363.2,False,225.84
ac22c5,AAL2630,United States,1773611145.0,1773611145,-103.1949,34.5409,10668.0,False,252.98
c82379,ANZ181M,New Zealand,1773611145.0,1773611145,173.9488,-42.5592,6088.38,False,117.33
0d0a77,VIV2199,Mexico,1773611145.0,1773611145,-99.8565,25.5453,5074.92,False,186.49
a057c7,DAL2099,United States,1773611145.0,1773611145,-86.9161,38.035,11277.6,False,274.36
a09402,N1361M,United States,1773611145.0,1773611145,-122.2459,37.5086,-22.86,False,30.94
aa08d4,CXK1136,United States,1773611144.0,1773611144,-77.8896,38.586,701.04,False,55.82
c06a9b,TSC697,Canada,1773611145.0,1773611145,-71.1984,42.876,9761.22,False,224.18
a6681d,N5114U,United States,1773611144.0,1773611144,-116.609,43.6263,944.88,False,44.83
ac7225,N9004W,United States,1773611144.0,1773611145,-73.5073,40.8379,213.36,False,53.52
4080e4,BAW956,United Kingdom,1773610871.0,1773610871,11.7818,48.3431,,True,20.06
4080e1,BAW469,United Kingdom,1773611145.0,1773611145,-0.4714,51.2522,3055.62,False,130.09
a11721,N17DB,United States,1773611145.0,1773611145,-77.5266,35.8384,13716.0,False,208.5
ac987b,UPS5754,United States,1773611145.0,1773611145,-95.3494,35.1859,10652.76,False,232.76
7c6af3,LR552,Australia,1773611144.0,1773611145,153.3998,-27.6662,3589.02,False,154.67
a39289,JBU449,United States,1773611145.0,1773611145,-71.3161,42.181,5615.94,False,173.89
e491a2,LAN753,Brazil,1773610629.0,1773611070,-49.3568,-25.5309,9128.76,False,219.91
05a0a6,BYD073,Maldives,1773611145.0,1773611145,17.4646,47.242,11894.82,False,233.74
ad8b20,AAL1863,United States,1773610887.0,1773610944,-66.8336,19.4748,9144.0,False,220.45
e491a3,TAM3109,Brazil,1773611145.0,1773611145,-46.8405,-24.7614,8465.82,False,237.78
c06a8d,TSC153,Canada,1773611145.0,1773611145,-79.5107,41.3992,10355.58,False,244.61
e49dde,TAM3506,Brazil,1773611134.0,1773611134,-39.4665,-5.8613,10668.0,False,229.94
4080cf,OMS437,United Kingdom,1773611144.0,1773611144,77.7198,9.7158,10668.0,False,253.58
7c6af9,LR204,Australia,1773611144.0,1773611144,151.0018,-34.1207,3642.36,False,130.29
a3ee58,HPJ352,United States,1773611145.0,1773611145,-91.3575,34.15,12496.8,False,256.1
494104,NJE261V,Portugal,1773611144.0,1773611144,-3.1174,53.5366,8328.66,False,155.5
a057cc,DAL9964,United States,1773611145.0,1773611145,-110.1304,38.3202,11582.4,False,235.38
a6682f,N5115B,United States,1773611051.0,1773611123,-119.3158,36.2032,1920.24,False,54.44
a3a5d9,DAL2766,United States,1773611144.0,1773611144,-118.9549,34.3226,4693.92,False,175.02
a58ed4,N45720,United States,1773610842.0,1773610842,-122.9469,45.4238,-45.72,False,28.41
ac7e80,SKW4790,United States,1773611145.0,1773611145,-96.5565,30.7879,8580.12,False,250.02
0d116b,VOI5587,Mexico,1773611144.0,1773611145,-98.9881,24.897,8321.04,False,196.9
7c6ae2,LR3394,Australia,1773611144.0,1773611145,146.2744,-36.3559,4541.52,False,111.15
acd54d,XSR926,United States,1773611144.0,1773611144,-80.4951,34.3535,6705.6,False,188.52
acce75,EJA924,United States,1773611144.0,1773611144,-75.0628,40.3554,2423.16,False,164.53
a6fea8,N55SF,United States,1773611144.0,1773611144,-117.5318,46.6033,1386.84,False,55.91
8015e5,IGO2343,India,1773611024.0,1773611024,75.4017,25.4751,10972.8,False,211.89
a6b833,DAL1210,United States,1773611143.0,1773611143,-113.4938,37.9492,10957.56,False,269.19
a3a5cf,WSN92,United States,1773611145.0,1773611145,-117.5888,33.1247,3002.28,False,148.76
34324f,IBE07KY,Spain,1773611144.0,1773611144,16.8122,47.9906,1181.1,False,126.49
c02f21,WJA711,Canada,1773611145.0,1773611145,-118.5649,50.3628,10363.2,False,171.48
a64e2a,SKW4972,United States,1773611145.0,1773611145,-112.6198,33.4504,4792.98,False,163.8
c81c9e,ANZ204L,New Zealand,1773611144.0,1773611144,175.1493,-37.3037,3627.12,False,157.96
3c64f4,DLH576,Germany,1773611145.0,1773611145,8.5053,49.2224,3947.16,False,201.76
0d0a8e,AMX809,Mexico,1773611144.0,1773611144,-98.9658,18.8618,4983.48,False,142.25
8015da,IGO1655,India,1773611143.0,1773611144,97.8378,15.3183,10066.02,False,253.75
aae2f1,ECJ80,United States,1773611145.0,1773611145,-82.4142,29.3946,3025.14,False,180.05
a4d8dd,OXF8186,United States,1773611145.0,1773611145,-111.1828,32.39,800.1,False,44.53
4080c1,RUK79GH,United Kingdom,1773611144.0,1773611144,-4.8531,51.4156,9753.6,False,181.24
a2bb83,UAL2477,United States,1773611145.0,1773611145,-82.8361,30.0091,10058.4,False,233.83
ad9e7a,GMH977,United States,1773611145.0,1773611145,-78.8955,29.6455,11559.54,False,196.83
ac6b67,N9KM,United States,1773611145.0,1773611145,-115.8778,33.5026,8229.6,False,195.52
c8237a,ANZ851M,New Zealand,1773611144.0,1773611145,172.4648,-43.0023,3352.8,False,119.59
a39269,KAP3064,United States,1773611144.0,1773611144,-71.1891,41.7512,1676.4,False,64.4
8015f3,IGO6472,India,1773611145.0,1773611145,74.8568,18.9818,6042.66,False,178.74
782189,,China,1773611140.0,1773611140,-128.2111,49.422,10058.4,False,297.32
a4c5d8,JBU424,United States,1773611145.0,1773611145,-100.6909,44.1786,9464.04,False,238.44
0d0a9a,AMX026,Mexico,1773611144.0,1773611145,1.4809,56.4606,10363.2,False,259.0
4080ad,EZY68EQ,United Kingdom,1773611145.0,1773611145,17.858,47.1168,11590.02,False,224.44
88530b,THA352,Thailand,1773611122.0,1773611125,75.46,19.4795,9959.34,False,280.74
0d0a9b,AMX034,Mexico,1773611144.0,1773611144,-70.9551,41.0296,11277.6,False,277.58
a78833,N58479,United States,1773611144.0,1773611144,-84.2589,31.3228,144.78,False,51.18
88530a,THA340,Thailand,1773611144.0,1773611145,98.3913,15.6503,11277.6,False,245.56
a38b84,JBU2922,United States,1773611145.0,1773611145,-78.4525,33.0258,10668.0,False,256.18
a52e5b,ATN3354,United States,1773611143.0,1773611143,-84.4274,33.6281,,True,0.0
728672,IAW4444,Iraq,1773611049.0,1773611049,77.0826,28.5658,,True,0.0
ac70d9,N900TD,United States,1773611145.0,1773611145,-96.4861,29.7135,1440.18,False,88.18
a89597,EJA652,United States,1773611143.0,1773611145,-75.0611,39.2042,1150.62,False,139.26
e48b64,TAM3171,Brazil,1773611144.0,1773611145,-46.4679,-22.0857,10027.92,False,201.36
abb3ec,EJA853,United States,1773611144.0,1773611145,-83.0308,30.6864,10073.64,False,234.95
e48b65,TAM3515,Brazil,1773611145.0,1773611145,-48.1904,-24.3009,11277.6,False,239.46
4bc859,PGT213Z,Turkey,1773611144.0,1773611144,29.686,40.2069,7208.52,False,212.98
ac2380,N881W,United States,1773611142.0,1773611142,-86.2206,31.6034,2941.32,False,83.33
ad3c78,,United States,1773611062.0,1773611062,-84.4405,33.6396,,True,8.23
a8de7d,DAL599,United States,1773611144.0,1773611144,-98.8521,19.5772,4427.22,False,149.32
ac1043,N8769R,United States,1773611145.0,1773611145,-82.8012,27.7286,685.8,False,87.46
ac2375,CTP881,United States,1773611144.0,1773611145,-120.9273,37.7833,6347.46,False,175.38
a99b5f,SKW6222,United States,1773611144.0,1773611144,-97.2487,31.8205,7010.4,False,224.23
c021f6,WJA1023,Canada,1773611144.0,1773611144,-116.524,47.6277,11582.4,False,183.17
4401e8,EJU59FM,Austria,1773611145.0,1773611145,5.2692,42.3955,11582.4,False,214.16
4bc84f,PGT2383,Turkey,1773611145.0,1773611145,29.3705,40.4195,2545.08,False,134.67
4b15d8,EDW84,Switzerland,1773611140.0,1773611143,8.5547,47.4588,,True,0.0
4401d1,EJU493W,Austria,1773610881.0,1773610881,-0.7086,44.8292,,True,8.75
a94bff,UAL2659,United States,1773611138.0,1773611144,-77.8166,34.0273,10363.2,False,207.1
c08478,CGYEH,Canada,1773611144.0,1773611144,-114.716,51.3977,2202.18,False,44.82
a19a21,ASA834,United States,1773611144.0,1773611144,-157.3818,21.1745,4396.74,False,236.17
a0e431,AAL2496,United States,1773611100.0,1773611103,-122.6003,45.5898,,True,0.77
abfc97,SWA1486,United States,1773611145.0,1773611145,-96.986,39.1905,9144.0,False,214.33
34454b,VLG57U,Spain,1773611145.0,1773611145,-5.5409,37.7941,4023.36,False,186.77
a1175a,N17FJ,United States,1773611028.0,1773611028,-114.8026,33.8748,6545.58,False,167.37
a9fe88,JRE743,United States,1773611144.0,1773611144,-105.782,38.122,7924.8,False,132.41
ac1c9d,N88MP,United States,1773611145.0,1773611145,-123.0633,45.9082,11239.5,False,209.52
0d0a3a,SLI979,Mexico,1773611144.0,1773611144,-84.8394,33.6965,6751.32,False,184.65
a1c7c1,UAL435,United States,1773610920.0,1773610920,-74.1784,40.6982,,True,0.39
a7626b,EJA575,United States,1773610906.0,1773610906,-81.0589,29.1961,60.96,False,53.91
344557,VLG8GF,Spain,1773611144.0,1773611144,-16.4253,28.5105,975.36,False,73.1
0d1138,VIV533,Mexico,1773611145.0,1773611145,-112.8476,33.8122,11277.6,False,259.11
ada64d,AAL2870,United States,1773611141.0,1773611144,-80.0482,26.2326,2118.36,False,145.53
70203f,BBC336,Bangladesh,1773611144.0,1773611144,50.7353,22.5976,10058.4,False,304.11
a547b4,N43957,United States,1773611143.0,1773611143,-118.4924,34.2192,,True,0.06
aa92fb,UAL131,United States,1773611145.0,1773611145,-152.2572,67.6685,10363.2,False,250.62
0d112c,AMX172,Mexico,1773611026.0,1773611103,-116.8821,32.5112,601.98,False,75.87
0d112d,AMX423,Mexico,1773611144.0,1773611144,-98.7024,18.7845,5722.62,False,184.15
0d112e,AMX461,Mexico,1773611144.0,1773611145,-71.7279,18.5116,9753.6,False,208.99
408183,EZY53ZD,United Kingdom,1773611145.0,1773611145,-1.5731,52.655,11582.4,False,216.32
4b15ef,EDW135F,Switzerland,1773611143.0,1773611143,8.5578,47.4526,,True,7.72
408184,EZY627N,United Kingdom,1773610872.0,1773610883,-1.7348,52.4551,,True,1.03
aa92ff,UAL863,United States,1773611145.0,1773611145,151.1878,-33.9913,129.54,False,72.15
a297ae,N2660Q,United States,1773611144.0,1773611144,-117.1962,47.4817,2133.6,False,54.21
408181,EZY98PA,United Kingdom,1773611021.0,1773611128,-10.5219,42.8989,11597.64,False,217.39
a87b97,N646AT,United States,1773611096.0,1773611096,-149.8411,61.2168,,True,0.06
0d1146,VIV701,Mexico,1773611107.0,1773611126,-81.319,28.4443,,True,0.0
a87b8a,PDT5951,United States,1773611105.0,1773611116,-79.8219,36.187,899.16,False,113.16
a0a7d6,N141QS,United States,1773611131.0,1773611136,-78.2772,32.079,13716.0,False,243.7
0d113a,AMX584,Mexico,1773611144.0,1773611144,-81.1677,34.0504,8854.44,False,259.12
3c6655,DLH242,Germany,1773610906.0,1773610906,12.2579,41.8545,121.92,False,79.39
ad4390,AAL2661,United States,1773611145.0,1773611145,-73.0294,41.9587,9989.82,False,217.54
c08497,ACA1237,Canada,1773611145.0,1773611145,-79.5442,41.1314,9753.6,False,254.86
ac1080,ES807,United States,1773611145.0,1773611145,-120.8561,38.4752,1325.88,False,55.03
a9a2b4,N72RK,United States,1773611144.0,1773611144,-116.4337,33.8708,2895.6,False,58.37
4bc842,PGT386,Turkey,1773608279.0,1773611144,22.7955,51.9602,10668.0,False,231.82
4401dc,EJU1619,Austria,1773610963.0,1773610963,-0.7136,44.8267,,True,10.8
aa8bfa,ENY3345,United States,1773611145.0,1773611145,-88.8817,40.6573,7010.4,False,126.22
c06a88,TSC9891,Canada,1773611145.0,1773611145,-72.2899,41.136,10972.8,False,215.93
0d1158,VIV2263,Mexico,1773611051.0,1773611051,-96.5166,24.9972,10668.0,False,252.02
a35701,EDV4957,United States,1773611145.0,1773611145,-74.0922,40.5221,1569.72,False,156.4
40815b,EZY59GV,United Kingdom,1773611144.0,1773611144,-8.2559,42.4848,11590.02,False,218.1
40815c,EZY729T,United Kingdom,1773611144.0,1773611144,-3.1944,55.293,4442.46,False,158.05
a0f735,UPS5702,United States,1773611144.0,1773611144,-86.9828,35.6308,9144.0,False,206.4
4bc88c,PGT559U,Turkey,1773611024.0,1773611024,39.7915,40.9934,,True,3.86
a8d206,AAL2143,United States,1773611144.0,1773611144,-112.4024,33.3198,3459.48,False,132.48
a7888c,ASA1315,United States,1773611145.0,1773611145,-119.5027,34.4449,7315.2,False,212.44
738c06,LOY733,Israel,1773609845.0,1773611145,34.8741,32.0151,11582.4,False,78.58
a33d59,MVP665,United States,1773611121.0,1773611136,-81.3434,28.5476,,True,0.0
a9052c,N680WA,United States,1773611144.0,1773611144,-99.7152,32.7787,11856.72,False,251.0
a33d62,DAL1458,United States,1773611143.0,1773611143,-79.4475,27.3858,4739.64,False,163.82
a3db99,LXJ348,United States,1773611145.0,1773611145,-95.6243,30.2389,4084.32,False,179.69
a88e65,VJA650,United States,1773611144.0,1773611144,-87.8305,37.2256,8199.12,False,228.78
a8953c,N652MA,United States,1773611144.0,1773611144,-97.5699,30.4014,365.76,False,28.8
a271c3,N257CT,United States,1773611144.0,1773611144,-123.2757,44.5486,2026.92,False,60.02
a427e3,SUB8903,United States,1773611143.0,1773611143,-81.8758,34.3851,2682.24,False,140.9
4401a3,AOJ1F,Austria,1773611144.0,1773611144,44.334,40.8165,13098.78,False,235.86
a40dbb,EJA360,United States,1773611144.0,1773611145,-112.7811,39.2721,13106.4,False,182.39
a9aec2,XSR723,United States,1773610982.0,1773611095,-93.4584,28.4464,9723.12,False,219.63
a89545,QXE2139,United States,1773610879.0,1773610879,-122.3834,37.6134,,True,3.34
a63b6e,N500RG,United States,1773611137.0,1773611137,-97.6617,30.1885,,True,0.0
a83ef2,NKS1248,United States,1773611144.0,1773611145,-82.3823,30.3407,5181.6,False,127.67
a39dca,FFT4771,United States,1773611144.0,1773611144,-83.7283,37.5638,7711.44,False,235.31
a6ebc6,JIA5095,United States,1773611145.0,1773611145,-77.0787,38.7448,1783.08,False,133.9
a23797,N242BS,United States,1773611144.0,1773611144,-81.8337,26.2772,2994.66,False,137.69
a45d1a,UPS5684,United States,1773611144.0,1773611144,-92.0488,39.9344,10972.8,False,225.36
a5cbeb,N4727X,United States,1773611144.0,1773611145,-120.789,37.3163,1653.54,False,46.21
44b438,JAF11K,Belgium,1773611145.0,1773611145,-3.2189,44.7698,11582.4,False,223.49
a76235,JIA5410,United States,1773611145.0,1773611145,-84.9753,40.5966,10058.4,False,249.21
abf086,N869CP,United States,1773611145.0,1773611145,-117.0128,33.7526,1676.4,False,41.31
a63b75,N500RP,United States,1773611144.0,1773611144,-92.1722,38.4971,12496.8,False,273.9
acc0df,N9202Y,United States,1773611145.0,1773611145,-82.3108,28.5945,1447.8,False,81.3
a271b0,MXY747,United States,1773611145.0,1773611145,-81.8669,36.3388,10972.8,False,215.71
a39dd0,LXJ332,United States,1773611140.0,1773611143,-117.2591,37.9902,13632.18,False,220.45
a952ae,N70EW,United States,1773611145.0,1773611145,-77.4134,37.0304,13708.38,False,228.52
a271b3,N831JN,United States,1773611145.0,1773611145,-71.1654,42.1742,175.26,False,33.44
a5cbf3,UAL1952,United States,1773611145.0,1773611145,-82.966,27.6911,10972.8,False,224.32
a9aed1,N723BG,United States,1773611145.0,1773611145,-89.7476,15.098,5143.5,False,201.66
ad3098,SWA1344,United States,1773611069.0,1773611069,-104.6698,39.8642,,True,5.14
a70bff,EJA553,United States,1773611115.0,1773611115,-108.8599,42.7437,9189.72,False,170.26
ab6519,EDV5516,United States,1773611145.0,1773611145,-75.9159,38.8214,6400.8,False,241.43
4bc881,PGT96WD,Turkey,1773611144.0,1773611145,11.3295,48.1182,10965.18,False,220.45
a8de33,DAL1791,United States,1773611144.0,1773611145,-83.2578,32.2489,8778.24,False,251.15
c0712e,WJA238,Canada,1773611144.0,1773611144,-110.5136,50.8943,11887.2,False,258.74
a4771b,UPS494,United States,1773611145.0,1773611145,-85.7357,38.1476,769.62,False,86.14
ac48ac,SWA3753,United States,1773611145.0,1773611145,-83.727,29.2769,9326.88,False,246.59
a284b5,SWA1102,United States,1773611145.0,1773611145,-105.6502,31.7084,10972.8,False,189.07
ac7e24,N904BC,United States,1773611144.0,1773611144,-77.2519,35.6147,6088.38,False,85.58
e4926b,AZU4373,Brazil,1773611145.0,1773611145,-47.8216,-20.599,5173.98,False,131.63
c08452,PAG191,Canada,1773611144.0,1773611144,-97.055,50.2771,3566.16,False,147.27
e4926f,GLO1405,Brazil,1773611145.0,1773611145,-45.0466,-19.9915,10614.66,False,202.55
aaf5a9,AAL3074,United States,1773611136.0,1773611137,-80.2082,26.0772,213.36,False,78.71
a19a48,RPA5706,United States,1773611144.0,1773611145,-75.0593,39.8576,1554.48,False,134.88
4bc895,PGT582,Turkey,1773611142.0,1773611144,31.0284,32.3964,10073.64,False,227.85
ab15c1,AAY3480,United States,1773611144.0,1773611144,-81.035,33.2463,11277.6,False,220.15
a164e7,N1893L,United States,1773611145.0,1773611145,-122.2108,39.6435,2232.66,False,92.0
aaf5b1,DAL237,United States,1773611144.0,1773611144,-83.6001,29.3626,8153.4,False,234.25
4bc893,PGT450Z,Turkey,1773611145.0,1773611145,15.4127,49.3556,10972.8,False,219.95
a164e9,N1893N,United States,1773611144.0,1773611144,-100.7815,39.6294,12496.8,False,272.24
a75b5e,UPS900,United States,1773611144.0,1773611144,-110.4004,36.7795,11574.78,False,254.77
a845f4,JBU1687,United States,1773611144.0,1773611144,-78.6181,29.2188,10675.62,False,244.26
a1c7e4,UAL927,United States,1773611143.0,1773611144,-65.7252,71.8999,9753.6,False,254.0
a14ad1,UAL1812,United States,1773611144.0,1773611144,-121.9964,37.4976,1737.36,False,130.81
a14ad4,UAL1776,United States,1773611145.0,1773611145,-94.2504,42.2845,10424.16,False,251.19
aaeec5,UAL1894,United States,1773611144.0,1773611144,-106.6329,41.1105,8237.22,False,282.97
44008f,AUA38M,Austria,1773610987.0,1773610987,16.5674,48.1174,,True,0.64
a4996b,DAL1349,United States,1773611145.0,1773611145,-73.9427,40.8307,876.3,False,139.19
4bb47a,MNB508,Turkey,1773611144.0,1773611144,88.9153,23.0441,11582.4,False,227.42
452084,BCS7XA,Bulgaria,1773611144.0,1773611144,19.1503,47.4921,518.16,False,74.62
a47f4f,N38912,United States,1773611144.0,1773611144,-95.7445,30.1607,830.58,False,56.0
a30ffd,FDX51,United States,1773611144.0,1773611144,-82.7072,33.7278,11285.22,False,250.09
a3fcaa,N356SC,United States,1773611062.0,1773611062,-119.4522,36.346,2354.58,False,85.13
ac2d09,DAL2936,United States,1773611145.0,1773611145,-111.5765,41.0494,5394.96,False,224.31
a556c2,N443LF,United States,1773611145.0,1773611145,-122.5839,45.2234,655.32,False,60.05
a72f22,JBU2875,United States,1773611144.0,1773611144,-74.8338,40.5179,10370.82,False,203.49
c2c36d,CFC3472,Canada,1773611144.0,1773611145,-112.6333,37.0527,9753.6,False,258.15
a59f53,SWA8839,United States,1773611144.0,1773611145,-95.3288,29.8034,2697.48,False,150.16
a6d9c3,AAL2579,United States,1773611086.0,1773611086,-97.0344,32.9004,,True,2.31
a4995f,DAL558,United States,1773611144.0,1773611145,-91.7513,42.7503,10668.0,False,228.94
ac4717,UAL1336,United States,1773611144.0,1773611144,-121.5324,36.2829,8229.6,False,198.39
0d0e2c,AMX762,Mexico,1773611089.0,1773611089,-74.9796,5.0959,7505.7,False,198.8
0d0e42,XBONC,Mexico,1773611144.0,1773611144,-97.8744,19.0012,2865.12,False,54.15
aaed17,AAL2537,United States,1773610956.0,1773610975,-81.8413,41.4204,388.62,False,66.01
7c0ad4,CFA,Australia,1773610749.0,1773611144,149.2654,-33.8398,2552.7,False,91.8
a5ef0e,UAL1962,United States,1773611144.0,1773611144,-105.041,42.5561,9448.8,False,212.08
acd296,AAL1744,United States,1773611109.0,1773611109,-97.0349,32.8971,,True,0.0
0d0e46,VOI181,Mexico,1773611144.0,1773611144,-112.2944,29.6654,10660.38,False,243.93
a46c0f,AHF4VP,United States,1773611143.0,1773611143,-70.0075,41.805,289.56,False,60.74
a60f3c,NOAA49,United States,1773611144.0,1773611144,-82.0835,28.3901,3352.8,False,138.28
4068f6,EXS43L,United Kingdom,1773611143.0,1773611143,-2.2843,53.3641,,True,4.89
a36659,UPS1022,United States,1773611144.0,1773611144,-76.3341,42.4363,11277.6,False,268.21
a34c2f,SKW3802,United States,1773611145.0,1773611145,-122.3183,47.619,807.72,False,93.77
440090,EJU934Y,Austria,1773611144.0,1773611145,-0.3849,46.7463,9448.8,False,260.69
4b5d9c,TE782,Switzerland,1773611145.0,1773611145,8.5563,47.4606,,True,5.66
aaed0d,AAL1787,United States,1773611143.0,1773611144,-103.4942,31.0942,11879.58,False,287.01
4b5d9a,ATL783,Switzerland,1773611142.0,1773611145,8.5545,47.461,,True,0.0
aa67b3,N77LL,United States,1773611144.0,1773611144,-112.6386,34.0859,10668.0,False,219.06
a3fcd6,AAL2934,United States,1773610828.0,1773610843,-98.4539,29.5181,411.48,False,80.87
a34c26,N311SP,United States,1773611145.0,1773611145,-111.4348,33.5487,899.16,False,40.86
a58c35,ATN3338,United States,1773611145.0,1773611145,-116.3721,33.6147,7010.4,False,216.45
7c37fd,LCF,Australia,1773611144.0,1773611144,149.9215,-34.002,1638.3,False,67.5
a3795a,JBU1782,United States,1773611145.0,1773611145,-81.3601,33.5545,10668.0,False,236.99
c045a5,HTT351,Canada,1773611144.0,1773611144,-75.0454,39.6146,2103.12,False,135.84
a00694,N100VE,United States,1773611099.0,1773611099,-117.8637,33.6838,38.1,False,69.51
a449e5,DAL1362,United States,1773611145.0,1773611145,-78.4997,36.3165,10668.0,False,252.45
c07b05,ACA1032,Canada,1773611121.0,1773611121,-97.0314,32.8805,,True,0.0
7583e4,APG307,Philippines,1773611145.0,1773611145,120.5521,14.245,1516.38,False,110.24
ab274c,KOW818,United States,1773611125.0,1773611125,-71.2941,42.4616,,True,4.89
3c6485,DLH72M,Germany,1773611144.0,1773611144,-5.8671,41.3414,10058.4,False,225.54
a58c2e,ASA716,United States,1773611144.0,1773611144,-122.3001,45.5176,2202.18,False,153.01
0d0e4f,VTM291,Mexico,1773611144.0,1773611144,-86.1169,39.7572,10378.44,False,190.66
3c6482,DLH04K,Germany,1773611145.0,1773611145,5.2096,43.3764,2209.8,False,120.22
a676c4,SCX3029,United States,1773611145.0,1773611145,-90.824,36.3816,10363.2,False,210.93
3c6487,DLH11F,Germany,1773611145.0,1773611145,-6.434,43.264,10066.02,False,238.6
3c6486,DLH5NC,Germany,1773611145.0,1773611145,12.2441,56.4276,9121.14,False,233.26
4bb46d,MNB630,Turkey,1773611066.0,1773611067,113.7958,23.1435,7673.34,False,230.89
73805c,ELY841,Israel,1773611144.0,1773611144,13.384,46.8393,11582.4,False,218.54
ab2760,DAL1848,United States,1773611145.0,1773611145,-96.2528,28.7837,10668.0,False,274.17
a3fce7,UPS964,United States,1773611145.0,1773611145,-90.0491,36.5921,10370.82,False,200.05
ac340a,SWA515,United States,1773611145.0,1773611145,-103.3816,31.3391,9448.8,False,221.69
ac8dae,N908JB,United States,1773611144.0,1773611144,-84.9318,32.0375,3070.86,False,168.65
0d020b,XAORL,Mexico,1773611145.0,1773611145,-98.1932,19.8209,10980.42,False,195.62
a3661f,AAL2083,United States,1773611145.0,1773611145,-103.1244,32.6069,8229.6,False,260.69
7583eb,PAL103,Philippines,1773611144.0,1773611144,120.7718,14.3712,1470.66,False,91.06
3c648d,DLH2456,Germany,1773611144.0,1773611144,11.2321,54.7904,10363.2,False,233.06
a449cb,UAL2100,United States,1773611144.0,1773611145,-90.9449,35.9241,10363.2,False,196.49
738076,ELY1003,Israel,1773611023.0,1773611035,4.7971,57.7183,10972.8,False,247.37
7c6d52,VVO,Australia,1773611144.0,1773611144,152.9901,-26.8027,335.28,False,57.75
738073,ELY1007,Israel,1773611144.0,1773611145,19.1941,47.0126,10972.8,False,238.82
7583f8,CEB2260,Philippines,1773611144.0,1773611144,120.907,13.8876,3040.38,False,153.17
801877,BOE203,India,1773611144.0,1773611145,-120.3766,47.5846,4739.64,False,165.88
3c6496,EWG47U,Germany,1773611024.0,1773611024,6.7675,51.2846,,True,5.66
0d0e5e,VIV1023,Mexico,1773611145.0,1773611145,-99.2326,19.4055,3139.44,False,109.25
c058bf,ACA1241,Canada,1773610909.0,1773610909,-82.5402,27.9915,,True,0.0
a36636,AAL354,United States,1773611145.0,1773611145,-80.662,25.6979,1196.34,False,119.87
a2597f,SWA777,United States,1773611144.0,1773611144,-106.6837,39.9634,7536.18,False,268.56
7c6d53,VVP,Australia,1773611145.0,1773611145,153.0248,-27.5795,129.54,False,39.94
702086,BBC356,Bangladesh,1773609803.0,1773611139,28.473,42.8554,11277.6,False,264.42
a2d0bb,OXF1122,United States,1773611145.0,1773611145,-111.6935,33.4834,662.94,False,43.23
c080db,ACA1041,Canada,1773610940.0,1773610948,-99.5283,42.079,10972.8,False,222.93
adb723,JBU19,United States,1773611145.0,1773611145,-76.8578,42.8672,9745.98,False,201.17
440057,EJU12FL,Austria,1773611144.0,1773611144,4.8289,49.5231,7452.36,False,180.84
3c4a06,DLH500,Germany,1773611144.0,1773611144,8.3606,49.3503,4099.56,False,212.65
3c4a04,DLH443,Germany,1773611145.0,1773611145,-82.6022,43.0772,6522.72,False,244.11
7820e7,CSC9398,China,1773611145.0,1773611145,102.2246,17.2796,10058.4,False,237.12
abd7d1,RPA4623,United States,1773611145.0,1773611145,-78.9186,43.3725,6050.28,False,197.37
c820b6,ANZ531,New Zealand,1773611144.0,1773611145,173.4792,-40.6074,10972.8,False,227.82
abaaa8,SWA3740,United States,1773611145.0,1773611145,-81.1687,38.4701,10972.8,False,199.88
440c96,EJU13RQ,Austria,1773611145.0,1773611145,4.8641,42.6059,9738.36,False,215.32
a35365,EJA313,United States,1773611145.0,1773611145,-84.0274,34.5876,10309.86,False,214.21
a04e00,DAL873,United States,1773611145.0,1773611145,-73.8424,40.9181,777.24,False,90.91
7c6d9b,QFA418,Australia,1773611144.0,1773611144,149.9734,-34.4842,7056.12,False,227.63
151dd7,,Russian Federation,1773611144.0,1773611144,37.4273,55.9776,,True,3.6
a8913b,JBU828,United States,1773611142.0,1773611144,-81.3144,28.4152,,True,0.0
0d0e04,VOI740,Mexico,1773611137.0,1773611138,-115.1612,36.0852,601.98,False,53.65
738050,ELY1254,Israel,1773611145.0,1773611145,13.7903,45.1105,11277.6,False,233.01
440047,EJU36BU,Austria,1773611144.0,1773611144,8.6063,45.937,5212.08,False,170.25
738054,ELY494,Israel,1773611144.0,1773611144,30.3947,34.5567,11277.6,False,242.56
3453d3,ANE95RP,Spain,1773611144.0,1773611144,7.41,43.729,9883.14,False,219.68
3c4a15,DLH757,Germany,1773611131.0,1773611137,72.7776,19.1747,1417.32,False,141.92
440051,EJU59FR,Austria,1773611030.0,1773611030,14.1406,40.8076,1066.8,False,94.19
738057,ELY454,Israel,1773611141.0,1773611143,19.8513,42.8788,10058.4,False,241.59
738056,ELY452,Israel,1773611145.0,1773611145,28.4476,38.4292,10668.0,False,241.51
ac7aa9,DAL349,United States,1773611145.0,1773611145,-106.1382,31.9496,10058.4,False,249.04
151dcc,AFL1524,Russian Federation,1773610940.0,1773611138,37.4148,55.9644,5265.42,False,27.86
a6290b,N4962L,United States,1773611144.0,1773611144,-122.3027,40.4914,243.84,False,44.29
151dce,AFL1478,Russian Federation,1773610527.0,1773611139,39.6922,55.6133,8321.04,False,27.75
a423d7,DAL9973,United States,1773611145.0,1773611145,-85.7036,41.7414,10363.2,False,239.28
a6b47c,DAL26,United States,1773611144.0,1773611144,-88.5451,46.2778,11887.2,False,254.25
3c6449,DLH974,Germany,1773611144.0,1773611144,4.2275,52.9129,11574.78,False,226.9
ac210e,SWA4220,United States,1773611144.0,1773611144,-111.9563,40.7175,1516.38,False,81.0
aae122,N80SP,United States,1773611145.0,1773611145,-81.0028,38.3903,13106.4,False,204.5
a4cf26,QFA7554,United States,1773611144.0,1773611144,-85.3814,41.5151,5806.44,False,150.38
aaed67,OXF8087,United States,1773611145.0,1773611145,-111.7112,33.448,723.9,False,61.39
a1c3f1,N21244,United States,1773611144.0,1773611144,-123.2017,45.9966,1402.08,False,53.75
0d0e16,VOI7771,Mexico,1773611144.0,1773611144,-95.1483,30.5817,11582.4,False,194.8
3453c1,AEA52QV,Spain,1773611145.0,1773611145,0.9305,39.3541,8183.88,False,221.09
3453c3,VLG18TT,Spain,1773611145.0,1773611145,2.6597,41.3773,1889.76,False,140.45
ad675d,DAL3075,United States,1773611144.0,1773611144,-83.0342,30.4504,7018.02,False,225.23
a3401a,JBU2602,United States,1773611144.0,1773611144,-72.1935,40.4411,4404.36,False,193.48
a1b0c6,N208LS,United States,1773611145.0,1773611145,-84.6874,30.0322,1844.04,False,80.73
a689b8,JBU1275,United States,1773611144.0,1773611145,-76.1567,39.6127,10363.2,False,204.73
4b161b,SWR9LC,Switzerland,1773611145.0,1773611145,13.5583,52.3851,167.64,False,67.92
3c6444,DLH7AX,Germany,1773611144.0,1773611144,9.9595,50.328,7010.4,False,203.27
a423c4,DAL861,United States,1773611145.0,1773611145,-88.6066,39.6523,10363.2,False,204.4
a689bd,N520JG,United States,1773611144.0,1773611145,-112.0299,35.4775,9144.0,False,199.28
7c6d7b,JST505,Australia,1773611145.0,1773611145,144.8341,-37.6487,144.78,False,73.34
7583ae,GAP2771,Philippines,1773611145.0,1773611145,122.1459,13.2805,7962.9,False,255.51
a10c9c,N167KM,United States,1773611145.0,1773611145,-118.5119,34.0286,1043.94,False,74.68
0d0e20,AMX481,Mexico,1773611145.0,1773611145,-112.8425,34.7959,9372.6,False,249.29
a34c58,UPS5956,United States,1773611144.0,1773611145,-89.6654,42.2898,5501.64,False,175.34
a423ac,N366MC,United States,1773611144.0,1773611144,-97.7691,30.2284,1242.06,False,65.9
3c644d,DLH4PP,Germany,1773611144.0,1773611144,5.9916,46.018,2522.22,False,121.86
7c6d7f,JST760,Australia,1773611145.0,1773611145,138.6731,-34.8512,792.48,False,91.69
3c644b,DLH1MJ,Germany,1773610872.0,1773610872,9.1936,48.6889,,True,0.77
7c6d94,QFA414,Australia,1773611143.0,1773611143,151.1827,-33.9409,,True,0.0
a9bde0,N727DH,United States,1773611145.0,1773611145,-92.1466,30.2253,3863.34,False,75.22
7c6d93,QFA732,Australia,1773610980.0,1773610980,151.1745,-33.9291,,True,2.83
ab013c,SCX1610,United States,1773611144.0,1773611144,-93.7304,44.6611,3383.28,False,149.06
7c6d92,QFA642,Australia,1773611135.0,1773611135,121.1742,-32.1661,10660.38,False,255.6
70209e,BBC202,Bangladesh,1773611107.0,1773611139,28.7772,43.5121,11277.6,False,262.95
151ded,SDM6926,Russian Federation,1773611142.0,1773611144,29.4158,59.9371,373.38,False,25.45
151dee,SDM6726,Russian Federation,1773611145.0,1773611145,85.9872,53.0227,10675.62,False,204.03
8a04d7,GIA719,Indonesia,1773611145.0,1773611145,135.7604,-33.0355,10972.8,False,183.71
7c6d99,QFA604,Australia,1773611144.0,1773611144,153.2563,-28.0011,5425.44,False,177.02
800582,AIC173,India,1773611145.0,1773611145,-123.5935,38.8783,9616.44,False,259.37
abc4d8,SWA532,United States,1773611144.0,1773611144,-76.9068,39.2111,3406.14,False,140.57
e0b04f,ARG1305,Argentina,1773611088.0,1773611133,-59.3164,-34.3468,3360.42,False,181.47
a1d813,N218JS,United States,1773611144.0,1773611144,-118.6749,34.0947,1021.08,False,68.35
a005b1,N100LC,United States,1773611144.0,1773611144,-96.5525,44.3065,10805.16,False,222.95
a1d811,RPA5725,United States,1773611145.0,1773611145,-71.1975,41.9669,2004.06,False,140.47
a7ccce,SKW5860,United States,1773611145.0,1773611145,-113.2904,37.1043,10668.0,False,208.17
a11eb4,UPS5014,United States,1773611144.0,1773611144,-81.0378,37.7858,11277.6,False,262.87
440019,EJU47GZ,Austria,1773611145.0,1773611145,3.2424,49.1825,2606.04,False,130.78
a11eb7,AAL2018,United States,1773611145.0,1773611145,-81.4375,26.3898,3032.76,False,139.89
a890a2,N651BZ,United States,1773611144.0,1773611145,-83.0745,28.5428,1981.2,False,98.17
a11eb8,N171UT,United States,1773611144.0,1773611144,-99.2642,25.4382,9448.8,False,170.05
ab624f,N8321M,United States,1773611144.0,1773611145,-121.528,38.6824,1920.24,False,60.8
a6fc4d,N5494P,United States,1773610992.0,1773610995,-122.9457,45.5332,-60.96,False,1.03
a2d0fb,OXF5744,United States,1773611145.0,1773611145,-111.5258,32.4364,2133.6,False,44.04
a7101e,AAL2298,United States,1773611145.0,1773611145,-78.998,26.9567,7010.4,False,229.94
adaee8,AAL1080,United States,1773611123.0,1773611133,-87.261,15.7074,10363.2,False,228.23
a0b823,UAL8215,United States,1773611139.0,1773611143,-92.6639,31.9925,9761.22,False,208.89
ac8237,SKW4662,United States,1773610934.0,1773610935,-95.3059,29.9935,243.84,False,71.51
a46c9a,UAL496,United States,1773611145.0,1773611145,-82.3749,29.0873,4876.8,False,174.83
a0b820,UAL746,United States,1773611144.0,1773611144,-81.6221,38.2442,10355.58,False,197.85
a73690,JBU221,United States,1773611144.0,1773611145,-79.7224,27.6054,5570.22,False,171.7
a4bc91,N404MA,United States,1773611145.0,1773611145,-87.005,34.4275,2514.6,False,67.91
a6f00d,AAL2213,United States,1773611144.0,1773611144,-87.0405,44.8011,9753.6,False,214.92
c820f4,ANZ327,New Zealand,1773611131.0,1773611142,173.632,-42.7076,6012.18,False,181.52
aa914f,BPX262,United States,1773610866.0,1773610866,-84.5749,34.5544,1021.08,False,47.55
a96f81,TWY357,United States,1773611115.0,1773611123,-108.8584,35.472,10972.8,False,214.62
758534,CEB5068,Philippines,1773611145.0,1773611145,121.3337,16.1047,6835.14,False,212.6
c04671,ROU1996,Canada,1773611145.0,1773611145,-96.5218,49.203,10660.38,False,258.57
758532,CEB381,Philippines,1773611144.0,1773611144,122.6388,12.7547,10195.56,False,223.99
accb22,AAL1454,United States,1773611145.0,1773611145,-95.9434,33.9017,10355.58,False,187.45
a59398,AAL457,United States,1773611145.0,1773611145,-117.0528,33.5016,6179.82,False,218.71
758531,CEB5958,Philippines,1773611144.0,1773611144,121.9699,12.9897,9144.0,False,235.66
a770a2,JBU2476,United States,1773611144.0,1773611145,-65.9766,18.7693,3139.44,False,161.54
758530,CEB619,Philippines,1773611056.0,1773611056,121.018,14.5115,,True,1.8
abb245,SWA2234,United States,1773611144.0,1773611144,-97.975,30.3041,3977.64,False,174.13
a7e6cf,SKW5931,United States,1773611144.0,1773611144,-118.2936,33.9631,548.64,False,82.38
ac2bf8,ASH3997,United States,1773611145.0,1773611145,-80.3201,39.0898,9144.0,False,203.2
ac32cf,SWA1494,United States,1773611145.0,1773611145,-112.2279,39.7842,5212.08,False,178.01
c080a4,WJA634,Canada,1773611081.0,1773611081,-79.6207,43.6793,,True,10.29
a258b7,ENY4060,United States,1773611145.0,1773611145,-96.0339,30.6188,9448.8,False,274.78
a97675,SKW4321,United States,1773611145.0,1773611145,-113.1749,38.0281,8229.6,False,208.46
c080a5,WJA447,Canada,1773611145.0,1773611145,-103.5588,52.3494,11582.4,False,211.86
a0fea6,AAL2433,United States,1773611144.0,1773611144,-75.0813,38.6619,4472.94,False,205.08
ad0562,SWA1891,United States,1773611144.0,1773611145,-89.8395,36.9926,11887.2,False,271.54
c080a3,WJA1591,Canada,1773611144.0,1773611145,-84.3446,35.4405,10332.72,False,233.0
a530ee,N4332N,United States,1773611145.0,1773611145,-72.8904,41.3473,937.26,False,55.74
a0fea3,UPS5218,United States,1773611145.0,1773611145,-82.075,38.3097,9448.8,False,270.21
a8697f,FFT1362,United States,1773611143.0,1773611145,-92.5986,37.8495,10675.62,False,266.64
758528,RPC8966,Philippines,1773611145.0,1773611145,120.6303,14.9403,1501.14,False,128.57
adc8e7,AAL1737,United States,1773611134.0,1773611134,-81.319,28.4453,,True,0.0
ac2bfd,ASH3995,United States,1773611144.0,1773611145,-95.3625,29.371,5760.72,False,200.04
a8b964,QXE2338,United States,1773611140.0,1773611142,-118.3095,44.1514,10972.8,False,181.6
a530fb,N43321,United States,1773610993.0,1773610993,-97.6828,27.7713,182.88,False,36.54
a280fe,SWA999,United States,1773611144.0,1773611145,-99.0271,30.7249,5791.2,False,206.35
440037,EJU43CM,Austria,1773611144.0,1773611145,-4.642,40.4523,7551.42,False,220.59
a0b802,UAL695,United States,1773611145.0,1773611145,-83.5296,34.0774,10066.02,False,239.73
440c6f,EJU46JQ,Austria,1773611144.0,1773611144,13.6767,52.5507,2240.28,False,129.76
a890b7,N651CV,United States,1773611144.0,1773611144,-84.0969,30.8042,3840.48,False,128.2
ac32f2,SWA2424,United States,1773611145.0,1773611145,-104.4695,31.6951,10363.2,False,211.69
ab5b8c,SWA4248,United States,1773611144.0,1773611144,-112.0628,33.4277,853.44,False,99.5
440c83,EJU69TN,Austria,1773611144.0,1773611144,13.3342,51.8809,4572.0,False,196.69
a0b803,UAL2058,United States,1773611144.0,1773611145,-80.1536,46.2414,9761.22,False,202.38
adaef6,N981BB,United States,1773611095.0,1773611095,-153.3674,62.8456,3550.92,False,140.84
a2d0d9,OXF5643,United States,1773611005.0,1773611005,-111.9119,32.9958,441.96,False,39.69
a96f66,ERY77,United States,1773611145.0,1773611145,-86.5924,40.0258,8839.2,False,262.72
aa3ae5,UAL373,United States,1773611144.0,1773611144,-123.4024,37.03,5516.88,False,196.01
c080aa,WJA1164,Canada,1773611145.0,1773611145,-113.9945,51.1285,,True,9.26
aa9136,ASA823,United States,1773611144.0,1773611144,-123.8539,48.1803,8176.26,False,224.08
a7d3d3,EJA603,United States,1773611145.0,1773611145,-74.6918,39.4545,11490.96,False,247.22
440030,EJU69ZH,Austria,1773611145.0,1773611145,5.0983,45.5192,1226.82,False,112.64
a83c60,N63LC,United States,1773611144.0,1773611145,-115.0986,35.8264,1463.04,False,84.16
a5e37b,N479KS,United States,1773611145.0,1773611145,-121.975,37.7032,868.68,False,64.26
c080c7,CGWTY,Canada,1773611145.0,1773611145,-114.1928,50.6047,1912.62,False,51.45
a2d0d5,OXF5542,United States,1773611144.0,1773611144,-111.8523,33.1085,640.08,False,48.55
44001f,EJU319V,Austria,1773611145.0,1773611145,4.9578,46.5161,10965.18,False,207.11
a6acff,N5292D,United States,1773611145.0,1773611145,-118.0608,33.7687,952.5,False,40.41
abab79,VAR851,United States,1773611145.0,1773611145,-112.3341,33.4336,579.12,False,52.71
a6f01c,VOS4351,United States,1773611127.0,1773611127,-79.247,25.2612,9448.8,False,218.95
ada2cc,EJA978,United States,1773611145.0,1773611145,-73.9277,39.6582,6400.8,False,235.75
a6bfe8,GJS4580,United States,1773611145.0,1773611145,-88.6047,40.7574,7612.38,False,196.71
a2de24,N284PH,United States,1773611144.0,1773611144,147.2603,-35.065,13716.0,False,283.77
e490f1,TAM3210,Brazil,1773611145.0,1773611145,-47.4948,-20.9631,10972.8,False,235.94
0d0ccc,XAOAV,Mexico,1773611143.0,1773611143,-116.3088,31.3006,8183.88,False,215.17
8960f7,UAE13U,United Arab Emirates,1773611145.0,1773611145,15.461,45.9932,11277.6,False,249.93
7c6d39,VOZ827,Australia,1773611141.0,1773611142,144.8468,-37.6707,,True,0.0
a96f36,N707GS,United States,1773611144.0,1773611144,-123.1389,45.381,960.12,False,19.03
7c6d2f,VOZ461,Australia,1773611144.0,1773611144,117.9333,-32.2875,9265.92,False,246.31
adfe93,PAT899,United States,1773611144.0,1773611145,-85.7563,37.8181,1325.88,False,96.0
a7f9e3,CXK638,United States,1773611145.0,1773611145,-117.3515,33.2177,,True,5.92
ab628c,SWA2334,United States,1773611145.0,1773611145,-94.5472,39.2025,1508.76,False,108.68
a95c08,N702AM,United States,1773611144.0,1773611144,-111.734,34.1102,3208.02,False,93.21
7c6d2b,VOZ1384,Australia,1773610918.0,1773610919,147.8363,-31.2892,10363.2,False,207.89
7c6d2a,VOZ818,Australia,1773611145.0,1773611145,151.1139,-34.3625,7086.6,False,201.67
a95c06,N702AK,United States,1773611145.0,1773611145,-115.9957,34.7937,8351.52,False,222.81
c02c27,CFQSS,Canada,1773611144.0,1773611144,-114.2352,51.4346,1760.22,False,43.96
a96f37,,United States,1773610923.0,1773610923,113.2845,23.287,1127.76,False,117.81
a4c330,N406CU,United States,1773611145.0,1773611145,-79.6338,33.7156,12192.0,False,214.48
a0a536,N1401L,United States,1773611144.0,1773611144,-117.1386,33.151,792.48,False,79.84
a0b866,UAL489,United States,1773610820.0,1773610984,-104.6775,39.8599,,True,0.0
4b1693,SWR2FA,Switzerland,1773611145.0,1773611145,8.6789,47.4488,876.3,False,74.48
a245b7,UAL1565,United States,1773611145.0,1773611145,-112.3434,35.6819,9456.42,False,232.84
aa3abc,N7584Y,United States,1773611144.0,1773611144,-122.9825,48.1436,449.58,False,60.44
a28e53,N264EX,United States,1773611145.0,1773611145,-121.7046,36.9288,1432.56,False,79.51
a0422d,N11571,United States,1773611145.0,1773611145,-122.1721,48.0909,815.34,False,30.47
a3a367,N33302,United States,1773611145.0,1773611145,-89.1813,30.4368,2339.34,False,65.07
a0b86c,UAL431,United States,1773611144.0,1773611144,-102.1989,38.5684,10370.82,False,198.27
a3a366,N33301,United States,1773611138.0,1773611139,-123.3154,39.3458,1920.24,False,66.92
acf89f,DAL728,United States,1773611145.0,1773611145,-121.9862,47.2894,4251.96,False,146.11
49514f,TAP1243,Portugal,1773611020.0,1773611021,-9.148,38.7588,106.68,False,65.26
adfe81,HKY783,United States,1773611143.0,1773611144,15.0728,42.7755,7924.8,False,162.04
a72f56,N562LD,United States,1773611144.0,1773611144,-113.0484,39.1018,10058.4,False,265.25
a78fcf,ASA2613,United States,1773611141.0,1773611141,-117.2334,34.1029,,True,0.0
7c6d30,VOZ1385,Australia,1773611145.0,1773611145,153.4022,-27.3687,2514.6,False,148.48
a91fcf,N68713,United States,1773611145.0,1773611145,-123.2033,45.5948,777.24,False,37.04
a46099,N381SH,United States,1773611051.0,1773611051,-119.7525,39.0071,1356.36,False,15.43
47c1f7,NOZ648,Norway,1773611141.0,1773611141,5.2104,60.3167,320.04,False,70.45
a60f81,N49U,United States,1773611144.0,1773611145,-80.6044,35.4854,3467.1,False,126.59
a0ebab,AAL1887,United States,1773611145.0,1773611145,-87.861,29.9249,10363.2,False,210.88
a4380f,FFT1721,United States,1773611144.0,1773611144,-82.2958,37.9723,11277.6,False,213.1
49514a,TAP1549,Portugal,1773611144.0,1773611144,-9.6905,38.3662,7269.48,False,210.42
49514b,TAP58Y,Portugal,1773610859.0,1773610868,-0.4686,51.4662,,True,5.92
e490ef,TAM3729,Brazil,1773610838.0,1773610838,-45.1376,-19.1274,10988.04,False,226.12
8004a7,AIC2422,India,1773611143.0,1773611143,77.0837,28.5654,,True,4.12
3c4a8c,DLH780,Germany,1773611145.0,1773611145,14.9134,48.7457,9448.8,False,254.35
7c6d32,VOZ817,Australia,1773611145.0,1773611145,150.5309,-34.2358,4008.12,False,189.44
7c6d31,VOZ820,Australia,1773611145.0,1773611145,151.1874,-33.9539,,True,14.92
344197,ANE55YK,Spain,1773611144.0,1773611145,-3.3834,40.3226,1470.66,False,67.81
a4bc76,GTI4804,United States,1773611144.0,1773611144,-87.5032,40.7266,5791.2,False,223.98
84bb13,APJ859,Japan,1773611144.0,1773611144,136.2718,34.1075,10972.8,False,192.85
495150,TAP1022,Portugal,1773611144.0,1773611144,-6.3869,39.7897,9144.0,False,227.61
c03330,JZA573,Canada,1773611144.0,1773611144,-121.9878,44.4371,10972.8,False,207.66
151f0c,SDM6314,Russian Federation,1773609093.0,1773611141,24.0441,59.6884,10668.0,False,246.87
a378b1,N3224Q,United States,1773611140.0,1773611140,-116.6432,33.9042,2019.3,False,86.99
c03f85,WJA1630,Canada,1773610981.0,1773610981,-78.0457,26.5535,8496.3,False,212.62
c0332c,ROU2076,Canada,1773611138.0,1773611138,-113.6347,53.4187,1440.18,False,102.6
a0b844,UAL1773,United States,1773611145.0,1773611145,-82.5341,27.9857,,True,6.94
a0b841,UAL8192,United States,1773611144.0,1773611144,-74.1817,40.6657,0.0,False,69.72
a5d007,ASA401,United States,1773611144.0,1773611144,-113.0966,34.6436,9121.14,False,216.16
a8b926,NKS2890,United States,1773611129.0,1773611129,-74.1739,40.688,,True,2.06
495146,TAP837,Portugal,1773611144.0,1773611144,-4.8648,39.9271,10683.24,False,219.96
7c6d24,VOZ812,Australia,1773611144.0,1773611145,147.0391,-37.2865,8221.98,False,168.07
495149,TAP1366,Portugal,1773611144.0,1773611144,-3.2684,46.2793,10972.8,False,200.2
a0b848,UAL1779,United States,1773611145.0,1773611145,-117.2886,32.757,800.1,False,122.59
a7e6c7,UPS66,United States,1773611144.0,1773611144,-88.173,41.3023,11452.86,False,253.3
440c31,EJU43CG,Austria,1773611144.0,1773611145,11.1833,44.835,11894.82,False,230.35
4b169a,SWR7MV,Switzerland,1773611144.0,1773611144,17.2276,43.0952,11277.6,False,230.08
a1d821,N218KF,United States,1773611060.0,1773611060,-104.847,39.5569,,True,4.37
8960e7,UAE93P,United Arab Emirates,1773611145.0,1773611145,7.0296,48.528,11049.0,False,262.62
aa8a07,UAL501,United States,1773611145.0,1773611145,-98.7385,35.5792,10058.4,False,270.03
aa4dd2,N763MT,United States,1773611144.0,1773611144,-111.5035,35.5616,10203.18,False,283.56
a84f4c,N6342X,United States,1773611145.0,1773611145,-122.6033,47.6881,876.3,False,58.4
a5d00a,VAR474,United States,1773611062.0,1773611062,-112.0745,33.2348,601.98,False,61.41
a61697,N4913G,United States,1773611106.0,1773611107,-121.2006,44.0835,1005.84,False,36.38
a74992,JIA5259,United States,1773611145.0,1773611145,-77.1143,38.9287,548.64,False,67.35
a1be10,RPA5671,United States,1773611124.0,1773611124,-73.8586,40.7712,,True,5.92
aa0759,RPA3447,United States,1773611144.0,1773611144,-74.1834,40.7893,1432.56,False,124.9
ab271c,N818AH,United States,1773611145.0,1773611145,-118.4392,33.558,1341.12,False,67.49
ab0d15,AAL999,United States,1773611145.0,1773611145,-116.9393,33.5006,8511.54,False,239.8
a73665,GJS3377,United States,1773611145.0,1773611145,-94.0377,45.4694,11582.4,False,233.58
344297,AEA5031,Spain,1773611145.0,1773611145,-4.3092,36.429,1249.68,False,115.5
a41e4e,N36456,United States,1773611144.0,1773611145,-71.125,42.9864,800.1,False,40.09
a52b19,FFT3406,United States,1773611145.0,1773611145,-104.8525,40.0558,4038.6,False,159.89
4b027c,EZS74AJ,Switzerland,1773611144.0,1773611145,6.7005,48.5806,9189.72,False,218.2
47c1c2,SAS929,Norway,1773611145.0,1773611145,-82.292,35.4158,10553.7,False,219.73
8016da,IGO092,India,1773611143.0,1773611143,51.8216,22.0969,10668.0,False,288.62
a2d218,TWY281,United States,1773611144.0,1773611144,-120.2915,37.1911,7132.32,False,205.1
a35efa,AAL2264,United States,1773611145.0,1773611145,-103.3081,32.5408,10058.4,False,260.49
c04602,ANT540,Canada,1773611145.0,1773611145,-123.1932,49.1884,-99.06,False,58.53
4b0281,EZS45YA,Switzerland,1773611145.0,1773611145,6.0203,46.1776,830.58,False,80.39
c04604,ANT559,Canada,1773611084.0,1773611127,-125.5721,52.0713,10668.0,False,241.61
a35ef1,AAL424,United States,1773611145.0,1773611145,-97.5821,44.3735,9448.8,False,250.53
a1be5c,N211MR,United States,1773611145.0,1773611145,-118.8121,34.797,2720.34,False,75.53
a4d5c7,SKW3100,United States,1773611145.0,1773611145,-117.4075,44.7003,11277.6,False,282.98
a28e6c,LXJ264,United States,1773611070.0,1773611141,-101.0844,41.1093,12496.8,False,252.82
a52b1f,LXJ432,United States,1773611145.0,1773611145,-85.4142,37.4958,12496.8,False,199.77
a35eeb,UPS770,United States,1773611145.0,1773611145,-93.8337,31.071,8549.64,False,191.86
0d0cb1,,Mexico,1773610916.0,1773610922,-87.0119,21.0157,1348.74,False,128.41
a890fe,FFT1949,United States,1773611145.0,1773611145,-87.2246,32.073,9753.6,False,208.37
a72ea5,N562DB,United States,1773611145.0,1773611145,-101.6236,29.8736,13091.16,False,169.1
781b5b,CCA445,China,1773611143.0,1773611144,87.6526,52.7512,10972.8,False,202.17
405636,EZY87MG,United Kingdom,1773611145.0,1773611145,4.1218,48.8083,10965.18,False,208.42
aab841,CKS977,United States,1773611142.0,1773611142,-170.0184,59.0261,9448.8,False,251.06
405638,EZY63RX,United Kingdom,1773611144.0,1773611144,-6.3576,52.8067,10759.44,False,204.44
a40b12,N36MM,United States,1773611144.0,1773611144,-78.8961,27.4522,7002.78,False,221.91
a27b58,N2590U,United States,1773611145.0,1773611145,-78.3767,37.1236,5341.62,False,101.49
e4917c,PRGNU,Brazil,1773611143.0,1773611144,-46.5654,-23.5362,1013.46,False,73.07
a2cb12,UAL198,United States,1773611145.0,1773611145,-120.8592,35.3221,10363.2,False,237.28
4891b3,ENT4352,Poland,1773611145.0,1773611145,19.5612,51.9942,11582.4,False,227.5
c03f37,WJA541,Canada,1773611145.0,1773611145,-104.9365,50.5714,9745.98,False,204.51
0d0cab,XBMLB,Mexico,1773611145.0,1773611145,-99.6802,24.7849,2065.02,False,71.55
a5320b,ASA93,United States,1773611145.0,1773611145,-146.3735,60.3069,9753.6,False,219.07
896110,UAE359,United Arab Emirates,1773611143.0,1773611143,76.6806,13.4831,10363.2,False,229.51
34558c,RSC73UJ,Spain,1773610871.0,1773610872,-16.3268,28.4798,3962.4,False,131.83
a0b889,UAL2738,United States,1773611141.0,1773611142,-81.7666,26.5273,,True,7.2
7c7eef,CFH24,Australia,1773611056.0,1773611056,150.9932,-33.9169,,True,1.03
a125f9,SKW3028,United States,1773611055.0,1773611055,-115.1405,36.0845,,True,6.94
8016c7,AXB2739,India,1773611144.0,1773611144,75.5426,13.3722,11277.6,False,243.28
c1ea69,WLD12,Canada,1773611098.0,1773611106,-114.025,51.1088,,True,5.66
a6784c,LXJ516,United States,1773611143.0,1773611143,-82.2789,30.5804,2880.36,False,150.55
ac3eba,SWA3870,United States,1773611144.0,1773611144,-79.3888,27.7591,6400.8,False,161.25
a0b88f,UAL1323,United States,1773611144.0,1773611144,-108.9459,38.0971,9464.04,False,213.66
7c6bb9,JST24,Australia,1773611141.0,1773611141,153.1171,-27.4008,,True,9.77
a365b7,DAL2017,United States,1773611144.0,1773611144,-98.7124,30.3917,7703.82,False,193.15
4b028e,SWR5TV,Switzerland,1773611145.0,1773611145,8.7829,47.4413,1356.36,False,77.66
a8e0de,EJA671,United States,1773611144.0,1773611144,-76.5856,38.5998,10614.66,False,259.39
a35ebd,N316ST,United States,1773611144.0,1773611144,-86.3115,36.6748,3429.0,False,118.12
781b80,CSS174,China,1773611040.0,1773611046,78.4861,13.9207,8100.06,False,252.85
a65e4e,N5094L,United States,1773611144.0,1773611144,-121.4307,45.6986,731.52,False,41.42
a41e29,UAL2340,United States,1773611144.0,1773611144,-121.6342,46.4895,6576.06,False,245.07
a4cef8,N409KG,United States,1773611144.0,1773611144,-115.1094,35.4225,9753.6,False,270.31
a0b88b,UAL360,United States,1773611145.0,1773611145,-108.3521,38.3297,10058.4,False,214.66
a0b88a,UAL1577,United States,1773611144.0,1773611144,-98.5818,44.8366,10355.58,False,221.99
406947,BAW15K,United Kingdom,1773611144.0,1773611144,-73.1221,40.6576,2125.98,False,127.0
a6652b,JIA5639,United States,1773611137.0,1773611137,-77.0398,38.8695,0.0,False,71.58
a35ed5,N316TS,United States,1773611142.0,1773611142,-120.3637,34.6251,1043.94,False,81.09
a16e7d,UAL2191,United States,1773611145.0,1773611145,-97.4211,43.1524,10363.2,False,220.43
a15b4c,EDV5444,United States,1773611145.0,1773611145,-77.0846,37.6321,2758.44,False,165.42
a9502a,N7DC,United States,1773611144.0,1773611144,-117.8433,33.8209,891.54,False,75.1
345583,ANE60FB,Spain,1773611145.0,1773611145,-3.4517,40.3901,1158.24,False,71.52
a9c66a,EJA729,United States,1773611144.0,1773611144,-98.2176,41.1351,13106.4,False,222.7
a95c89,FFT3645,United States,1773611129.0,1773611129,-108.5557,34.8702,7315.2,False,211.47
aa18a6,N75KW,United States,1773610918.0,1773610922,-117.0202,33.7309,,True,0.06
758560,APG322,Philippines,1773611145.0,1773611145,122.7229,13.1202,10050.78,False,228.56
471d61,WMT661,Hungary,1773611145.0,1773611145,9.5617,41.2447,10363.2,False,211.52
471d66,WZZ6MA,Hungary,1773611144.0,1773611144,18.8972,47.5888,1615.44,False,112.08
471d64,WMT7KB,Hungary,1773611145.0,1773611145,20.7056,47.1048,11269.98,False,212.57
a9b33b,ECJ72,United States,1773610942.0,1773610942,-75.4437,40.6491,,True,5.4
471d65,WZZ5QP,Hungary,1773611145.0,1773611145,15.9978,46.7,8587.74,False,195.62
acf849,AAL1393,United States,1773611145.0,1773611145,-99.6689,26.8309,11277.6,False,234.28
ab12b0,VXP466,United States,1773611145.0,1773611145,-82.9495,28.3326,3261.36,False,141.77
a46bf6,UPS986,United States,1773611144.0,1773611145,-85.747,38.0625,2369.82,False,112.87
a2cb5e,N2798C,United States,1773611144.0,1773611144,-121.1795,36.5372,3474.72,False,80.67
75854a,ATX5112,Philippines,1773611144.0,1773611145,121.0048,14.5229,167.64,False,61.84
ab5b2b,SWA2589,United States,1773611142.0,1773611143,-122.213,37.7113,,True,0.0
a2e57e,ENY4165,United States,1773611144.0,1773611145,-110.9038,34.2706,7315.2,False,201.66
a5d068,N474EP,United States,1773611143.0,1773611143,-73.4971,41.3885,243.84,False,34.34
acf846,ASA415,United States,1773611144.0,1773611144,-101.6945,38.6262,9753.6,False,200.26
ab6229,SWA907,United States,1773611065.0,1773611065,-76.6664,39.1842,,True,2.06
43eada,MOVIE,United Kingdom,1773611145.0,1773611145,26.9599,40.9263,12192.0,False,249.56
aa9073,N78ZG,United States,1773611144.0,1773611144,-97.4317,33.145,13716.0,False,185.94
3991e6,AFR69NP,France,1773611144.0,1773611145,-1.0162,43.6521,10668.0,False,238.3
3991e0,AFR57DN,France,1773611145.0,1773611145,8.7375,45.5772,441.96,False,70.93
abb205,SWA2031,United States,1773611141.0,1773611143,-121.9161,37.3554,,True,0.0
ac2bb7,ASH6355,United States,1773611144.0,1773611145,-81.3361,32.1215,1303.02,False,121.78
ac2bb6,ASH6310,United States,1773611144.0,1773611144,-94.9217,30.0105,998.22,False,105.18
3991e9,AFR14JJ,France,1773611144.0,1773611144,-7.6496,40.6116,9448.8,False,233.78
a890c7,DAL8933,United States,1773611144.0,1773611144,-95.465,40.0197,10058.4,False,262.33
75855b,PAL118,Philippines,1773611143.0,1773611145,-163.1711,59.3344,11887.2,False,259.84
ac3ee9,SWA1278,United States,1773611145.0,1773611145,-90.7561,33.4766,10972.8,False,195.07
471d5b,WZZ8MU,Hungary,1773611144.0,1773611144,16.2775,47.6098,6195.06,False,177.22
a2e56d,N286MW,United States,1773611145.0,1773611145,-122.7738,38.0423,1325.88,False,80.75
782293,CKK236,China,1773606994.0,1773611141,23.4185,60.1824,10668.0,False,265.15
ac952b,WWI91,United States,1773611144.0,1773611144,-108.2531,39.9061,13716.0,False,232.75
a9b357,N724KP,United States,1773611144.0,1773611144,-122.3797,47.6035,274.32,False,89.65
471d5c,WZZ877,Hungary,1773611144.0,1773611145,19.2304,47.4416,121.92,False,61.18
a472c7,N386NG,United States,1773611144.0,1773611144,-117.266,34.0151,2430.78,False,131.61
a3c8cb,DAL3014,United States,1773611144.0,1773611144,-81.1407,32.3086,3505.2,False,174.07
ad185f,DAL3037,United States,1773611144.0,1773611144,-83.8261,34.1012,4343.4,False,157.24
484410,KLM773,Kingdom of the Netherlands,1773611144.0,1773611144,-64.969,18.2438,11582.4,False,223.0
a472ac,N386ME,United States,1773611111.0,1773611111,-122.8752,42.3713,,True,6.43
ad9b28,AAL3128,United States,1773611143.0,1773611144,-106.6916,31.8718,8839.2,False,248.91
ac8217,DAL2500,United States,1773611142.0,1773611142,-78.6174,30.7867,10363.2,False,228.02
ab0bda,N8101C,United States,1773611145.0,1773611145,-119.7099,38.796,3131.82,False,79.06
a0428a,AAL394,United States,1773611144.0,1773611144,-84.1258,40.6372,11277.6,False,269.3
ac2bc6,SWA1288,United States,1773611145.0,1773611145,-93.4036,44.6536,2590.8,False,131.69
a1c57e,RPA5718,United States,1773611145.0,1773611145,-72.4823,41.9727,4130.04,False,168.49
a41e74,UAL1283,United States,1773611145.0,1773611145,-78.3369,41.5569,10828.02,False,257.79
758538,APG603,Philippines,1773611145.0,1773611145,121.0432,13.6366,6774.18,False,212.71
758558,PAL423,Philippines,1773611144.0,1773611144,120.9573,14.4741,289.56,False,64.96
c1ea39,TR174,Canada,1773611144.0,1773611144,-114.0164,51.1319,,True,7.72
8003e2,AIC188,India,1773611107.0,1773611114,-65.2816,49.0462,9448.8,False,301.37
ab6247,SWA2700,United States,1773611145.0,1773611145,-107.4479,36.6744,8534.4,False,228.83
4246a2,AZG5334,United Kingdom,1773611142.0,1773611145,90.401,23.8505,,True,0.13
a4e8d2,N415XT,United States,1773611136.0,1773611145,-121.9353,37.3624,,True,0.0
a1b247,N2081S,United States,1773611064.0,1773611065,-70.7131,43.2695,335.28,False,57.82
151e5c,PBD536,Russian Federation,1773609828.0,1773611142,20.0917,55.4045,11277.6,False,4.12
a7239e,N5593C,United States,1773611144.0,1773611144,-117.1916,33.2008,1943.1,False,95.57
c08177,ASP826,Canada,1773611144.0,1773611144,-103.2741,33.9521,12192.0,False,198.09
c81b8f,ZKOCC,New Zealand,1773610993.0,1773610997,174.2315,-39.1939,266.7,False,34.25
a352c9,EJM313,United States,1773611145.0,1773611145,-122.2333,40.059,12192.0,False,206.6
abb222,SWA3774,United States,1773611145.0,1773611145,-115.8462,34.1488,9319.26,False,224.8
ab5b66,SWA938,United States,1773611144.0,1773611144,-91.23,39.8468,11277.6,False,262.1
a39b56,UPS5354,United States,1773611144.0,1773611145,-84.7866,35.0641,10058.4,False,226.3
c82284,ANZ640M,New Zealand,1773611144.0,1773611144,171.7816,-43.6937,5013.96,False,145.82
ab0bed,N8101X,United States,1773611144.0,1773611144,-116.6298,43.5967,1143.0,False,39.56
ac2bd5,ASH6180,United States,1773611144.0,1773611144,-82.4139,40.846,10668.0,False,266.13
40697c,SHT8K,United Kingdom,1773611144.0,1773611144,-3.2293,55.9984,662.94,False,65.55
40697b,BAW955L,United Kingdom,1773610865.0,1773610865,-0.4498,51.4649,38.1,False,67.39
344218,ANE1173,Spain,1773611144.0,1773611144,3.3159,41.7231,9639.3,False,217.83
a913ee,N684V,United States,1773611144.0,1773611144,-121.0143,37.5128,426.72,False,74.64
abd86d,N862YB,United States,1773611144.0,1773611144,-106.6171,35.1194,1844.04,False,48.98
abab34,N851BM,United States,1773611144.0,1773611144,-97.8723,30.7858,7040.88,False,162.2
345543,ANE69NZ,Spain,1773611144.0,1773611145,-4.9843,39.9143,7772.4,False,222.64
a83be2,N63FB,United States,1773611144.0,1773611144,-104.586,32.3262,6096.0,False,103.79
a12731,UAL1065,United States,1773611112.0,1773611112,-74.1714,40.6925,,True,5.14
a77e97,DAL2742,United States,1773611028.0,1773611069,-81.32,28.437,,True,0.0
151da0,AFL1947,Russian Federation,1773610935.0,1773610935,50.0005,53.119,10972.8,False,41.18
ad03c4,DAL1333,United States,1773611145.0,1773611145,-87.019,40.0387,10668.0,False,205.77
abd6ed,GTI7481,United States,1773611144.0,1773611144,-0.1052,51.7333,9136.38,False,205.99
a5dbef,SCJ47,United States,1773611144.0,1773611144,-88.1029,42.9089,1493.52,False,82.33
7584a9,CEB050,Philippines,1773611144.0,1773611144,121.0174,14.5131,,True,5.92
7cb05e,QLK70D,Australia,1773610979.0,1773610984,144.8479,-37.6653,,True,5.14
7cb05c,QLK872D,Australia,1773611139.0,1773611139,151.7564,-25.004,7315.2,False,168.54
a8e20f,DAL1756,United States,1773611144.0,1773611144,-82.3034,26.1199,11582.4,False,227.94
aca991,N915DH,United States,1773611143.0,1773611144,-108.9578,36.3273,12496.8,False,206.45
0d0d8d,VOI1781,Mexico,1773611145.0,1773611145,-97.6384,26.9606,11582.4,False,197.67
801800,IGO2296,India,1773611144.0,1773611144,77.4852,28.4066,4625.34,False,157.96
a88b46,N65KD,United States,1773611140.0,1773611140,-123.6993,46.1338,1402.08,False,47.56
aaa3f2,JRE785,United States,1773611144.0,1773611144,-95.0999,30.4956,7010.4,False,193.26
aa3b85,AAL341,United States,1773611144.0,1773611145,-87.9125,44.8697,11582.4,False,211.06
a53287,FFT4018,United States,1773611144.0,1773611144,-82.4157,29.5018,6400.8,False,167.25
a9aba2,GTI8571,United States,1773611144.0,1773611144,3.0381,41.1386,9753.6,False,249.65
abc3c6,SWA704,United States,1773611144.0,1773611145,-111.976,40.7807,,True,10.29
42479c,,United Kingdom,1773611144.0,1773611144,-83.3221,42.236,441.96,False,63.76
aa9bfd,N783DG,United States,1773611145.0,1773611145,-117.4371,33.1901,1043.94,False,51.26
7cb066,QLK20D,Australia,1773611139.0,1773611139,151.1818,-33.9306,,True,0.0
ad4c2a,AAL324,United States,1773611130.0,1773611143,-119.2035,39.1742,5212.08,False,172.45
7cb067,,Australia,1773611088.0,1773611097,151.1775,-33.9337,,True,0.0
0d014b,XAEVG,Mexico,1773611067.0,1773611069,-95.2349,29.6859,350.52,False,60.27
ac2c79,SWA4607,United States,1773611145.0,1773611145,-115.1017,35.6151,3825.24,False,163.03
3c6518,DLH401,Germany,1773611144.0,1773611144,-72.7109,41.5698,6560.82,False,244.59
acdcc0,JSX881,United States,1773611143.0,1773611144,-78.2302,33.3335,11277.6,False,239.4
a16db9,AAL2112,United States,1773611145.0,1773611145,-111.9934,33.4314,,True,4.12
a7bb30,N598AS,United States,1773611144.0,1773611144,-85.8061,36.1917,2209.8,False,103.34
ada309,N978TC,United States,1773611144.0,1773611144,-104.1852,33.4595,7620.0,False,251.68
a6c88e,AAL2098,United States,1773611141.0,1773611145,-80.9834,35.0389,2225.04,False,127.73
aca99c,DAL2036,United States,1773611145.0,1773611145,-77.5183,38.9789,10363.2,False,205.71
3c6523,LHX7LT,Germany,1773611145.0,1773611145,17.9248,47.1028,10668.0,False,234.18
a12710,UAL1558,United States,1773611145.0,1773611145,-74.761,40.351,2217.42,False,159.44
a12712,UAL1186,United States,1773611121.0,1773611121,-74.1751,40.6867,,True,2.31
a6a267,N5266E,United States,1773611145.0,1773611145,-90.0022,30.0324,335.28,False,49.52
a6b593,N531QS,United States,1773611079.0,1773611079,-81.1391,29.5063,403.86,False,79.06
ac2038,SWA4355,United States,1773611144.0,1773611145,-116.1586,33.6966,8336.28,False,236.22
151dbb,AFL270,Russian Federation,1773611145.0,1773611145,76.5212,30.7664,10668.0,False,261.66
896199,UAE7Q,United Arab Emirates,1773611072.0,1773611072,74.2062,17.2364,11582.4,False,221.11
151dbc,AFL278,Russian Federation,1773609683.0,1773611142,74.1301,30.5999,10058.4,False,29.86
3c6521,LHX05X,Germany,1773611079.0,1773611080,2.1053,41.3063,7.62,False,65.4
a352fc,N313LM,United States,1773611145.0,1773611145,-111.7265,40.176,1485.9,False,51.18
c02ae3,WJA2133,Canada,1773611144.0,1773611144,-79.5932,40.7608,10668.0,False,244.26
c031ba,ASP716,Canada,1773611144.0,1773611144,-114.8978,35.8849,13716.0,False,166.58
a39b94,JNX01,United States,1773611144.0,1773611144,-98.2826,32.637,12131.04,False,150.25
7c6c9a,JST929,Australia,1773611145.0,1773611145,151.2488,-25.418,10668.0,False,215.31
151db3,AFL232,Russian Federation,1773610950.0,1773611142,74.5755,31.3184,10668.0,False,277.15
a88b64,LN65LJ,United States,1773610975.0,1773610975,-82.5183,27.9729,,True,0.0
ad4c60,EJA956,United States,1773611144.0,1773611145,-75.9637,41.6134,13053.06,False,157.75
3c4b21,DLH423,Germany,1773611144.0,1773611144,-71.0131,42.3561,,True,1.8
a8922f,N651TW,United States,1773611144.0,1773611145,-104.6908,31.6384,12192.0,False,161.34
3c15c1,OCN64,Germany,1773611144.0,1773611144,-82.256,28.6076,3375.66,False,145.09
a96ef5,N707EB,United States,1773611144.0,1773611144,-70.4827,41.8173,2278.38,False,70.07
a04db8,AER53,United States,1773611145.0,1773611145,-150.2671,60.9197,1676.4,False,94.71
abc3ec,SWA3298,United States,1773611109.0,1773611109,-84.4345,33.6366,,True,6.69
a1270b,UAL365,United States,1773611145.0,1773611145,-99.2086,33.442,10058.4,False,261.04
151dac,AFL204,Russian Federation,1773611145.0,1773611145,82.2193,55.3331,10058.4,False,267.11
a7ce6c,N6018F,United States,1773611016.0,1773611016,-74.9918,40.5723,419.1,False,53.15
a90229,N68PF,United States,1773611145.0,1773611145,-83.8701,35.0186,2781.3,False,65.99
a2e58b,ASI9573,United States,1773611144.0,1773611144,-112.1624,33.9494,1828.8,False,49.05
a1fa00,N2262Y,United States,1773611144.0,1773611144,-117.7164,33.7552,1059.18,False,49.7
a12777,UAL1579,United States,1773611145.0,1773611145,-95.6944,44.4504,10668.0,False,255.95
a12778,UAL1326,United States,1773611135.0,1773611139,-97.6726,30.2003,,True,0.0
7c384f,LEP,Australia,1773611144.0,1773611144,148.8251,-33.4071,12496.8,False,293.37
a5e2a1,ATN3347,United States,1773611144.0,1773611145,-94.7132,31.1792,10972.8,False,210.01
060036,MAU844,Mauritius,1773611145.0,1773611145,18.6374,-34.0741,1234.44,False,114.34
a0b7dc,UAL1053,United States,1773611144.0,1773611144,-121.4506,38.296,5516.88,False,229.23
a4c2ad,JBU2010,United States,1773611145.0,1773611145,-104.5968,31.6904,10668.0,False,259.71
896178,UAE81W,United Arab Emirates,1773611145.0,1773611145,-99.1374,19.398,2506.98,False,85.58
a3fe8c,N3568E,United States,1773611106.0,1773611133,-70.9871,41.6769,91.44,False,38.83
a04dfa,DAL528,United States,1773611098.0,1773611098,-84.444,33.6336,,True,13.38
a72ef7,GJS4418,United States,1773611144.0,1773611144,-76.8817,41.3053,8839.2,False,243.83
a3a2db,N333VM,United States,1773611145.0,1773611145,-119.4143,35.5861,3459.48,False,93.06
ac205f,SWA1843,United States,1773611145.0,1773611145,-81.32,28.4378,,True,0.0
a7851c,DAL740,United States,1773611145.0,1773611145,-74.1528,44.713,9136.38,False,223.12
0d0d61,XAFTY,Mexico,1773611144.0,1773611144,-95.162,20.7132,13106.4,False,214.55
80183b,IGO237P,India,1773611143.0,1773611143,80.5945,26.6734,11277.6,False,272.91
a4bbde,DAL268,United States,1773611145.0,1773611145,-81.8361,25.4037,12192.0,False,236.71
0d0d67,XBEDY,Mexico,1773611145.0,1773611145,-97.2607,18.7382,2827.02,False,66.22
801848,AXB1221,India,1773611144.0,1773611144,76.5704,28.6275,2057.4,False,108.4
a174e7,N193SG,United States,1773611145.0,1773611145,-79.0695,27.2221,10972.8,False,209.36
ad4c83,N956SB,United States,1773611145.0,1773611145,-97.2683,33.1348,1554.48,False,61.9
a1277a,UAL2093,United States,1773611144.0,1773611145,-90.0972,42.9835,10972.8,False,195.96
adb65b,DAL2567,United States,1773611145.0,1773611145,-81.7763,42.0567,7200.9,False,235.55
ace3de,N93FS,United States,1773611145.0,1773611145,-84.1533,39.6328,861.06,False,91.27
a67891,N516JR,United States,1773611144.0,1773611144,-86.8892,36.1748,388.62,False,51.3
a53e8e,EJA437,United States,1773611143.0,1773611144,-104.0925,41.7479,10972.8,False,209.87
896183,UAE1J,United Arab Emirates,1773611145.0,1773611145,20.9506,40.4875,11277.6,False,257.08
a317ba,ENY3895,United States,1773611145.0,1773611145,-96.8856,33.3083,3931.92,False,194.18
a748ec,LXJ569,United States,1773611145.0,1773611145,-120.9343,36.0407,7315.2,False,208.87
a78538,N584ER,United States,1773611145.0,1773611145,-86.2268,33.5349,12496.8,False,247.54
a91536,UAL2003,United States,1773611145.0,1773611145,-101.598,44.105,10058.4,False,251.79
ad5398,AAL1708,United States,1773611145.0,1773611145,-75.0276,40.1552,3055.62,False,184.14
0d0d72,AMX941,Mexico,1773611136.0,1773611141,-100.1108,25.7758,,True,0.0
a067f6,KOW125,United States,1773611144.0,1773611145,-84.103,29.8714,7620.0,False,218.31
0d0d74,XAAAL,Mexico,1773611144.0,1773611145,-113.3904,35.0075,9144.0,False,186.96
a12755,UAL708,United States,1773611145.0,1773611145,-87.9237,46.9514,10363.2,False,209.42
a12758,UAL1223,United States,1773611145.0,1773611145,-65.3299,19.0225,9144.0,False,228.3
40690a,EZY78JL,United Kingdom,1773611145.0,1773611145,-2.2356,47.3855,9753.6,False,185.09
ac2082,SWA3487,United States,1773611077.0,1773611077,-103.9423,35.9162,10972.8,False,186.99
40690c,EZY87KF,United Kingdom,1773611144.0,1773611144,-2.397,53.0482,2918.46,False,121.37
a067ec,SKW5201,United States,1773611144.0,1773611144,-90.1341,42.5974,9753.6,False,143.69
a0b7d9,UAL1710,United States,1773611145.0,1773611145,-117.2291,32.7438,480.06,False,94.71
a0b7d8,UAL1954,United States,1773611145.0,1773611145,-121.8571,38.1098,4244.34,False,196.87
a79898,DAL2218,United States,1773611144.0,1773611145,-98.2396,39.7189,10668.0,False,254.06
a0b7bb,UAL1583,United States,1773611140.0,1773611140,-115.1322,36.0775,,True,0.0
a0b7ba,UAL2472,United States,1773611143.0,1773611143,-81.769,26.5259,,True,1.8
a6655a,N511CB,United States,1773611145.0,1773611145,-71.1668,42.7519,365.76,False,48.97
a54595,N439LP,United States,1773611145.0,1773611145,-118.2915,33.7842,853.44,False,35.04
a10d2a,N167RD,United States,1773611144.0,1773611144,-105.0245,40.8029,13716.0,False,232.92
aab812,AAL137,United States,1773611144.0,1773611145,-111.9727,41.5992,10972.8,False,301.57
a842a9,NKS2061,United States,1773611145.0,1773611145,-83.1699,41.8725,3954.78,False,171.65
80180e,IGO336C,India,1773611145.0,1773611145,74.5087,18.3076,9959.34,False,273.66
ab38aa,DAL1876,United States,1773611144.0,1773611144,-115.0274,31.5996,10363.2,False,217.64
4b5d98,ATL779,Switzerland,1773611141.0,1773611142,8.5584,47.4606,,True,0.0
0d0d86,VIV683,Mexico,1773611144.0,1773611144,-99.8642,26.1102,4541.52,False,182.53
7c3830,LDU,Australia,1773611144.0,1773611144,150.74,-34.5852,685.8,False,63.73
a24743,N246L,United States,1773611144.0,1773611144,-121.7017,37.6362,2049.78,False,85.01
a10d42,N167SC,United States,1773611143.0,1773611143,-89.979,35.1886,1005.84,False,80.77
a08a1a,AAL2636,United States,1773611145.0,1773611145,-98.1497,34.1415,10668.0,False,270.31
406909,EZY58QK,United Kingdom,1773611145.0,1773611145,-5.7147,54.6223,1485.9,False,93.95
aa6857,N77T,United States,1773611094.0,1773611094,-80.5966,14.8651,12192.0,False,231.75
a6ae65,N53DF,United States,1773611145.0,1773611145,-117.1276,34.8149,9281.16,False,233.3
86d90e,JAL727,Japan,1773611124.0,1773611127,100.7448,13.7097,68.58,False,74.86
a2d1a7,OXF6493,United States,1773611145.0,1773611145,-111.8282,33.1552,1074.42,False,55.6
a797b4,DAL1120,United States,1773611141.0,1773611144,-115.1045,43.2852,10668.0,False,291.8
a677bf,N516AF,United States,1773611131.0,1773611131,-74.8873,40.6486,441.96,False,52.55
ab2854,AAY2830,United States,1773611144.0,1773611144,-87.3558,29.063,11582.4,False,205.09
4951ca,TAP1712,Portugal,1773611009.0,1773611009,-16.4737,32.9728,4533.9,False,154.81
4951d3,TAP838Z,Portugal,1773611145.0,1773611145,4.0768,40.9664,11574.78,False,230.21
ad6829,JSX567,United States,1773611145.0,1773611145,-97.2701,33.3627,2171.7,False,141.75
4951d7,TAP1040,Portugal,1773611145.0,1773611145,-7.5158,40.0683,10370.82,False,220.81
4951d8,TAP75LC,Portugal,1773611145.0,1773611145,5.2577,50.3517,11582.4,False,242.85
408000,EZY68DH,United Kingdom,1773611144.0,1773611144,21.1154,42.3095,10965.18,False,220.41
0d0d18,LET3020,Mexico,1773611145.0,1773611145,-96.3986,29.0629,5455.92,False,175.73
a15aef,KOW187,United States,1773611137.0,1773611137,-117.283,33.127,,True,8.75
ab284d,AAL2205,United States,1773611144.0,1773611145,-85.2478,42.0389,5791.2,False,163.67
a6c7b2,LAE2871,United States,1773611144.0,1773611145,-81.2888,23.8876,9144.0,False,252.77
4951d1,TAP57LK,Portugal,1773610876.0,1773610876,8.5628,50.0441,,True,0.64
4951d2,TAP1695,Portugal,1773611144.0,1773611144,-10.9468,37.5713,10660.38,False,226.66
3e1988,AWH94A,Germany,1773611144.0,1773611144,9.5987,52.0892,4610.1,False,100.33
7c0bff,CNL,Australia,1773611144.0,1773611144,151.307,-33.5024,685.8,False,46.66
a2344e,N241GB,United States,1773611144.0,1773611144,-121.7842,38.754,3169.92,False,97.2
a52aa2,AJT8620,United States,1773611090.0,1773611110,-65.0491,48.6685,10972.8,False,221.54
aaa5b8,SWA2837,United States,1773611144.0,1773611144,-94.2372,35.1131,11582.4,False,189.11
40097e,BAW561L,United Kingdom,1773611144.0,1773611144,2.3904,49.7831,10980.42,False,212.55
3c00af,KAY51,Germany,1773611145.0,1773611145,-88.5042,40.727,11894.82,False,268.03
40097d,BAW375,United Kingdom,1773611144.0,1773611144,-1.5806,49.5088,10363.2,False,207.87
ac95a7,N91PR,United States,1773611145.0,1773611145,-104.8793,40.4041,12496.8,False,230.46
ab2869,N818PR,United States,1773611143.0,1773611143,-121.8493,36.8797,1021.08,False,88.35
aadb04,N799S,United States,1773611144.0,1773611144,-86.7974,35.1263,6301.74,False,224.21
7c12cd,DZZ,Australia,1773611144.0,1773611144,153.629,-28.5562,1440.18,False,87.02
a7c28d,N6A,United States,1773611145.0,1773611145,-81.8125,26.1184,274.32,False,59.3
a48759,JRE391,United States,1773611144.0,1773611144,-75.7277,39.8261,1767.84,False,136.61
a677ca,ASA119,United States,1773611144.0,1773611144,-122.5402,45.5701,495.3,False,104.24
a437da,DAL423,United States,1773611145.0,1773611145,-111.3806,40.1335,4800.6,False,167.77
a33a30,EJM37,United States,1773611145.0,1773611145,-74.9668,39.5109,3162.3,False,170.8
a34d63,UCA4996,United States,1773611144.0,1773611145,-95.5273,30.1377,3360.42,False,158.15
ab5bb1,SWA1982,United States,1773611143.0,1773611143,-82.5299,27.9747,,True,10.29
a34119,DAL334,United States,1773611145.0,1773611145,-91.1414,40.6903,10668.0,False,265.74
a1aab8,N2060U,United States,1773611144.0,1773611144,-118.2741,33.7594,548.64,False,48.05
a12797,UAL1906,United States,1773611144.0,1773611144,-99.2309,36.0828,10363.2,False,210.78
a12799,,United States,,1773611144,,,,False,265.82
ab0e4c,AAL3027,United States,1773611111.0,1773611130,-92.3871,33.5386,7924.8,False,209.03
4844ef,MPH9471,Kingdom of the Netherlands,1773611145.0,1773611145,21.3258,47.8207,11277.6,False,250.1
0d0d38,VIV1183,Mexico,1773611145.0,1773611145,-99.0721,19.2386,3992.88,False,134.97
a71d34,ASA455,United States,1773611144.0,1773611144,-121.2686,47.8592,5387.34,False,167.91
a8e279,DAL1684,United States,1773611144.0,1773611144,-95.244,37.903,11277.6,False,254.02
a10d82,AAL2451,United States,1773611144.0,1773611144,-95.2414,30.9122,7589.52,False,201.11
a34d52,JBU595,United States,1773611145.0,1773611145,-83.4524,32.879,7475.22,False,221.53
a1aaae,JBU83,United States,1773611145.0,1773611145,-81.9236,32.1139,9144.0,False,215.63
a1c4d8,MXY140,United States,1773611145.0,1773611145,-82.8921,29.021,6979.92,False,224.04
a0b7fb,UAL534,United States,1773611145.0,1773611145,-84.4217,40.4782,3558.54,False,161.95
a46d26,UAL463,United States,1773611145.0,1773611145,-84.2404,32.7944,9753.6,False,241.39
440ca9,EJU691Q,Austria,1773611133.0,1773611133,-1.406,46.6378,2438.4,False,108.56
a83d18,N63TM,United States,1773611145.0,1773611145,-82.6138,31.8348,13106.4,False,233.26
a39aa3,N331MK,United States,1773611144.0,1773611144,-73.1893,40.6209,640.08,False,48.38
ab2883,EJA818,United States,1773611144.0,1773611144,-102.172,33.6926,13106.4,False,217.18
a11473,N169PS,United States,1773611145.0,1773611145,-115.1907,36.2079,609.6,False,17.46
c059db,ASP531,Canada,1773611145.0,1773611145,-116.0448,50.8328,13106.4,False,157.87
0d0d40,,Mexico,1773611120.0,1773611120,-112.5178,27.6193,10187.94,False,229.76
a2ddac,ENY3716,United States,1773611143.0,1773611144,-119.5949,35.7294,9753.6,False,215.75
a3b796,DAL1131,United States,1773611145.0,1773611145,-87.5224,31.8424,9745.98,False,214.18
a24789,AAY549,United States,1773611145.0,1773611145,-106.2298,36.0113,10972.8,False,218.32
a28de3,ASA1340,United States,1773611144.0,1773611144,-121.8702,41.5488,9753.6,False,207.12
a5e41c,EJM479,United States,1773610849.0,1773610849,-84.3048,33.8689,,True,7.2
ac8ee5,SWA4308,United States,1773611145.0,1773611145,-83.0164,32.417,8176.26,False,209.65
a664bb,N51069,United States,1773611144.0,1773611144,-121.5784,37.7499,1920.24,False,57.79
7c7555,XGN,Australia,1773611094.0,1773611094,150.6665,-31.6884,1661.16,False,51.45
a28de6,N264AN,United States,1773611144.0,1773611144,-76.9422,36.2783,9448.8,False,183.35
aaf53a,JBU1971,United States,1773611145.0,1773611145,-94.3375,29.7751,10965.18,False,187.78
abc5b8,GTI8030,United States,1773611145.0,1773611145,-70.9962,-33.6326,3489.96,False,183.55
a0f44c,DAL991,United States,1773611145.0,1773611145,-111.6409,38.0314,11277.6,False,201.28
a34d2f,JBU753,United States,1773611144.0,1773611144,-73.9875,39.4578,7780.02,False,195.1
a9fb6f,N742R,United States,1773611118.0,1773611118,-111.9621,40.7722,1173.48,False,50.42
acdea4,N9283A,United States,1773611144.0,1773611144,-122.3339,47.1096,419.1,False,51.08
ac486a,SWA932,United States,1773611145.0,1773611145,-108.8231,32.2931,10058.4,False,250.72
a46d95,UAL8199,United States,1773611079.0,1773611082,-77.4559,38.9549,,True,8.75
ab62ad,SWA1781,United States,1773611145.0,1773611145,-92.5329,47.2323,10972.8,False,210.24
ae1ec4,RNGR723,United States,1773611145.0,1773611145,-90.3697,31.768,6705.6,False,119.04
a22178,N2362R,United States,1773611143.0,1773611144,-78.471,39.3098,2712.72,False,91.83
440181,EJU79VL,Austria,1773611144.0,1773611144,12.1915,41.7931,685.8,False,93.12
aaee71,N803QS,United States,1773611144.0,1773611144,-79.6562,27.2637,2278.38,False,147.26
a9b2be,N724DL,United States,1773611144.0,1773611144,-100.2928,30.7797,12496.8,False,191.68
a9fb3e,ASI633,United States,1773611144.0,1773611144,-111.9718,33.1722,1676.4,False,52.09
7c6287,SKP121,Australia,1773611145.0,1773611145,151.1737,-33.9373,0.0,False,66.79
a34154,LXJ309,United States,1773611144.0,1773611144,-74.6505,38.7934,13106.4,False,182.28
a11fa1,UAL316,United States,1773611145.0,1773611145,-74.1665,40.6966,,True,8.75
a9b2e0,SKW4324,United States,1773611144.0,1773611144,-113.2579,42.1227,8191.5,False,269.92
a11fa3,UAL854,United States,1773611144.0,1773611145,-95.0183,29.4977,4610.1,False,196.15
45213e,AMQ743,Bulgaria,1773611144.0,1773611144,15.6711,49.093,10668.0,False,233.92
a7bb77,DAL514,United States,1773611144.0,1773611144,-95.5225,31.0482,10058.4,False,273.36
408034,EXS8DK,United Kingdom,1773611108.0,1773611116,-2.2846,53.3668,,True,0.51
e071cb,ARG1207,Argentina,1773611136.0,1773611145,-56.5577,-32.9713,12192.0,False,215.75
ac3558,AAL1430,United States,1773611145.0,1773611145,-91.1158,40.1359,10972.8,False,196.53
ac4888,SWA3023,United States,1773611144.0,1773611144,-117.6601,34.4297,5852.16,False,221.56
abbedb,AAL3262,United States,1773611144.0,1773611144,-96.4631,31.143,7482.84,False,231.85
a9fb4e,AAL1772,United States,1773611145.0,1773611145,-105.6514,32.2692,10713.72,False,255.28
ab5bf0,SWA4756,United States,1773611143.0,1773611143,-117.1895,32.7321,,True,4.37
aae242,ERY80,United States,1773611143.0,1773611143,-79.3357,42.1881,937.26,False,58.77
392ae2,AFR1390,France,1773611144.0,1773611144,5.8103,48.6558,11269.98,False,241.64
7584be,RYL286,Philippines,1773611043.0,1773611043,117.8633,15.8812,11582.4,False,222.45
84118c,JAL44,Japan,1773611145.0,1773611145,23.4391,44.8124,10668.0,False,256.69
a2d1c6,,United States,,1773610989,,,,False,4.37
a46d70,UAL1444,United States,1773611144.0,1773611144,-91.8073,29.6197,9144.0,False,197.86
80067f,SEJ5012,India,1773611137.0,1773611137,74.5501,26.6616,10149.84,False,231.07
a90285,N68SY,United States,1773611145.0,1773611145,-120.985,38.6628,548.64,False,43.87
a557c3,SWA864,United States,1773611144.0,1773611144,-88.4473,41.326,2019.3,False,159.25
440198,EJU63JY,Austria,1773611145.0,1773611145,13.866,52.3505,2560.32,False,140.07
ac82bb,XSN90,United States,1773611145.0,1773611145,-118.7947,34.3007,3840.48,False,80.05
a677a6,N5159S,United States,1773611144.0,1773611144,-70.9677,42.769,990.6,False,51.91
47875a,NOZ3LB,Norway,1773611144.0,1773611144,8.0771,56.3775,11277.6,False,249.81
a2d1ad,OXF6784,United States,1773611145.0,1773611145,-111.0783,32.2922,2446.02,False,43.95
a2d1af,OXF6039,United States,1773611144.0,1773611144,-111.9109,32.886,1554.48,False,54.44
ada51e,ASA621,United States,1773611144.0,1773611144,-120.2897,40.5939,10668.0,False,279.25
a2348d,RPA5647,United States,1773611144.0,1773611144,-71.3415,41.7625,3192.78,False,179.69
44017c,EJU32DY,Austria,1773611145.0,1773611145,-0.9861,47.7799,11277.6,False,230.02
a90279,N68SL,United States,1773611145.0,1773611145,-98.1193,33.6036,4472.94,False,164.45
a3411f,DAL2348,United States,1773611144.0,1773611144,-80.8027,34.643,10363.2,False,216.6
abb2bb,N853CM,United States,1773611068.0,1773611098,-80.1231,35.3644,1211.58,False,72.06
a45a1c,,United States,1773611144.0,1773611144,-109.9892,35.5461,13716.0,False,218.27
a8e247,DAL725,United States,1773611145.0,1773611145,-84.6892,33.581,960.12,False,137.95
a53dac,FFT1068,United States,1773611144.0,1773611144,-80.6762,25.7736,1287.78,False,103.96
408011,EZY79TH,United Kingdom,1773610998.0,1773610998,28.4949,33.4564,10972.8,False,213.96
4a4eae,HYS9707,Romania,1773611144.0,1773611144,26.4845,44.452,3970.02,False,190.81
a46d4a,UAL1621,United States,1773611144.0,1773611144,-84.5656,29.4047,9144.0,False,220.45
392aef,AFR1054,France,1773610924.0,1773610924,3.3811,37.3162,3863.34,False,187.16
ace5bc,AAL1627,United States,1773611144.0,1773611144,-116.2792,32.7032,5539.74,False,217.72
440193,TAY5DN,Austria,1773611144.0,1773611144,19.1246,51.0413,8229.6,False,182.17
ace5bb,DAL2004,United States,1773610973.0,1773610976,-84.432,33.6415,,True,0.0
a27aee,SWA892,United States,1773611144.0,1773611144,-96.035,35.7204,10980.42,False,214.91
a36799,JBU775,United States,1773611144.0,1773611144,-88.8608,30.5034,9006.84,False,205.01
ababcf,N851HS,United States,1773611058.0,1773611139,-92.5601,34.6591,4183.38,False,137.76
ac20c4,SWA444,United States,1773611145.0,1773611145,-97.6586,30.1824,,True,2.83
a006d2,TWY54,United States,1773611144.0,1773611144,-77.8234,42.2503,12070.08,False,288.6
ab00ce,AAL1084,United States,1773611144.0,1773611144,-74.4349,40.6437,5554.98,False,165.99
471dbe,WZZ1672,Hungary,1773611145.0,1773611145,18.7202,49.7018,4846.32,False,179.47
47873f,NOZ19S,Norway,1773611145.0,1773611145,3.0007,54.0681,10668.0,False,253.3
a23fb2,RPA5721,United States,1773611144.0,1773611145,-70.9812,42.3617,83.82,False,70.12
471dbb,WZZ495,Hungary,1773611144.0,1773611144,-0.4903,42.7766,10363.2,False,217.43
471dbc,WZZ42GZ,Hungary,1773610098.0,1773611140,31.6859,35.6684,11224.26,False,249.56
440132,EJU75XM,Austria,1773611144.0,1773611145,8.1894,46.7615,8473.44,False,227.08
440141,EZS38UD,Austria,1773611104.0,1773611104,6.1109,46.2376,,True,5.66
75862c,CEB561,Philippines,1773611126.0,1773611126,121.0135,14.5159,,True,1.03
c02d99,CFRGY,Canada,1773611145.0,1773611145,-117.4068,49.8556,12192.0,False,137.78
440d6e,EJU43WM,Austria,1773611144.0,1773611144,3.8677,41.6071,10972.8,False,220.69
440d6f,EJU91LZ,Austria,1773611145.0,1773611145,0.3511,43.7663,11887.2,False,225.44
a8444d,N63130,United States,1773611141.0,1773611141,-106.8475,32.2818,1539.24,False,32.03
a82a44,QXE2268,United States,1773611144.0,1773611144,-120.4521,44.8525,7856.22,False,247.35
a95128,POD6,United States,1773611136.0,1773611136,-86.9345,21.088,426.72,False,74.48
a71157,N5545J,United States,1773611144.0,1773611144,-117.0514,33.7222,708.66,False,46.53
39ca88,TONER29,France,1773611144.0,1773611144,-4.3354,48.2141,480.06,False,52.94
a0563b,DAL286,United States,1773611141.0,1773611143,-73.7825,40.6361,,True,0.0
a17622,N1933S,United States,1773611145.0,1773611145,-81.7075,31.1307,13716.0,False,214.63
ab5056,UAL1816,United States,1773611145.0,1773611145,-87.5783,39.8352,10378.44,False,204.77
86d9da,JAL65,Japan,1773611145.0,1773611145,-125.5147,37.4963,11574.78,False,243.14
a9644c,N704KA,United States,1773611143.0,1773611145,-78.4384,38.9256,853.44,False,44.03
a9511f,N7NY,United States,1773611145.0,1773611145,-79.8913,28.1548,3169.92,False,145.12
a5e47f,N479WB,United States,1773611144.0,1773611144,-102.4253,32.0214,2994.66,False,139.02
a0a623,N1408C,United States,1773611145.0,1773611145,-118.8664,34.8241,2247.9,False,63.53
a3ff01,KAP1223,United States,1773611144.0,1773611144,-71.0275,42.4283,525.78,False,69.45
a3c9b4,DAL2260,United States,1773611144.0,1773611144,-106.1567,32.1473,10355.58,False,203.8
a771d3,N579WG,United States,1773611057.0,1773611058,-121.8197,37.3371,,True,0.06
c02138,CFMPB,Canada,1773611133.0,1773611133,-119.5524,56.7187,4206.24,False,121.08
ab6394,AAL2967,United States,1773611145.0,1773611145,-83.3478,35.8344,10370.82,False,201.07
a4aa94,N40DA,United States,1773611142.0,1773611144,-121.8795,37.9011,1981.2,False,79.24
452142,LZB408,Bulgaria,1773611143.0,1773611144,23.0347,42.7187,2202.18,False,133.05
ad9039,EJA973,United States,1773611144.0,1773611145,-100.8694,39.9158,13106.4,False,239.75
a70a86,N55291,United States,1773611143.0,1773611144,-117.435,33.95,243.84,True,0.0
a95d42,PRY03,United States,1773611145.0,1773611145,-86.0109,37.4857,4366.26,False,76.48
300a62,ITY610,Italy,1773611143.0,1773611144,-64.725,49.7249,11582.4,False,222.06
a891e5,QXE2084,United States,1773611144.0,1773611144,-119.6544,47.6461,10363.2,False,171.93
a83158,N627MG,United States,1773611144.0,1773611144,-92.9577,31.1454,7315.2,False,125.22
a5ca89,SWA3987,United States,1773611144.0,1773611144,-86.7835,36.0302,11262.36,False,234.81
a82a63,N625SC,United States,1773611144.0,1773611144,-74.8709,40.9811,1562.1,False,127.89
a82a61,TWY625,United States,1773611145.0,1773611145,-80.1414,25.8913,2659.38,False,125.05
a5e48a,SWA1383,United States,1773611145.0,1773611145,-119.8256,35.4432,10965.18,False,220.01
aa42df,PWR7,United States,1773611144.0,1773611145,-97.5065,33.3878,1828.8,False,157.63
a05626,UAL906,United States,1773611145.0,1773611145,-87.8296,40.9443,3352.8,False,176.88
a6049b,SWA3865,United States,1773610998.0,1773610998,-112.0008,33.4332,,True,5.92
e80b0c,CCPJV,Chile,1773611145.0,1773611145,-70.8588,-33.6936,1539.24,False,85.5
758616,CEB804,Philippines,1773611145.0,1773611145,120.4412,14.2245,2171.7,False,98.2
ad53fd,FDY337,United States,1773611145.0,1773611145,-77.457,38.97,,True,0.0
471daf,WZZ56KL,Hungary,1773611144.0,1773611144,20.6107,47.0059,8305.8,False,213.19
c01a5a,JZA597,Canada,1773610891.0,1773610891,-123.1737,49.197,,True,1.8
c03488,WJA2839,Canada,1773611144.0,1773611144,-97.9211,27.5337,11277.6,False,259.59
7cb0db,87X,Australia,1773611145.0,1773611145,149.4949,-34.0867,10972.8,False,185.67
a11fc1,UAL1343,United States,1773611129.0,1773611142,-107.5957,45.9425,10363.2,False,203.84
a04f49,SKW4787,United States,1773611144.0,1773611144,-106.2366,39.1223,8229.6,False,205.99
a11fc7,UAL2647,United States,1773611145.0,1773611145,-78.7158,42.1243,11277.6,False,266.29
aba04b,N84823,United States,1773610964.0,1773610969,-122.2873,47.0915,121.92,False,33.95
a15c01,SKW3919,United States,1773611144.0,1773611144,-85.5785,42.3674,1021.08,False,54.8
a3549d,JBU780,United States,1773611145.0,1773611145,-75.1241,38.5298,9448.8,False,259.08
471db7,WZZ8YK,Hungary,1773611144.0,1773611144,16.9655,46.2385,10668.0,False,223.15
471db5,WZZ887,Hungary,1773611145.0,1773611145,15.3151,47.9227,10972.8,False,225.76
abac8d,N851RG,United States,1773611145.0,1773611145,-66.6569,19.8963,10972.8,False,191.45
a33a93,AAY70,United States,1773611144.0,1773611144,-111.4379,39.1402,8229.6,False,192.8
452126,GPX9RE,Bulgaria,1773611144.0,1773611144,17.5541,44.1833,10668.0,False,236.96
495299,TAP1096,Portugal,1773611143.0,1773611144,-5.7713,40.0122,10972.8,False,236.25
a3ff29,N357DR,United States,1773611145.0,1773611145,-111.6757,40.1137,3139.44,False,51.95
471db0,WZZ4093,Hungary,1773611145.0,1773611145,17.7693,43.6047,10363.2,False,220.76
a2f94d,CSQ4725,United States,1773611143.0,1773611143,-61.215,14.5152,10980.42,False,211.02
a1ac1a,CMB572,United States,1773611144.0,1773611144,-74.5999,41.1887,11277.6,False,266.35
a58135,N454CL,United States,1773611145.0,1773611145,-79.1062,32.552,12496.8,False,236.52
c07aa4,WJA1462,Canada,1773611144.0,1773611144,-114.1019,46.5269,7620.0,False,277.81
495293,TAP31TY,Portugal,1773611145.0,1773611145,-1.1867,50.9799,6012.18,False,170.09
a6add1,N5298D,United States,1773611145.0,1773611145,-122.0788,47.9865,1051.56,False,40.41
a246cb,FDX787,United States,1773611144.0,1773611144,-87.5659,35.8207,10668.0,False,271.04
a1632a,N189LW,United States,1773611145.0,1773611145,-77.9633,40.141,7505.7,False,161.23
a15c54,SKW3298,United States,1773611079.0,1773611079,-122.6206,45.596,,True,1.54
a1b30d,N2087E,United States,1773610844.0,1773610844,-118.0323,34.0904,99.06,False,33.6
ada3f2,N97811,United States,1773610998.0,1773610998,-112.809,33.9768,1059.18,False,47.08
a6b4c3,SKW4807,United States,1773611144.0,1773611145,-102.1578,33.4122,9494.52,False,199.98
ae73f2,EB026,United States,1773611008.0,1773611008,-86.9866,30.6401,182.88,False,43.05
a1bf3a,SWA516,United States,1773611144.0,1773611144,-81.9302,37.5623,11277.6,False,263.23
a5f766,N4839W,United States,1773611145.0,1773611145,-149.886,61.3856,396.24,False,38.82
a2df30,N2840A,United States,1773611145.0,1773611145,-121.7878,36.866,1950.72,False,57.51
a03038,DAL1572,United States,1773611145.0,1773611145,-84.4392,33.6318,327.66,False,72.54
ac4801,SWA2670,United States,1773611145.0,1773611145,-77.1176,37.7155,11277.6,False,252.88
a1ac20,N207BC,United States,1773611145.0,1773611145,-104.1307,40.276,12496.8,False,266.39
a7cda7,N6012U,United States,1773611145.0,1773611145,-122.6213,47.5393,716.28,False,58.44
4056a2,VCG1JV,United Kingdom,1773611144.0,1773611144,25.1995,45.1183,12496.8,False,254.19
a379dd,ENY3857,United States,1773611144.0,1773611144,-87.9141,41.9704,,True,0.0
a83d29,N63UD,United States,1773611145.0,1773611145,-149.7036,62.9673,1699.26,False,37.36
a379db,N323EB,United States,1773611144.0,1773611144,-93.2127,36.2235,7612.38,False,157.18
a6177f,N49194,United States,1773611144.0,1773611144,-122.9403,45.5314,22.86,False,28.29
a28f48,N264QS,United States,1773611144.0,1773611144,-81.712,25.7988,1821.18,False,149.53
440117,EJU41VQ,Austria,1773611144.0,1773611145,-5.7595,41.6025,10058.4,False,201.48
7821a0,CSS240,China,1773611144.0,1773611144,87.776,24.789,11277.6,False,273.18
0d0bce,AMX443,Mexico,1773611141.0,1773611145,-81.319,28.4434,,True,0.0
400935,BAW7WN,United Kingdom,1773611145.0,1773611145,-0.3571,51.4652,342.9,False,60.71
a03c3d,XAA8376,United States,1773611145.0,1773611145,-74.401,39.4794,8176.26,False,266.99
a771af,AAL3330,United States,1773611145.0,1773611145,-77.2168,36.6832,10043.16,False,243.47
a1762d,N19333,United States,1773610954.0,1773610954,-122.947,45.4238,-30.48,False,26.14
151e04,SDM6794,Russian Federation,1773611136.0,1773611144,88.9948,55.5359,10858.5,False,4.88
a35fc2,JBU859,United States,1773611144.0,1773611144,-71.0152,42.3594,,True,0.06
4bb2a1,TKJ189,Turkey,1773611108.0,1773611138,32.5259,28.7404,10073.64,False,248.91
aa9e4a,SWA783,United States,1773611145.0,1773611145,-79.7968,28.3308,5181.6,False,179.5
4bb2a2,TKJ205,Turkey,1773611145.0,1773611145,30.049,39.0083,9448.8,False,231.85
ab6eb9,AAL2087,United States,1773611145.0,1773611145,-88.6547,40.9379,10668.0,False,240.42
a651e1,SKW6429,United States,1773611145.0,1773611145,-117.0702,34.1875,5852.16,False,197.01
c0475f,ASP875,Canada,1773611143.0,1773611143,-114.0071,51.1001,,True,0.06
a4c492,SKW856E,United States,1773611145.0,1773611145,-119.9408,49.4944,5745.48,False,189.73
a83108,JBU896,United States,1773611145.0,1773611145,-74.3595,40.3965,10668.0,False,252.88
e4a54d,GLO2065,Brazil,1773611144.0,1773611144,-43.321,-22.7745,411.48,False,74.1
aa4ee9,RPA3322,United States,1773611145.0,1773611145,-77.8541,39.0162,2042.16,False,132.13
c081a6,CRQ270,Canada,1773611144.0,1773611144,-74.1807,45.7725,1874.52,False,85.82
a499a6,LXJ396,United States,1773611145.0,1773611145,-80.7439,32.4751,11277.6,False,211.09
a126e6,UAL1729,United States,1773611145.0,1773611145,-88.4605,47.0495,10363.2,False,209.98
a126e7,UAL2007,United States,1773611143.0,1773611143,-89.8354,33.7681,10668.0,False,276.95
a499a0,FFT2106,United States,1773611144.0,1773611144,-104.691,39.5399,3276.6,False,91.06
ab7627,AAL1973,United States,1773611145.0,1773611145,-98.5999,33.8585,8839.2,False,251.81
a59ff4,N4612D,United States,1773611145.0,1773611145,-122.9437,45.1905,807.72,False,54.21
a67960,SKW4904,United States,1773611145.0,1773611145,-108.525,32.0909,9144.0,False,215.94
a42665,ATN6734,United States,1773611115.0,1773611115,-122.6058,45.5866,,True,6.43
ad1927,JBU615,United States,1773611145.0,1773611145,-83.1535,46.3801,9753.6,False,197.76
a869bc,JBU1811,United States,1773611144.0,1773611144,-81.4899,33.4001,10972.8,False,226.4
a77f2d,AAL1061,United States,1773611145.0,1773611145,-96.2236,31.9723,6217.92,False,187.16
a4cfe0,UPS512,United States,1773611145.0,1773611145,-88.1965,39.7788,11582.4,False,210.16
ab761e,AMX1685,United States,1773611145.0,1773611145,-98.3563,19.986,8877.3,False,211.2
4007ed,BAW12J,United Kingdom,1773611144.0,1773611144,-78.279,28.487,6187.44,False,214.48
a6b60a,VOS4327,United States,1773611144.0,1773611144,-88.8866,14.3672,7901.94,False,222.06
4007ec,BAW2203,United Kingdom,1773611142.0,1773611145,-77.461,28.2084,12192.0,False,222.06
a41f72,LXJ365,United States,1773611144.0,1773611144,-83.2121,30.6434,12496.8,False,192.63
a55985,N444AM,United States,1773611145.0,1773611145,-75.7967,39.581,5334.0,False,202.39
a233e7,MXY808,United States,1773610852.0,1773610897,-81.3134,28.4276,,True,0.0
aaa621,SWA1837,United States,1773611144.0,1773611144,-89.6547,30.4029,6446.52,False,224.8
a9519b,DCM2700,United States,1773611145.0,1773611145,-77.273,37.0085,7840.98,False,162.71
4007f6,BAW219V,United Kingdom,1773611144.0,1773611144,-103.1764,41.7585,9784.08,False,278.83
4007f3,BAW199,United Kingdom,1773611145.0,1773611145,10.062,49.3435,10668.0,False,249.26
a03070,N111FJ,United States,1773611145.0,1773611145,-94.2391,35.7301,12504.42,False,267.57
a29680,ENY3981,United States,1773611144.0,1773611144,-107.1477,37.0686,9448.8,False,263.97
a1d99b,JBU1700,United States,1773611144.0,1773611144,-91.1582,29.4083,10058.4,False,255.03
a353c8,AAL1163,United States,1773611145.0,1773611145,-85.9968,32.5801,10668.0,False,266.54
aca9a4,N915EB,United States,1773611145.0,1773611145,-121.1916,36.4685,4213.86,False,102.22
a486cc,DAL355,United States,1773611145.0,1773611145,-96.7218,31.9669,9144.0,False,207.14
a353c6,UPS119,United States,1773611144.0,1773611144,139.2639,34.1981,10668.0,False,278.26
a46cc1,UAL1004,United States,1773611140.0,1773611140,-74.1676,40.6999,,True,4.12
a8b9c0,WUP661,United States,1773611144.0,1773611144,-76.4957,37.0527,13106.4,False,195.1
8004dd,AIC187,India,1773611145.0,1773611145,76.8034,28.0022,6164.58,False,204.47
ac3fc5,FDX5926,United States,1773611145.0,1773611145,126.836,34.8563,10058.4,False,243.78
4247cd,CAY795,United Kingdom,1773611144.0,1773611144,-78.6771,26.6695,11582.4,False,213.72
a486d8,DAL305,United States,1773610970.0,1773610971,-78.3834,31.3726,10066.02,False,237.61
a0306c,FDX301,United States,1773611145.0,1773611145,-91.3436,35.1335,9060.18,False,200.23
ac7c00,N903TF,United States,1773611144.0,1773611144,-117.856,45.5359,13106.4,False,210.16
a15027,EDV5021,United States,1773610938.0,1773610938,-83.3625,42.2313,388.62,False,65.41
a6a303,VAR527,United States,1773611144.0,1773611144,-112.044,32.8972,1661.16,False,64.26
aaffe3,N808DC,United States,1773611144.0,1773611144,-117.5249,33.3031,1668.78,False,54.2
a4c3c4,HER406,United States,1773611145.0,1773611145,-75.1064,41.1443,2446.02,False,137.7
8017e5,IGO461E,India,1773611144.0,1773611144,76.8196,26.9422,10058.4,False,230.14
8017e4,IGO2137,India,1773611145.0,1773611145,79.6977,27.6273,9745.98,False,201.78
aa06b7,SKW9922,United States,1773611144.0,1773611144,-103.7687,35.4836,9441.18,False,277.5
49521a,TAP494Y,Portugal,1773611144.0,1773611144,1.4508,43.5432,647.7,False,75.63
c81a1c,ZKTZM,New Zealand,1773611144.0,1773611144,174.6654,-36.6708,335.28,False,53.92
a499ec,JRE396,United States,1773611145.0,1773611145,-113.0535,37.0522,8869.68,False,226.15
a6a300,ASA44,United States,1773611145.0,1773611145,-155.6609,60.9876,10668.0,False,245.42
7c2670,HVM,Australia,1773611145.0,1773611145,145.245,-37.4324,5372.1,False,149.41
aaffcd,HDR626Z,United States,1773610875.0,1773610875,-106.3133,40.8085,5768.34,False,209.76
a28347,LXJ261,United States,1773611117.0,1773611117,-74.0538,40.8555,,True,0.06
a53348,N434PJ,United States,1773611144.0,1773611145,-101.6572,31.8648,3162.3,False,152.55
ab1fea,N816CT,United States,1773611144.0,1773611144,-118.0796,33.7605,792.48,False,52.7
a0ecdb,N159NS,United States,1773611044.0,1773611045,-80.2202,27.1762,,True,0.06
a603b0,GTI8816,United States,1773611144.0,1773611144,-124.4614,46.4478,12496.8,False,260.82
0d0ba1,AMX645,Mexico,1773611144.0,1773611144,-117.5527,33.1291,7429.5,False,226.79
adc9b6,JBU2807,United States,1773611121.0,1773611121,-85.6326,27.2795,10363.2,False,228.69
0d0ba3,VIV3145,Mexico,1773611144.0,1773611144,-100.0681,19.1416,11582.4,False,211.3
aaffe5,N808DE,United States,1773611145.0,1773611145,-83.3599,32.4348,929.64,False,82.97
aab974,EJA790,United States,1773611145.0,1773611145,-120.3258,41.2511,13098.78,False,206.63
49520f,TAP1825,Portugal,1773611145.0,1773611145,-9.2794,38.8306,2804.16,False,155.17
a7cf21,ERU2,United States,1773610925.0,1773610925,-112.0741,33.6881,457.2,False,28.37
440d10,EJU46BR,Austria,1773611141.0,1773611141,-16.7759,32.6941,,True,0.0
8017f7,AIC2028,India,1773611145.0,1773611145,24.9839,36.5302,10660.38,False,276.27
ac33a3,SWA1137,United States,1773611145.0,1773611145,-100.9346,31.6813,8229.6,False,278.38
a2cc24,N28FE,United States,1773611144.0,1773611144,-86.6913,32.0437,10980.42,False,228.93
484561,KLM791,Kingdom of the Netherlands,1773611145.0,1773611145,-46.1105,-22.2292,7581.9,False,204.05
a47fd9,UAL820,United States,1773611144.0,1773611144,120.7678,24.5916,12192.0,False,219.29
a1635b,AAY2692,United States,1773611144.0,1773611144,-82.5882,30.9393,11277.6,False,228.0
a29662,N266MH,United States,1773611144.0,1773611144,-83.2752,41.4626,586.74,False,66.69
a80952,LXJ617,United States,1773611145.0,1773611145,-115.2465,34.2586,10797.54,False,241.56
a34cab,N311XX,United States,1773611138.0,1773611139,-113.2076,37.2377,2552.7,False,83.46
ac2cb2,AAL125,United States,1773611144.0,1773611144,-85.6,42.3782,4236.72,False,134.23
495219,TAP474,Portugal,1773611144.0,1773611144,-2.9305,42.2631,11582.4,False,231.45
aaffed,DAL1913,United States,1773611145.0,1773611145,-81.4191,38.9576,10363.2,False,224.16
8017ee,IGO5065,India,1773611008.0,1773611043,88.4436,22.6468,45.72,True,9.77
0d0bb3,AMX535,Mexico,1773611121.0,1773611121,-99.0705,19.4364,,True,5.4
a28f80,SKW3693,United States,1773610958.0,1773610961,-113.0755,39.0331,9144.0,False,223.27
495210,TAP39PT,Portugal,1773611145.0,1773611145,-7.6672,39.0935,9608.82,False,218.46
495212,TAP11AG,Portugal,1773611144.0,1773611144,-6.8617,37.4416,9144.0,False,245.29
495214,TAP877,Portugal,1773611145.0,1773611145,-2.4861,40.3893,10668.0,False,230.44
495215,TAP484H,Portugal,1773611144.0,1773611144,-2.2144,41.0534,11582.4,False,236.44
495216,TAP1326,Portugal,1773611145.0,1773611145,-9.3624,44.6307,10058.4,False,200.17
abc649,AAL3241,United States,1773611145.0,1773611145,-78.8768,37.5501,9144.0,False,204.19
ac46e5,SGX890,United States,1773611145.0,1773611145,-75.4073,39.048,8115.3,False,198.84
a460d1,UPS5900,United States,1773611144.0,1773611144,-95.1849,38.9688,10972.8,False,221.27
abd971,SWA553,United States,1773611145.0,1773611145,-94.2881,30.2145,9448.8,False,277.36
a8e1cc,DAL517,United States,1773611141.0,1773611141,-84.4219,33.6426,,True,0.26
484555,KLM65X,Kingdom of the Netherlands,1773611144.0,1773611145,11.3219,45.1036,11887.2,False,237.51
a53f20,SWA8826,United States,1773611145.0,1773611145,-88.504,40.4359,10881.36,False,193.95
484556,KLM1508,Kingdom of the Netherlands,1773611144.0,1773611144,4.5378,52.1875,2133.6,False,151.87
a3ff37,N357EE,United States,1773611144.0,1773611144,-79.4176,28.7696,8442.96,False,192.23
a3ff33,N357EA,United States,1773611144.0,1773611144,-112.0401,33.5278,769.62,False,38.64
a3b6b6,N3386E,United States,1773611004.0,1773611006,-117.1282,32.8116,160.02,False,32.23
c81a43,ZKJSD,New Zealand,1773611145.0,1773611145,176.6011,-38.8108,2697.48,False,55.64
151d48,AZV2904,Russian Federation,1773611143.0,1773611143,78.6877,26.0086,9753.6,False,217.9
ad5ff0,AUB160,United States,1773611144.0,1773611144,-89.1937,30.5325,2781.3,False,72.34
e07246,ARG1135,Argentina,1773611137.0,1773611137,-58.4581,-35.0301,1234.44,False,111.71
ace60c,DAL1772,United States,1773611143.0,1773611143,-84.42,33.6358,,True,2.31
a3ff2e,CXK557,United States,1773611145.0,1773611145,-111.7281,40.2524,1600.2,False,47.66
a7116f,N55458,United States,1773610991.0,1773610991,-72.0682,41.345,30.48,False,37.36
a82a6e,N625SP,United States,1773611136.0,1773611137,-116.9177,44.0253,1554.48,False,42.52
485870,KLM36D,Kingdom of the Netherlands,1773610881.0,1773610881,4.7583,52.3003,,True,5.66
485871,KLM1667,Kingdom of the Netherlands,1773611145.0,1773611145,10.839,46.2082,9486.9,False,232.36
485874,KLM53T,Kingdom of the Netherlands,1773610905.0,1773610907,8.5866,50.0505,,True,0.0
adafb5,JBU944,United States,1773611144.0,1773611144,-89.0423,44.8409,10660.38,False,233.83
a42691,N367CT,United States,1773611144.0,1773611145,-96.5618,30.1311,1836.42,False,35.32
ab5c69,DAL2329,United States,1773611144.0,1773611144,-77.2902,36.5847,8229.6,False,208.59
a4cfb7,SKW3023,United States,1773611035.0,1773611035,-122.3841,37.614,,True,0.39
abc63a,NEW858,United States,1773611144.0,1773611144,-88.2964,35.5567,10668.0,False,286.88
345686,IBS16HK,Spain,1773610967.0,1773610967,-3.5315,40.4688,571.5,False,68.22
345687,ANE1217,Spain,1773611145.0,1773611145,-0.1055,41.3068,10972.8,False,225.86
a40027,AAL1670,United States,1773611145.0,1773611145,-98.2207,33.5707,7299.96,False,256.81
ac832e,EJA905,United States,1773611145.0,1773611145,-113.5013,33.5824,8534.4,False,223.2
a090ff,N1356S,United States,1773611143.0,1773611144,-81.1908,32.2709,1859.28,False,49.26
ab00ae,N808MF,United States,1773611145.0,1773611145,-113.5341,33.4807,6652.26,False,234.69
aa8a8a,TAI563,United States,1773611144.0,1773611144,-121.2197,36.6662,8846.82,False,250.12
7380c3,ELY1023,Israel,1773611144.0,1773611144,-18.9346,62.3811,12184.38,False,244.89
7380c8,ELY094,Israel,1773611145.0,1773611145,100.2747,13.6801,3406.14,False,178.57
a9b43f,AAL2762,United States,1773611145.0,1773611145,-96.343,32.2094,4495.8,False,177.62
ac7014,SIY900,United States,1773611144.0,1773611144,-80.8246,27.1441,12496.8,False,204.52
c81a5a,ANZ193L,New Zealand,1773611145.0,1773611145,171.7498,-43.9475,2994.66,False,117.41
c81a5b,ANZ264L,New Zealand,1773610939.0,1773610944,176.1459,-37.6704,175.26,False,63.41
a03088,N111GH,United States,1773611145.0,1773611145,-119.172,35.1079,243.84,False,55.54
a6af09,N53KV,United States,1773611144.0,1773611144,-99.1211,28.4186,7315.2,False,180.87
a220cb,SWA1822,United States,1773610863.0,1773610871,-115.145,36.0805,,True,0.0
a749c8,EJA569,United States,1773611144.0,1773611145,-104.5568,40.1173,3375.66,False,125.92
ad1986,AAL3090,United States,1773611145.0,1773611145,-77.8492,37.1709,11277.6,False,249.93
a9b445,N724VB,United States,1773611144.0,1773611144,-90.7334,29.1245,10363.2,False,204.98
a94a63,N698WA,United States,1773611144.0,1773611144,-112.1949,40.2546,6530.34,False,119.23
a58cb0,LXJ457,United States,1773611145.0,1773611145,-80.5866,33.2678,7010.4,False,236.17
abc66a,N858PW,United States,1773611145.0,1773611145,-94.0921,35.3067,9448.8,False,177.59
a3ff61,LXJ357,United States,1773611145.0,1773611145,-87.964,31.3958,13106.4,False,194.25
ab635d,SWA2506,United States,1773611135.0,1773611140,-104.6779,39.8626,,True,0.0
a8dae1,N67RL,United States,1773611145.0,1773611145,-120.849,38.3879,2407.92,False,70.51
ab502d,N828SK,United States,1773611144.0,1773611144,-103.502,37.1583,11536.68,False,278.85
a46ce1,UAL1945,United States,1773611145.0,1773611145,-111.426,33.0477,8534.4,False,215.42
ad66e9,N9627H,United States,1773611145.0,1773611145,-121.6646,37.2118,1371.6,False,49.48
ac7c67,EDV5465,United States,1773611145.0,1773611145,-78.8049,42.9192,9144.0,False,201.18
ac33e2,SWA3396,United States,1773611144.0,1773611145,-83.1605,28.386,4655.82,False,180.27
ac212d,SWA1334,United States,1773611144.0,1773611144,-115.4414,35.7539,2499.36,False,132.41
4ca9c1,RYR68MZ,Ireland,1773611145.0,1773611145,4.4236,41.9082,11582.4,False,211.11
4ca9c2,RYR5294,Ireland,1773611144.0,1773611144,20.1642,44.9906,11277.6,False,232.67
ab014c,N808TP,United States,1773611145.0,1773611145,-122.6288,47.0784,495.3,False,50.79
a77379,N5799P,United States,1773611144.0,1773611145,-117.5102,33.9899,2286.0,False,75.42
a36825,JBU2255,United States,1773611144.0,1773611145,-74.6641,40.6306,7338.06,False,196.52
ad5460,SWA1559,United States,1773611067.0,1773611086,-106.2712,31.7946,1668.78,False,86.67
acddf8,EDV5047,United States,1773611144.0,1773611145,-77.0263,38.9697,9753.6,False,203.71
a04edb,AAL870,United States,1773611144.0,1773611144,-74.9122,39.3926,2651.76,False,161.68
ae6d55,EB012,United States,1773611144.0,1773611144,-87.1463,30.4734,518.16,False,65.06
ac81c6,ASI985,United States,1773611144.0,1773611144,-112.1396,33.6856,853.44,False,41.75
a318a3,N299TS,United States,1773611143.0,1773611143,-108.4069,45.5131,12496.8,False,274.69
a12861,DAL1882,United States,1773611145.0,1773611145,-81.1425,31.9069,9448.8,False,226.39
a7bc58,JIA5478,United States,1773611123.0,1773611123,-97.0338,32.8837,,True,0.32
a76c79,DAL1738,United States,1773611145.0,1773611145,-112.4556,40.2117,6248.4,False,230.57
c07b3c,ADS605,Canada,1773611145.0,1773611145,-121.9793,46.5937,11277.6,False,265.54
ac81cc,AAL2431,United States,1773611144.0,1773611144,-88.2661,37.0312,10660.38,False,265.77
4ca9d1,RYR9748,Ireland,1773611144.0,1773611144,-0.5674,38.8304,3870.96,False,171.83
ab5afe,SWA4430,United States,1773611140.0,1773611145,-122.3832,37.6059,,True,7.2
e49c66,PSGOO,Brazil,1773611138.0,1773611140,-54.8969,-13.851,8016.24,False,264.69
ac94fc,N91GV,United States,1773611144.0,1773611144,-101.7527,39.3791,13716.0,False,263.88
4ca9d3,RYR9FW,Ireland,1773611094.0,1773611094,0.2529,51.8971,167.64,False,72.08
aa3c8c,N759MA,United States,1773611144.0,1773611144,-122.0516,47.5627,662.94,False,63.96
aa3053,CXK1135,United States,1773610956.0,1773610957,-121.8554,37.6872,274.32,False,45.51
ac3477,DAL1696,United States,1773611144.0,1773611144,-116.9091,34.2412,6583.68,False,206.61
a8ef93,N675PC,United States,1773611106.0,1773611106,-88.5152,31.824,6888.48,False,142.46
acdde3,SWA1403,United States,1773611145.0,1773611145,-82.0092,34.151,11887.2,False,223.4
345646,,Spain,,1773611004,,,,False,237.72
ac81d3,TAI555,United States,1773611144.0,1773611144,-90.4072,14.399,3863.34,False,161.54
345642,VLG3943,Spain,1773611145.0,1773611145,-0.9842,38.8413,10972.8,False,233.56
345645,VLG36YN,Spain,1773611144.0,1773611144,5.9744,45.0,11269.98,False,239.11
4ca9a9,RYR7JF,Ireland,1773611145.0,1773611145,1.8528,51.6312,11582.4,False,215.56
a6f0e3,N5462Q,United States,1773611145.0,1773611145,-121.2138,44.1145,1188.72,False,39.1
acd1c7,N925LR,United States,1773611144.0,1773611144,-122.2372,38.2359,1965.96,False,91.57
a8a6cd,N657AT,United States,1773611145.0,1773611145,-78.7988,32.5817,13106.4,False,263.32
a9d9f7,AAL100P,United States,1773611144.0,1773611144,-0.2112,51.3584,2141.22,False,136.66
a3e08d,UPS958,United States,1773611145.0,1773611145,-97.4105,40.4448,12192.0,False,223.22
a6a382,LXJ527,United States,1773611145.0,1773611145,-118.4391,33.501,6690.36,False,196.06
ae7458,CNV42,United States,1773611145.0,1773611145,-99.4138,34.2345,10347.96,False,270.95
a7d68f,ERU4,United States,1773610891.0,1773610892,-112.188,34.5125,2217.42,False,48.22
c08260,WJA2039,Canada,1773611145.0,1773611145,-97.3553,28.3702,10668.0,False,239.62
ac2154,SWA403,United States,1773611088.0,1773611088,-71.0134,42.3636,,True,5.92
0d0c8f,AMX831,Mexico,1773611145.0,1773611145,-94.9278,20.7781,10972.8,False,202.7
a830d6,N627GB,United States,1773611128.0,1773611128,-81.3354,28.5475,,True,0.0
a9034b,ARR680,United States,1773610908.0,1773610908,-81.2138,29.7983,754.38,False,127.77
344304,IBE03PD,Spain,1773611145.0,1773611145,-84.7512,42.9976,5257.8,False,166.82
aa435b,AAL712,United States,1773611145.0,1773611145,-90.4818,33.2181,11582.4,False,186.49
ad5480,AAL2610,United States,1773611144.0,1773611144,-118.5362,34.9723,10972.8,False,222.25
a92994,N69NL,United States,1773611144.0,1773611144,-84.5635,33.6805,1188.72,False,98.85
ac1a72,SWA4229,United States,1773611145.0,1773611145,-79.4399,41.3546,11277.6,False,259.59
781c0d,CES217,China,1773611143.0,1773611145,90.1838,56.4057,10972.8,False,219.71
a96ffe,N707QS,United States,1773611144.0,1773611145,-80.8156,24.6853,6088.38,False,189.62
a3a503,DAL665,United States,1773611144.0,1773611145,-106.9487,33.4638,10043.16,False,247.01
abb1de,SWA3288,United States,1773611145.0,1773611145,-86.0665,41.5249,5295.9,False,165.7
a10e23,UAL450,United States,1773611144.0,1773611144,-97.7445,44.3655,11277.6,False,252.72
a976f8,N709LA,United States,1773611145.0,1773611145,-74.9764,40.0694,289.56,False,52.56
0ca3fc,V2TMB,Antigua and Barbuda,1773611130.0,1773611130,-60.9321,13.5538,1851.66,False,120.09
ab017b,VXP355,United States,1773611145.0,1773611145,-80.6933,32.7076,11582.4,False,220.81
782307,YZR7929,China,1773611145.0,1773611145,4.7505,52.2134,1699.26,False,130.17
ad413b,EJA953,United States,1773611145.0,1773611145,-115.306,35.8368,2369.82,False,107.67
7585b3,APG190,Philippines,1773611144.0,1773611145,121.5025,15.7747,8016.24,False,224.18
abfa5f,N871DG,United States,1773611145.0,1773611145,-115.5827,42.9735,6705.6,False,135.86
adfde0,RCH123,United States,1773611144.0,1773611144,-8.7626,52.778,701.04,False,55.36
a0e220,SKW5652,United States,1773611144.0,1773611144,-87.0174,33.6985,10363.2,False,199.63
aae184,N80WM,United States,1773611145.0,1773611145,-81.8344,30.6026,3055.62,False,112.29
e4a3f0,GLO9603,Brazil,1773611144.0,1773611144,-44.9912,-16.1217,11277.6,False,236.05
c032a2,WEN3469,Canada,1773611000.0,1773611000,-123.2044,49.1909,,True,0.64
a1b2a8,JBU1188,United States,1773611057.0,1773611057,-65.1745,20.8533,9753.6,False,220.23
a08b63,N134PS,United States,1773611144.0,1773611144,-111.9077,40.8595,1470.66,False,46.33
a34209,AAL3024,United States,1773611145.0,1773611145,-88.1165,40.9407,3329.94,False,138.06
a89f52,PDT5967,United States,1773611116.0,1773611139,-83.9541,35.8469,563.88,False,70.94
abaafe,SWA1691,United States,1773611145.0,1773611145,-87.4154,42.6913,3238.5,False,142.23
345613,VOE8KT,Spain,1773611145.0,1773611145,-5.1709,45.084,11574.78,False,217.97
4ca9ec,RYR433R,Ireland,1773611145.0,1773611145,1.9169,41.1779,11277.6,False,246.64
aa3c64,N759KL,United States,1773611144.0,1773611144,-85.4308,32.5961,525.78,False,51.59
a34201,AAY1703,United States,1773611144.0,1773611144,-105.6384,37.4665,8839.2,False,235.43
ad3a5f,SWA351,United States,1773611144.0,1773611144,-95.9638,31.566,7208.52,False,177.78
4ca9ea,RYR841J,Ireland,1773610802.0,1773610963,-12.7086,38.6024,10972.8,False,223.27
151d9c,AFL421,Russian Federation,1773610810.0,1773611141,39.0784,40.711,10668.0,False,244.61
151d9d,AFL1565,Russian Federation,1773611144.0,1773611144,104.3999,52.2628,,True,9.77
a9bfc9,RPA3643,United States,1773611144.0,1773611144,-77.4582,38.9702,,True,2.57
a0f566,AAL2359,United States,1773611144.0,1773611144,-78.7888,38.1503,10363.2,False,205.69
a5468e,SWA574,United States,1773611101.0,1773611101,-98.446,29.512,464.82,False,75.89
a5dcde,UAL2224,United States,1773611145.0,1773611145,-101.1422,38.706,10066.02,False,270.36
a736e5,N564MM,United States,1773611145.0,1773611145,-121.8235,37.3889,601.98,False,30.88
a5e3d4,VJA479,United States,1773611144.0,1773611144,-81.7836,42.1133,12496.8,False,271.6
a7cf40,LXJ602,United States,1773611035.0,1773611035,-117.1772,32.7317,,True,2.83
c07b09,ACA1299,Canada,1773611144.0,1773611144,-89.8434,31.1114,6256.02,False,185.9
e49050,AZU6504,Brazil,1773611144.0,1773611144,-49.2577,-25.4556,1424.94,False,98.24
a438c3,DAL2431,United States,1773611145.0,1773611145,-92.65,40.3072,10378.44,False,212.46
a305aa,EDV5150,United States,1773611145.0,1773611145,-73.6733,40.68,906.78,False,116.52
aab922,ENY3924,United States,1773611144.0,1773611145,-96.1347,33.6051,7353.3,False,192.18
a89336,N6513D,United States,1773611144.0,1773611144,-110.9723,32.7567,1950.72,False,42.68
a91616,,United States,1773611081.0,1773611081,-81.298,28.43,,True,4.89
a88c3c,N65V,United States,1773611144.0,1773611144,-120.1706,34.66,1645.92,False,84.17
4ca9e7,NOS794,Ireland,1773611145.0,1773611145,18.683,41.8211,11887.2,False,252.16
a23525,EJA241,United States,1773611143.0,1773611144,-117.2062,36.363,10462.26,False,222.4
7c3963,LMD,Australia,1773611141.0,1773611145,153.1567,-26.8025,251.46,False,90.55
a89f80,EDV5185,United States,1773611144.0,1773611144,-84.434,33.6454,,True,10.8
aa06f8,N745V,United States,1773611145.0,1773611145,-118.9589,35.2718,2682.24,False,87.0
a4b0bb,DAL75,United States,1773610973.0,1773610973,-84.4263,33.6394,,True,1.8
a6a33f,DAL791,United States,1773611144.0,1773611144,-87.2568,35.1184,10668.0,False,279.66
a09e70,UPS5488,United States,1773611145.0,1773611145,-84.4553,41.4194,5859.78,False,224.11
a7d655,VNT60,United States,1773611145.0,1773611145,-73.494,40.7891,480.06,False,63.02
c045f1,WJA641,Canada,1773610927.0,1773610927,-114.0078,51.1283,,True,0.77
7c6ca9,NWK1700,Australia,1773611145.0,1773611145,117.4374,-29.7861,9837.42,False,259.51
c07b42,WJA80,Canada,1773611143.0,1773611143,-119.6566,52.0323,10363.2,False,192.0
a16ee0,UAL2437,United States,1773611144.0,1773611144,-99.4805,44.8084,11277.6,False,255.97
4ca9cb,EIN1XL,Ireland,1773611144.0,1773611144,-75.522,39.9022,1280.16,False,93.14
4ca9cc,RYR85KB,Ireland,1773611145.0,1773611145,8.0601,48.7584,472.44,False,75.06
ad3a7f,AAL1024,United States,1773611077.0,1773611077,-81.313,28.4274,,True,0.0
aa9cc1,TCN783,United States,1773611145.0,1773611145,-78.9074,27.9825,8618.22,False,236.74
aa4322,SKW6472,United States,1773611143.0,1773611143,-97.0409,32.8861,,True,6.69
a23531,N241RD,United States,1773611145.0,1773611145,-121.9543,36.8366,2560.32,False,60.65
7c7fba,ZIK,Australia,1773611144.0,1773611144,150.6569,-33.8998,2552.7,False,61.14
aaa616,UAL2745,United States,1773611144.0,1773611144,-96.4794,42.6892,10363.2,False,221.17
a1286c,DAL679,United States,1773611144.0,1773611144,-89.2736,47.0839,10972.8,False,216.58
ac59aa,UAL2187,United States,1773611144.0,1773611144,-107.809,38.537,9425.94,False,190.28
78100b,CCA907,China,1773611144.0,1773611144,87.0406,57.0042,10965.18,False,214.05
ab39e3,SKW3723,United States,1773611145.0,1773611145,-78.9909,42.8666,10363.2,False,201.75
a042d2,N116DK,United States,1773610952.0,1773610957,-106.4149,42.9094,1699.26,False,56.61
a95ca4,GTI8608,United States,1773611145.0,1773611145,-149.4611,60.94,3368.04,False,165.22
a042d5,DAL1371,United States,1773610983.0,1773610984,-83.331,42.2239,373.38,False,71.11
a70f80,JIA5280,United States,1773611145.0,1773611145,-81.524,41.4978,1524.0,False,135.01
ad7aa7,N968JA,United States,1773611144.0,1773611144,-77.4472,39.2005,2682.24,False,103.42
781bf7,CSN325,China,1773611143.0,1773611144,150.617,-31.3485,11887.2,False,228.21
781bf6,CSN674,China,1773611144.0,1773611144,-0.5191,51.6392,3070.86,False,164.53
a6800a,KPO518,United States,1773611144.0,1773611144,-111.1748,34.0601,5608.32,False,175.08
ad474e,AVA231,United States,1773611145.0,1773611145,-66.169,18.3986,3703.32,False,175.25
abe105,ASI155,United States,1773611144.0,1773611144,-112.5474,33.7954,1066.8,False,56.24
4841ad,KLM701,Kingdom of the Netherlands,1773611145.0,1773611145,-3.878,48.3757,9753.6,False,243.26
a6a6f6,DAL1647,United States,1773611143.0,1773611144,-112.3247,39.6171,6256.02,False,173.16
a02e0a,AAL1776,United States,1773611144.0,1773611144,-71.1518,42.2199,762.0,False,91.19
a3338c,SKW3618,United States,1773611145.0,1773611145,-113.8624,36.8592,10668.0,False,194.83
a2b0cd,UAL2234,United States,1773611145.0,1773611145,-96.444,32.2701,10058.4,False,219.93
4079f6,BAW5RI,United Kingdom,1773611144.0,1773611144,12.9987,45.645,11277.6,False,234.7
a28804,N262SJ,United States,1773611144.0,1773611145,-95.2502,29.6152,1905.0,False,121.29
a380f4,XSR325,United States,1773611143.0,1773611145,-102.9529,35.6918,13716.0,False,239.48
aaba41,RPA3698,United States,1773611145.0,1773611145,-74.6706,40.0805,3025.14,False,189.4
abe101,SWA2247,United States,1773611144.0,1773611144,-94.459,38.8154,10363.2,False,205.12
a8496e,FFT1615,United States,1773611129.0,1773611134,-81.3152,28.4362,,True,0.0
4601f4,FIN511,Finland,1773611145.0,1773611145,24.7645,62.3491,5494.02,False,172.87
4841c5,MPH8371,Kingdom of the Netherlands,1773611136.0,1773611142,4.7617,52.2961,,True,0.0
a33398,EJM515,United States,1773611144.0,1773611145,-102.7418,31.8051,12161.52,False,172.06
4601f9,FIN419,Finland,1773611144.0,1773611144,24.9767,60.3151,,True,8.75
a6099c,N48868,United States,1773611145.0,1773611145,-121.1793,44.6625,1203.96,False,33.99
acbdad,FTN9,United States,1773611145.0,1773611145,-108.1141,35.5588,10972.8,False,202.79
abda30,CBC863,United States,1773610894.0,1773610894,-111.9625,40.7727,1188.72,False,50.61
c038fc,HRT020,Canada,1773611135.0,1773611137,-79.6518,43.6891,,True,0.0
a87cb5,NDU646,United States,1773611144.0,1773611144,-111.4806,33.0041,1082.04,False,33.99
a380cb,KAP14,United States,1773611145.0,1773611145,-73.0287,41.8185,2004.06,False,101.84
477d8b,AIRSIDE1,Hungary,1773611142.0,1773611142,19.2706,47.4331,,True,1.03
ad342e,WDY600,United States,1773611144.0,1773611145,-100.1739,43.9928,13716.0,False,289.76
e4988c,GLO2015,Brazil,1773611144.0,1773611144,-48.2954,-25.1854,7772.4,False,218.88
e4988e,GLO1939,Brazil,1773610883.0,1773610884,-43.2791,-22.8022,152.4,False,77.09
440a8c,TAY400,Austria,1773611145.0,1773611145,12.4581,48.9071,10363.2,False,243.42
a57379,N450PZ,United States,1773611144.0,1773611144,-76.8645,39.3803,4815.84,False,215.2
a71668,N556HD,United States,1773611145.0,1773611145,-114.7105,35.7786,11277.6,False,219.3
a70336,N551AV,United States,1773611145.0,1773611145,-77.2951,37.7374,11315.7,False,239.69
ac74e3,N901WM,United States,1773611076.0,1773611076,-68.7526,44.8081,-68.58,False,6.0
ac74f9,EDV5327,United States,1773610880.0,1773610885,-84.4252,33.6422,,True,0.06
a44c70,DAL787,United States,1773611143.0,1773611144,-99.954,38.6817,10668.0,False,263.88
a7acce,N594FP,United States,1773611142.0,1773611144,-80.8814,24.9781,5806.44,False,179.24
a883bd,JBU1241,United States,1773611145.0,1773611145,-73.6864,40.0042,10363.2,False,207.28
a6a6fe,DAL301,United States,1773611145.0,1773611145,-85.674,33.3045,8839.2,False,214.35
adddd5,AAL611,United States,1773611144.0,1773611145,-77.7752,28.5913,9448.8,False,233.99
a68c82,SCX3085,United States,1773611144.0,1773611144,-89.521,38.1178,10972.8,False,203.75
47ba0d,SAS1772,Norway,1773611144.0,1773611144,20.2318,59.348,8343.9,False,248.53
abe11b,N86472,United States,1773611144.0,1773611144,-122.3243,48.3886,525.78,False,82.6
4867eb,TRA19M,Kingdom of the Netherlands,1773611144.0,1773611144,3.193,50.8018,9037.32,False,235.61
4867ec,TRA4G,Kingdom of the Netherlands,1773611144.0,1773611144,1.1839,47.2143,10980.42,False,225.99
ac61bc,SWA3726,United States,1773611144.0,1773611144,-103.5367,39.2103,7909.56,False,158.54
a5b01a,N466CC,United States,1773611143.0,1773611143,-120.4274,35.1061,2263.14,False,80.56
a7167f,JBU2016,United States,1773611144.0,1773611144,-74.8258,39.0557,3970.02,False,207.52
acb1a9,N917LC,United States,1773611145.0,1773611145,-111.4429,33.6609,1859.28,False,53.59
4841a9,TRA5U,Kingdom of the Netherlands,1773611145.0,1773611145,4.3607,52.0046,2286.0,False,147.47
a7acd6,LXJ594,United States,1773611144.0,1773611144,-88.3544,43.2555,13716.0,False,207.51
a45353,UPS812,United States,1773611145.0,1773611145,-88.6645,38.3017,11590.02,False,206.69
abe124,SWA1753,United States,1773611145.0,1773611145,-94.6902,33.5757,10972.8,False,188.89
4079d2,CFE1LJ,United Kingdom,1773611145.0,1773611145,-1.6914,42.9303,11277.6,False,230.41
ad1a1d,WUP943,United States,1773611118.0,1773611119,-78.4602,28.7541,6126.48,False,210.9
a9da9e,N734HH,United States,1773611118.0,1773611118,-84.2989,33.2639,548.64,False,53.15
0b439b,TGFLC,Guatemala,1773611139.0,1773611139,-90.5242,14.5934,,True,33.95
a5cf8b,UAL2376,United States,1773611139.0,1773611139,-84.4424,33.6447,,True,1.8
4bab46,THY5GM,Turkey,1773611145.0,1773611145,6.8045,40.9431,11277.6,False,231.77
4841a6,KLM75V,Kingdom of the Netherlands,1773611144.0,1773611144,-2.5147,41.5045,8709.66,False,244.38
4bab55,TKJ569,Turkey,1773611145.0,1773611145,30.8904,36.2271,10668.0,False,222.1
ad7ab8,JBU920,United States,1773611144.0,1773611144,-89.3483,36.914,10675.62,False,270.33
a0c075,AAL3292,United States,1773611144.0,1773611144,-98.2711,32.3572,5303.52,False,206.52
a45f94,LXJ381,United States,1773611145.0,1773611145,-105.1096,39.9067,,True,7.72
a56c9f,LXJ449,United States,1773611066.0,1773611066,-118.3954,33.9339,,True,0.39
aa1aab,RKJ750,United States,1773611142.0,1773611142,-118.4918,34.2027,,True,0.0
a82332,UPS83,United States,1773611144.0,1773611145,-150.0004,61.1807,,True,6.94
acbdca,N92WE,United States,1773611144.0,1773611144,-60.3383,12.9003,3383.28,False,115.12
c012ba,CJT1925,Canada,1773611145.0,1773611145,-89.303,39.8417,10264.14,False,251.57
a0480b,AAL1671,United States,1773611134.0,1773611134,-80.1115,26.6833,38.1,False,69.03
e4986e,PSJAQ,Brazil,1773610946.0,1773610946,-46.6518,-23.5806,944.88,False,55.41
acc4c8,N9214C,United States,1773611145.0,1773611145,-151.3554,60.7005,1280.16,False,48.38
a5738b,EJM450,United States,1773611143.0,1773611143,-94.1988,18.25,12192.0,False,222.04
a5d68a,UAL382,United States,1773611144.0,1773611145,-95.4439,29.9452,1379.22,False,126.55
a87cbe,JIA5030,United States,1773611144.0,1773611144,-81.7614,37.76,9791.7,False,218.14
020106,CNCTA,Morocco,1773611145.0,1773611145,-7.7122,33.4691,8473.44,False,229.6
84bd16,SFJ70,Japan,1773611144.0,1773611144,134.7565,34.3586,11277.6,False,275.89
c012bd,WJA2267,Canada,1773611141.0,1773611141,-108.5104,49.0491,11582.4,False,190.99
7c5c67,SJD,Australia,1773611144.0,1773611144,150.4937,-33.1158,2042.16,False,86.5
4854c7,TRA12B,Kingdom of the Netherlands,1773611145.0,1773611145,1.1784,48.2278,10980.42,False,230.97
e49877,PTWNS,Brazil,1773611144.0,1773611144,-46.9767,-23.6295,3657.6,False,107.84
4bab56,TKJ7LG,Turkey,1773611143.0,1773611145,31.1474,37.5157,5501.64,False,158.57
4ca8fc,NOS750,Ireland,1773611144.0,1773611144,20.1171,38.7451,11879.58,False,256.33
a26e27,N256DV,United States,1773611145.0,1773611145,-85.0069,41.2409,9349.74,False,231.86
a5730b,N450KP,United States,1773611079.0,1773611082,-135.1773,58.2183,1927.86,False,78.96
a0f8d3,UCA4945,United States,1773611145.0,1773611145,-77.4494,39.9774,5791.2,False,227.43
aa2de2,N755PA,United States,1773611145.0,1773611145,-116.5719,44.5093,12192.0,False,181.1
a523b1,LXJ430,United States,1773611145.0,1773611145,-99.4233,35.6803,8534.4,False,176.97
a118e0,N17WZ,United States,1773611143.0,1773611144,-80.8003,31.9301,1226.82,False,72.06
a656bf,N5073N,United States,1773611144.0,1773611144,-122.564,47.2863,274.32,False,45.93
ad212a,EJA945,United States,1773610979.0,1773610979,-117.1781,32.7327,,True,5.4
738285,ISR941,Israel,1773610373.0,1773611144,34.8679,32.014,7680.96,False,83.9
aa1aa8,N750GJ,United States,1773611145.0,1773611145,-117.3471,33.2183,3009.9,False,41.93
a6a6b7,ASA680,United States,1773611144.0,1773611145,-123.3152,44.1638,11277.6,False,247.55
738287,ISR898,Israel,1773611145.0,1773611145,31.8308,35.0105,11277.6,False,244.27
4bb294,TKJ95E,Turkey,1773610883.0,1773610887,29.2802,40.8766,220.98,False,67.42
a5d623,UAL404,United States,1773611145.0,1773611145,-95.897,29.6896,3878.58,False,179.79
4bb292,THY2EF,Turkey,1773611144.0,1773611145,0.496,51.6518,3307.08,False,129.68
a08edf,N135MH,United States,1773610928.0,1773610930,-77.0746,38.9105,30.48,False,2.77
4867e6,XRO1037,Kingdom of the Netherlands,1773609024.0,1773611142,48.5897,40.7564,13106.4,False,57.62
c07517,AHC2,Canada,1773611094.0,1773611128,-123.1892,49.1839,-60.96,False,10.91
a69f49,ASA1402,United States,1773611145.0,1773611145,-118.7371,34.6535,10363.2,False,207.94
a523ab,FFT1244,United States,1773611144.0,1773611144,-82.6975,29.256,9738.36,False,232.61
c01ec6,FLE2801,Canada,1773611143.0,1773611145,-110.2409,27.6402,10972.8,False,223.49
a523c6,GTI8603,United States,1773611145.0,1773611145,-81.7041,46.918,10668.0,False,256.9
ad2d8a,N9482M,United States,1773611144.0,1773611144,-112.4932,34.1759,2773.68,False,80.92
a32098,N300PA,United States,1773611145.0,1773611145,-121.6781,45.7129,1310.64,False,63.3
a4b64b,RPA4726,United States,1773611047.0,1773611047,-86.2901,39.7306,411.48,False,65.84
a41804,LXJ363,United States,1773611144.0,1773611144,-82.8198,26.4405,11026.14,False,212.9
c038c8,ACA62,Canada,1773611137.0,1773611144,-84.2804,46.9707,11879.58,False,235.7
a789cb,N585PL,United States,1773611144.0,1773611144,-79.3222,35.5882,12496.8,False,265.35
aa9748,CXK592,United States,1773611144.0,1773611144,-111.9142,32.8739,1363.98,False,51.82
a5cf3c,UAL1545,United States,1773611144.0,1773611145,-94.5069,30.5293,4084.32,False,173.17
a9b911,N7254P,United States,1773610852.0,1773610852,-104.7623,41.1125,2133.6,False,67.66
ad1a4e,SWA1670,United States,1773611144.0,1773611145,-89.1641,32.3576,10972.8,False,273.32
a4405f,EJA373,United States,1773611127.0,1773611127,-110.2386,34.9924,8016.24,False,212.38
c07506,CGSIF,Canada,1773611145.0,1773611145,-114.3278,50.9862,1775.46,False,53.98
ac5afd,SWA4122,United States,1773611145.0,1773611145,-92.0542,35.331,10972.8,False,190.86
c07534,JZA7186,Canada,1773611144.0,1773611144,-81.1063,47.6409,7620.0,False,174.58
a1b812,N21KH,United States,1773611145.0,1773611145,-90.9462,39.0265,12496.8,False,242.35
44cdcf,BEL6AK,Belgium,1773611145.0,1773611145,4.5,50.9079,38.1,False,62.64
a32087,N300NJ,United States,1773611145.0,1773611145,-99.1575,34.0145,13106.4,False,214.13
44cdce,BEL72R,Belgium,1773611143.0,1773611143,4.4928,50.8998,,True,10.8
c08863,POE306,Canada,1773611144.0,1773611144,-113.146,49.6191,11277.6,False,252.95
a88fd1,N6505R,United States,1773611144.0,1773611144,-118.6308,38.688,9304.02,False,281.12
aac189,RKJ792,United States,1773611144.0,1773611144,-76.8093,35.1903,12001.5,False,268.47
c08861,POE471,Canada,1773611145.0,1773611145,-63.4964,44.7813,1234.44,False,102.62
44cdcc,BEL7JN,Belgium,1773611145.0,1773611145,1.5035,48.9741,10363.2,False,229.01
a58672,UAL2272,United States,1773611145.0,1773611145,-94.855,44.534,6713.22,False,204.83
acb1e5,AAL1672,United States,1773611144.0,1773611145,-111.0028,32.9742,7399.02,False,254.44
c8281b,PLC2,New Zealand,1773611144.0,1773611144,174.7837,-36.8505,441.96,False,49.77
c0885e,POE264,Canada,1773611145.0,1773611145,-99.5995,49.8804,11887.2,False,243.48
a5d648,UAL2101,United States,1773611144.0,1773611144,-96.0215,38.1797,10363.2,False,209.21
a238a6,ENY4066,United States,1773611129.0,1773611138,-82.5389,27.9865,,True,0.0
a5cf4e,N4735H,United States,1773611144.0,1773611145,-71.0731,42.365,91.44,False,36.06
4867c1,KLM89E,Kingdom of the Netherlands,1773611144.0,1773611144,24.5971,60.3852,1211.58,False,137.77
e47e7c,GLO1762,Brazil,1773611145.0,1773611145,-44.5861,-21.3334,11353.8,False,235.58
a5d643,UAL701,United States,1773611145.0,1773611145,-88.1364,28.2688,10668.0,False,248.27
4867c4,KLM85P,Kingdom of the Netherlands,1773611144.0,1773611144,13.8755,49.0723,11277.6,False,237.68
e47e7f,GLO1273,Brazil,1773611145.0,1773611145,-46.683,-23.7742,2766.06,False,135.29
c08857,POE482,Canada,1773611145.0,1773611145,-95.5915,45.28,11277.6,False,251.26
4bb26b,THY3KF,Turkey,1773611144.0,1773611144,15.502,46.7796,11285.22,False,225.61
a15516,AAL1100,United States,1773611144.0,1773611145,-94.4922,31.4805,10370.82,False,197.45
c08853,POE551,Canada,1773611144.0,1773611144,-79.8594,41.6167,10972.8,False,200.53
4066ce,TOM8PV,United Kingdom,1773611144.0,1773611144,-7.0622,44.6669,11582.4,False,220.38
a99192,N7154P,United States,1773611144.0,1773611145,-118.5504,34.6132,2575.56,False,71.11
aaba9a,UAL990,United States,1773611143.0,1773611143,-122.3919,37.6185,,True,0.0
7608eb,PIA750,Pakistan,1773610204.0,1773611134,28.2258,43.6646,10668.0,False,249.9
a095aa,EDV5108,United States,1773611144.0,1773611144,-79.858,33.1844,1684.02,False,126.68
c0884e,POE322,Canada,1773611144.0,1773611144,-99.2843,49.6077,11277.6,False,257.69
c0884f,POE788,Canada,1773611145.0,1773611145,-82.7753,29.0331,11582.4,False,235.94
4066d0,TOM365,United Kingdom,1773611137.0,1773611139,27.0707,33.4731,10972.8,False,205.48
4bb286,THY7EW,Turkey,1773611145.0,1773611145,3.0913,51.3016,9136.38,False,214.24
abda7d,FDX5142,United States,1773611144.0,1773611144,120.5054,23.7544,7429.5,False,237.42
a28812,SKW3897,United States,1773610891.0,1773610892,-77.9012,34.6427,1744.98,False,131.3
c06e45,TSC399,Canada,1773611145.0,1773611145,-73.8806,45.3725,701.04,False,81.56
477d31,TRUCK11,Hungary,1773611144.0,1773611144,19.2704,47.4332,,True,1.29
4bb284,THY372,Turkey,1773610841.0,1773610841,48.4111,40.7902,10050.78,False,259.8
a789ea,EJA585,United States,1773611144.0,1773611144,-89.9722,38.5671,5387.34,False,194.92
7c5c08,,Australia,,1773611088,,,,False,6.43
acb285,AAL2953,United States,1773611145.0,1773611145,-81.7989,34.6051,5897.88,False,207.38
a01b5c,DAL930,United States,1773611115.0,1773611115,-111.9801,40.7874,,True,2.06
44cdc9,BEL9FL,Belgium,1773611145.0,1773611145,17.931,59.6551,,True,5.66
44cdc6,BEL2ET,Belgium,1773611145.0,1773611145,-0.0111,47.7249,10980.42,False,220.64
a68096,EJA518,United States,1773611144.0,1773611144,-79.3325,37.8795,13106.4,False,188.96
44cdc5,BEL29D,Belgium,1773611042.0,1773611049,1.3716,43.6315,,True,0.06
a1b86b,N21NX,United States,1773611144.0,1773611144,-81.8759,27.5572,7315.2,False,118.03
a728a8,N560TW,United States,1773611144.0,1773611144,-117.8943,33.6046,754.38,False,92.11
7c39f1,QLK87D,Australia,1773611043.0,1773611137,144.8516,-37.6669,,True,0.0
020175,MAC522,Morocco,1773611145.0,1773611145,25.3813,41.0395,10066.02,False,230.73
aae703,EJA801,United States,1773611145.0,1773611145,-80.2936,26.0777,594.36,False,83.34
a6e38d,STY543,United States,1773611144.0,1773611145,-74.4769,40.9747,2674.62,False,151.06
758773,CEB311,Philippines,1773611009.0,1773611009,121.016,14.5145,,True,5.66
a3e525,DAL1755,United States,1773611145.0,1773611145,-79.3683,28.4778,10668.0,False,237.65
0b4330,TGMAN,Guatemala,1773611144.0,1773611144,-90.689,14.3866,2270.76,False,57.8
44cdd1,BEL9WB,Belgium,1773611144.0,1773611144,5.3057,43.354,601.98,False,72.64
a65835,FRG283,United States,1773611144.0,1773611144,-83.271,33.7721,9448.8,False,175.93
c81530,ZKOAT,New Zealand,1773611122.0,1773611122,174.972,-37.0533,274.32,False,38.29
a26e4a,FDX240,United States,1773611145.0,1773611145,-90.6855,35.0163,6576.06,False,204.29
a0e5f2,N157U,United States,1773611144.0,1773611144,-112.143,41.1291,3535.68,False,79.43
adde95,JBU301,United States,1773611144.0,1773611145,-80.2135,26.2134,2499.36,False,148.26
a0cbd6,SKW4782,United States,1773611145.0,1773611145,-122.4417,37.7167,3307.08,False,135.56
a3a8f5,LXJ335,United States,1773611142.0,1773611144,-116.6801,34.5949,6850.38,False,213.83
a2886c,SWA2336,United States,1773611144.0,1773611144,-79.1188,37.29,8534.4,False,191.11
a16879,N190DC,United States,1773611138.0,1773611138,-121.1462,44.2841,1706.88,False,48.89
c82871,ANZ010M,New Zealand,1773611145.0,1773611145,175.1526,-36.8949,1447.8,False,92.74
75872b,CEB279,Philippines,1773611087.0,1773611100,115.6954,3.6056,10980.42,False,224.79
c038ac,ACA35,Canada,1773611145.0,1773611145,153.2401,-27.1892,1173.48,False,104.68
a2c508,N278JM,United States,1773611143.0,1773611144,-115.8899,43.3243,5783.58,False,123.55
a01b56,DAL2858,United States,1773611144.0,1773611145,-82.1777,37.8415,10043.16,False,247.96
aa490a,AVA197,United States,1773611086.0,1773611086,-73.9296,3.4871,8648.7,False,238.47
3c0d0c,TUI255,Germany,1773611145.0,1773611145,8.9007,47.8997,5128.26,False,180.14
a105e8,SKW5567,United States,1773610863.0,1773610876,-107.9219,38.176,4084.32,False,176.68
aa7198,ENY3610,United States,1773611145.0,1773611145,-80.4844,43.4171,3352.8,False,179.94
abb7a3,EJA854,United States,1773611145.0,1773611145,-94.6529,29.6663,6728.46,False,244.06
a7f05c,N610SP,United States,1773611144.0,1773611144,-122.0959,37.5614,518.16,False,48.42
a6a815,EJA528,United States,1773611145.0,1773611145,-76.8223,36.957,13106.4,False,198.64
a9ecf6,N739EZ,United States,1773611144.0,1773611144,-121.4587,38.3107,198.12,False,38.71
020140,MAC725,Morocco,1773611145.0,1773611145,-5.6096,35.7011,1257.3,False,121.57
758723,CEB625,Philippines,1773611144.0,1773611144,120.8965,14.5363,1805.94,False,141.26
e49849,TAM8195,Brazil,1773611136.0,1773611138,-55.2919,-11.5531,12489.18,False,238.92
c060bd,POE654,Canada,1773611145.0,1773611145,-112.6998,36.4963,9441.18,False,224.0
c060bf,POE642,Canada,1773611144.0,1773611144,-112.0121,33.431,350.52,False,78.2
7cac27,8AH,Australia,1773611144.0,1773611144,152.8399,-31.4689,129.54,False,48.26
c82893,ZKDOY,New Zealand,1773611145.0,1773611145,175.6905,-40.9381,693.42,False,41.18
c060bb,POE596,Canada,1773611034.0,1773611034,-79.9255,43.1667,,True,10.29
a3956d,WCC33,United States,1773611144.0,1773611144,-121.9175,36.6079,929.64,False,82.01
a2be6d,SKW4033,United States,1773611144.0,1773611144,-86.4869,38.2985,10668.0,False,187.26
70c10d,OMS783,Oman,1773611122.0,1773611122,75.5643,14.859,11277.6,False,260.08
a6803f,N518ME,United States,1773611145.0,1773611145,-84.5794,35.7739,6690.36,False,170.34
a81c79,N6211K,United States,1773611144.0,1773611144,-118.4262,34.274,487.68,False,31.95
7c5c58,MC41,Australia,1773611145.0,1773611145,151.6846,-27.3356,800.1,False,62.5
70c105,OMA154,Oman,1773611144.0,1773611144,21.2744,40.1918,11887.2,False,254.97
4bb1a2,THY50,Turkey,1773611142.0,1773611142,125.4762,37.1206,11269.98,False,292.94
70c107,OMA148,Oman,1773611144.0,1773611144,17.977,37.5712,11277.6,False,249.21
a87cf4,EJA646,United States,1773611131.0,1773611131,-80.2184,27.1755,,True,0.0
70c101,OMA817,Oman,1773611145.0,1773611145,90.233,18.6037,11277.6,False,267.49
aae73b,SCX1694,United States,1773611145.0,1773611145,-93.0079,44.8318,3779.52,False,156.04
a9ecca,N739DE,United States,1773611144.0,1773611144,-98.076,29.6874,784.86,False,35.23
a32bcb,EDV5134,United States,1773611145.0,1773611145,-79.6644,38.3398,9448.8,False,264.78
a2b223,FDX757,United States,1773611144.0,1773611144,-75.5054,40.9923,3634.74,False,181.66
aa21ef,SKW4970,United States,1773611145.0,1773611145,-85.4923,42.7866,5044.44,False,117.07
c060c5,POE517,Canada,1773611145.0,1773611145,-76.1379,43.7887,10706.1,False,191.44
c060c4,POE792,Canada,1773611143.0,1773611145,-88.5209,33.3193,11277.6,False,249.16
c060c7,POE664,Canada,1773610931.0,1773610931,-118.3994,33.9389,,True,7.2
a1a56d,RPA5637,United States,1773611026.0,1773611039,-81.2423,32.129,137.16,False,70.48
c060c0,POE512,Canada,1773611144.0,1773611144,-78.0265,33.7894,10058.4,False,257.64
c073f4,CGRXR,Canada,1773611145.0,1773611145,-79.8187,44.4592,6096.0,False,143.24
c060c2,POE307,Canada,1773611144.0,1773611144,-117.8091,49.9051,11582.4,False,160.95
7c764d,JST498,Australia,1773610855.0,1773610855,153.4871,-28.135,106.68,False,66.76
a38237,EDV4997,United States,1773611144.0,1773611145,-74.6425,41.53,6210.3,False,204.38
aae757,UAL2104,United States,1773611145.0,1773611145,-90.6192,35.2918,10370.82,False,196.79
4bb1a5,THY83J,Turkey,1773611145.0,1773611145,-100.3883,50.6285,10972.8,False,257.78
a38223,AAY1474,United States,1773611145.0,1773611145,-86.4625,30.6898,1028.7,False,104.17
a6806c,N518P,United States,1773611144.0,1773611144,-86.4645,30.5906,2164.08,False,95.49
a9a637,N7202N,United States,1773611139.0,1773611139,-86.6959,33.3037,1066.8,False,77.04
7c39fa,QLK203D,Australia,1773611144.0,1773611144,151.1774,-33.9385,,True,7.46
a25b4d,ATN3355,United States,1773611144.0,1773611144,-83.2956,39.7301,3131.82,False,124.62
ad3408,ASI642,United States,1773611145.0,1773611145,-112.1401,33.831,1127.76,False,47.22
aacd50,UAL1017,United States,1773611141.0,1773611141,-112.0178,33.4385,,True,0.0
7c6f69,PY6001,Australia,1773611145.0,1773611145,116.7442,-31.5235,4541.52,False,110.73
a25b66,MXY734,United States,1773611144.0,1773611144,-80.4204,32.0209,10972.8,False,229.96
a21efb,MXY963,United States,1773611144.0,1773611145,-82.5252,28.0761,441.96,False,66.93
a37b1c,SKW4089,United States,1773611145.0,1773611145,-114.5243,40.8361,10363.2,False,187.28
7c39f9,QLK9D,Australia,1773611145.0,1773611145,151.1226,-33.9135,624.84,False,115.55
a4fe01,N4200K,United States,1773611144.0,1773611144,-96.6112,28.9489,6995.16,False,187.21
7c39f5,QLK802D,Australia,1773611145.0,1773611145,152.9783,-26.5182,6210.3,False,139.86
7c39f7,QLK180D,Australia,1773611144.0,1773611144,150.7809,-33.8597,1470.66,False,122.15
ab0786,N81FF,United States,1773611144.0,1773611144,-82.3752,27.2835,312.42,False,49.94
7c39f6,QLK38D,Australia,1773611121.0,1773611121,151.1828,-33.9312,,True,0.0
c060ca,POE131,Canada,1773611145.0,1773611145,-75.429,44.8504,6469.38,False,181.61
70c122,OMA172,Oman,1773611144.0,1773611145,14.3873,46.2881,11277.6,False,251.24
a20bf5,N2308E,United States,1773610959.0,1773610960,-122.5811,47.2495,60.96,False,40.85
a6e376,JIA5236,United States,1773611144.0,1773611144,-73.0315,41.0396,2400.3,False,131.87
a25b3f,ASA314,United States,1773611145.0,1773611145,-99.0775,43.1196,10363.2,False,225.37
a27569,N258CA,United States,1773611144.0,1773611144,-117.1596,32.8173,312.42,False,40.18
ad4744,ASA765,United States,1773611143.0,1773611143,-120.8686,42.9256,10668.0,False,272.77
a1ebd4,N2227Z,United States,1773611145.0,1773611145,-117.6542,33.9728,335.28,False,36.54
758707,CEB187,Philippines,1773611144.0,1773611144,121.0137,14.5167,,True,3.09
e48502,GLO1465,Brazil,1773611144.0,1773611144,-46.8352,-23.2617,3489.96,False,168.02
a9b971,N7257E,United States,1773610867.0,1773610867,-117.1321,32.8118,137.16,False,34.53
a87e4f,N6463J,United States,1773611144.0,1773611144,-84.9263,32.6216,2164.08,False,61.87
8005f1,AIC137,India,1773611145.0,1773611145,25.054,35.7922,11574.78,False,228.23
a848fb,N633BA,United States,1773611145.0,1773611145,-79.6365,40.2718,13106.4,False,204.56
acab11,AAL1637,United States,1773611144.0,1773611144,-104.6285,32.7078,9753.6,False,200.47
a715f8,N556CS,United States,1773611145.0,1773611145,-104.9829,34.0041,10972.8,False,195.11
3a21e5,RHL31,France,1773611145.0,1773611145,-149.6114,-17.1961,1844.04,False,110.27
4ca98a,ITY311,Ireland,1773611072.0,1773611072,9.2782,45.4572,,True,5.92
8005f0,AIC152,India,1773611144.0,1773611145,11.5583,45.4464,11277.6,False,249.91
a75235,CSI571,United States,1773611145.0,1773611145,-106.6514,32.0971,3589.02,False,119.88
a02da2,EJA110,United States,1773611094.0,1773611094,-107.5247,38.4829,5356.86,False,218.5
acbe3c,DAL2573,United States,1773611144.0,1773611145,-78.9881,42.4785,9136.38,False,209.56
c06ccf,PVL7669,Canada,1773611145.0,1773611145,-71.1305,42.4336,1371.6,False,114.92
780a67,CPA694,China,1773611144.0,1773611144,87.2058,24.9537,10668.0,False,267.5
a835d1,GXA6163,United States,1773611144.0,1773611144,-95.292,20.2185,11582.4,False,223.22
ac0bc4,UAL1643,United States,1773611143.0,1773611143,-77.45,38.945,,True,0.0
780a65,CPA865,China,1773611144.0,1773611145,120.9921,24.7663,10972.8,False,220.8
a6dbbd,RDN369,United States,1773611145.0,1773611145,-117.2351,33.1356,304.8,False,61.15
e80616,JES3814,Chile,1773610917.0,1773610917,-45.2791,-24.9999,10675.62,False,254.17
344043,7777XPML,Spain,,1773611145,,,,False,0.0
0ac16d,HK4499,Colombia,1773611145.0,1773611145,-74.0269,11.2229,5783.58,False,121.42
ae1845,BH707,United States,1773611143.0,1773611145,-117.5758,32.7523,0.0,False,66.21
0ac16c,HK4476,Colombia,1773611145.0,1773611145,-73.8288,11.2225,5821.68,False,112.68
a87200,N643SR,United States,1773611141.0,1773611141,-86.107,30.9668,1859.28,False,65.41
780a5c,,China,1773611142.0,1773611145,113.074,22.9319,7955.28,False,227.6
a452f2,EJA378,United States,1773611145.0,1773611145,-69.9836,43.7489,8206.74,False,241.3
7c0143,AI9,Australia,1773611114.0,1773611114,152.8647,-31.4346,,True,6.94
7c1475,QFA38,Australia,1773611145.0,1773611145,136.6134,-34.4713,11887.2,False,296.3
a955d8,N700PE,United States,1773611145.0,1773611145,-118.4516,34.0207,160.02,False,38.48
7c1473,QFA68,Australia,1773611144.0,1773611144,140.6989,-34.9796,12192.0,False,294.27
895052,RBA695,Brunei Darussalam,1773611138.0,1773611138,140.3883,35.7811,,True,6.43
e80620,JAT763,Chile,1773611079.0,1773611145,-49.1609,-25.4232,9761.22,False,214.46
a6456d,DAL389,United States,1773611144.0,1773611145,-158.7377,65.8454,11582.4,False,251.15
895057,RBA4,Brunei Darussalam,1773611014.0,1773611068,28.2592,43.9154,11163.3,False,254.7
ad7b17,AAL3133,United States,1773611145.0,1773611145,-110.5066,32.4282,8534.4,False,215.86
aa2e6f,AAL2926,United States,1773611144.0,1773611144,-71.5001,41.7042,3467.1,False,182.28
34535a,VLG7LX,Spain,1773611144.0,1773611144,-4.602,34.379,9128.76,False,229.04
aa7bcf,N775CC,United States,1773611144.0,1773611144,-112.7121,40.7218,4754.88,False,148.17
7c146e,QFA770,Australia,1773611144.0,1773611144,116.6668,-31.8691,5844.54,False,204.42
7c146f,QFA98,Australia,,1773611143,,,,False,247.95
ac754b,AAL2683,United States,1773611144.0,1773611144,-93.3302,42.4801,11894.82,False,250.92
e80623,JAP7253,Chile,1773611144.0,1773611144,-76.7252,-8.1846,10546.08,False,226.73
780a6f,CPA085,China,1773611143.0,1773611143,113.9183,22.3174,,True,13.89
346690,VLG99PQ,Spain,1773611145.0,1773611145,3.4691,42.0349,7757.16,False,239.45
a74b62,N5695B,United States,1773611145.0,1773611145,-102.5892,36.4258,13723.62,False,247.73
c06cf4,CGPGT,Canada,1773611144.0,1773611145,-114.5127,51.2649,1897.38,False,53.62
346692,VLG35C,Spain,1773611144.0,1773611144,-8.6745,41.2221,83.82,False,67.6
780a6e,CPA2070,China,1773611145.0,1773611145,-80.192,25.7998,998.22,False,130.39
e8061d,JEC5179,Chile,1773611144.0,1773611144,-74.1004,9.4412,9890.76,False,233.11
a09702,UPS5152,United States,1773611145.0,1773611145,-83.5217,39.6075,8229.6,False,249.93
aa7bd6,CKS223,United States,1773611117.0,1773611139,119.7022,23.2396,9448.8,False,278.36
a25b8e,N251DP,United States,1773611144.0,1773611144,-99.5201,27.7343,1280.16,False,73.41
e8061f,JES3816,Chile,1773611132.0,1773611132,-57.1425,-34.2795,9441.18,False,245.72
ad821a,N97JF,United States,1773611145.0,1773611145,-121.6031,37.0861,4175.76,False,29.45
c060b8,PTR2371,Canada,1773611145.0,1773611145,-73.6016,45.3573,7620.0,False,201.86
a75256,N571CD,United States,1773611144.0,1773611144,-78.6928,38.6804,2407.92,False,107.94
e48fcf,TAM3498,Brazil,1773611144.0,1773611144,-46.4738,-14.2608,9715.5,False,244.36
896356,ETD918,United Arab Emirates,1773611144.0,1773611145,11.7591,48.4217,10058.4,False,257.36
c060b3,PTR2287,Canada,1773611145.0,1773611145,-75.6106,44.6605,7620.0,False,205.88
a3825d,00000000,United States,1773611144.0,1773611144,-111.891,33.2985,944.88,False,85.27
78115e,CCA940,China,1773610526.0,1773611141,23.6318,58.0574,10058.4,False,264.33
a81bcc,SKW4765,United States,1773611088.0,1773611088,-111.6621,37.8856,10363.2,False,234.67
345359,VLG4DM,Spain,1773611032.0,1773611036,1.1891,38.802,762.0,False,104.51
a2c56d,ENY3346,United States,1773611119.0,1773611119,-97.0468,32.885,,True,8.75
c06ce2,CGPGB,Canada,1773611145.0,1773611145,-80.2465,37.4793,12504.42,False,244.4
4ca97a,RYR13ZN,Ireland,1773611144.0,1773611145,12.19,42.1477,1569.72,False,133.24
ad953c,UAL1354,United States,1773611145.0,1773611145,-102.3217,31.2003,9144.0,False,200.97
4ca97c,RYR621R,Ireland,1773610927.0,1773610927,-1.7436,52.4541,,True,8.23
a9085d,EJA681,United States,1773611145.0,1773611145,-111.8032,33.9372,2659.38,False,143.29
a62b88,EJA497,United States,1773611145.0,1773611145,-109.8397,32.4394,12496.8,False,243.46
a7c878,JIA5308,United States,1773611144.0,1773611144,-93.8841,37.8325,10058.4,False,254.56
780a98,CPA837,China,1773611145.0,1773611145,-126.6795,50.1838,9144.0,False,208.07
c06cda,WJA2569,Canada,1773611053.0,1773611053,-79.6072,43.6755,,True,11.32
a07d01,UPS580,United States,1773611145.0,1773611145,-86.62,39.1792,10980.42,False,230.92
a4f26b,LXJ418,United States,1773611065.0,1773611065,-64.3858,18.3648,7932.42,False,242.99
ac5b66,SWA4267,United States,1773611117.0,1773611117,-121.5986,38.6948,,True,4.89
a5c2dd,UAL1453,United States,1773611143.0,1773611144,-119.5791,35.3665,8534.4,False,217.19
7c6ded,QFA643,Australia,1773611145.0,1773611145,150.9527,-33.816,2407.92,False,141.96
ac756c,AAL1818,United States,1773611145.0,1773611145,-83.4304,27.8299,11582.4,False,231.15
a7650b,DAL1655,United States,1773611145.0,1773611145,-70.8283,42.5303,2651.76,False,132.84
405455,BAW839,United Kingdom,1773611043.0,1773611043,-0.4579,51.465,,True,6.69
4bb0f6,THY208,Turkey,1773611144.0,1773611145,80.9581,26.9059,11887.2,False,280.86
44ce78,BEL5LC,Belgium,1773611144.0,1773611144,6.7195,50.0295,6720.84,False,199.93
acd88e,DAL2612,United States,1773611144.0,1773611144,-91.1058,43.5141,10668.0,False,215.18
acab54,EDV5424,United States,1773611134.0,1773611134,-71.8707,42.2679,,True,0.0
89631a,UAE182,United Arab Emirates,1773611144.0,1773611144,22.1656,39.3558,10058.4,False,250.12
4bb0f2,THY216,Turkey,1773610844.0,1773610844,-38.8807,-18.2407,10934.7,False,254.97
44ce75,BEL9WV,Belgium,1773611144.0,1773611145,5.726,50.7934,5242.56,False,160.98
a728e5,KPO56,United States,1773611145.0,1773611145,-87.3493,29.473,12192.0,False,186.91
44ce6a,BEL9GI,Belgium,1773611145.0,1773611145,19.2525,47.4325,,True,5.92
ac6266,SWA4432,United States,1773611144.0,1773611144,-119.1565,36.8428,10668.0,False,246.48
4bb0ec,THY29M,Turkey,1773611142.0,1773611143,-26.1087,64.1152,11582.4,False,245.42
44ce6e,BEL56L,Belgium,1773611145.0,1773611145,6.3472,47.1087,10363.2,False,212.23
aa1b0a,N750LG,United States,1773611143.0,1773611144,-119.7542,34.1913,8595.36,False,238.99
c02625,PBR010,Canada,1773611145.0,1773611145,-98.0752,49.8142,3200.4,False,143.44
a154ae,EJA185,United States,1773611144.0,1773611144,-77.7377,35.2581,14935.2,False,254.18
c01f28,FLE2617,Canada,1773611145.0,1773611145,-81.5522,32.6738,11887.2,False,231.29
c07fb0,WJA1022,Canada,1773611144.0,1773611144,-116.8032,45.2235,11582.4,False,251.3
aa351b,N757LY,United States,1773611144.0,1773611144,-122.8525,42.3746,594.36,False,44.58
a07115,N1277W,United States,1773611144.0,1773611145,-112.0616,33.0294,1333.5,False,50.12
a572b3,N450GA,United States,1773611145.0,1773611145,-81.3997,38.8385,12496.8,False,215.94
48683e,TRA94A,Kingdom of the Netherlands,1773611145.0,1773611145,1.2399,47.4215,10972.8,False,229.82
02019c,MAC438,Morocco,1773611145.0,1773611145,29.4028,40.7628,2712.72,False,147.05
48683f,TRA5226,Kingdom of the Netherlands,1773611145.0,1773611145,30.8047,33.3108,10370.82,False,223.52
a5d5ae,SWA1806,United States,1773611145.0,1773611145,-86.0813,38.081,11452.86,False,209.19
a968bb,SKW6228,United States,1773611144.0,1773611144,-104.5529,36.7657,10675.62,False,275.78
c07fb8,WJA712,Canada,1773611144.0,1773611144,-87.8925,44.1709,10668.0,False,230.24
486836,KLM1145,Kingdom of the Netherlands,1773611144.0,1773611145,-4.5489,53.7336,8397.24,False,127.88
adde93,EJM106,United States,1773611081.0,1773611081,-118.3937,33.9365,,True,8.23
0ac19a,NSE8633,Colombia,1773611141.0,1773611141,-74.1343,4.6975,,True,12.86
a7c849,EDV5389,United States,1773611145.0,1773611145,-88.5304,38.1741,11277.6,False,221.01
ac6289,SWA235,United States,1773611144.0,1773611145,-83.9606,31.5415,10972.8,False,227.83
896306,,United Arab Emirates,,1773610915,,,,False,230.44
846098,JAL15,Japan,1773611145.0,1773611145,-120.1028,34.7447,8420.1,False,233.35
a74b1b,SCX3019,United States,1773611145.0,1773611145,-95.4976,35.4576,11887.2,False,266.51
346649,VOE50PP,Spain,1773611144.0,1773611144,-2.933,40.0035,11582.4,False,212.63
c07fe9,WJA2625,Canada,1773611145.0,1773611145,-84.1122,27.6323,10668.0,False,223.32
406753,EZY2128,United Kingdom,1773611144.0,1773611144,11.9933,42.323,5471.16,False,188.4
406755,EZY87TR,United Kingdom,1773611145.0,1773611145,4.5997,52.8416,10363.2,False,217.42
406754,EZY248W,United Kingdom,1773611144.0,1773611145,-5.9677,54.7241,967.74,False,89.07
4bb0e4,THY175,Turkey,1773611131.0,1773611132,99.988,10.6987,10972.8,False,252.84
4bb0e1,THY40Y,Turkey,1773611145.0,1773611145,-73.6495,48.1995,12192.0,False,228.32
4bb0e2,THY4MS,Turkey,1773611142.0,1773611142,-122.359,37.611,,True,0.0
896316,UAE766,United Arab Emirates,1773611144.0,1773611144,29.47,-25.1129,8404.86,False,247.08
a715c6,ASA1350,United States,1773610980.0,1773611076,-113.0411,28.2057,11582.4,False,221.27
aa2e0b,EJA755,United States,1773611145.0,1773611145,-122.3524,37.6092,7.62,False,67.19
7c61f6,TMW,Australia,1773611090.0,1773611144,153.0477,-26.5527,182.88,False,46.3
a2270f,RPA5625,United States,1773611145.0,1773611145,-82.5147,41.8364,10058.4,False,243.28
a047db,SKW4721,United States,1773611145.0,1773611145,-104.8052,39.9286,3741.42,False,160.03
a6f5b5,ASA1358,United States,1773611145.0,1773611145,-122.6861,46.1409,9471.66,False,195.8
e483dd,TAM3169,Brazil,1773611136.0,1773611144,-46.6576,-23.6297,,True,4.89
89630b,UAE336,United Arab Emirates,1773611145.0,1773611145,120.665,14.3118,1524.0,False,89.59
a19d0d,JBU172,United States,1773611145.0,1773611145,-78.0109,36.5804,10675.62,False,257.63
0200fb,RAM781S,Morocco,1773610945.0,1773610945,-6.2778,34.5566,3078.48,False,183.35
a71705,N556PL,United States,1773611145.0,1773611145,-75.0522,40.106,1120.14,False,81.84
a22771,ENY3535,United States,1773611144.0,1773611145,-99.771,35.6297,8839.2,False,233.8
c06183,POE209,Canada,1773611144.0,1773611144,-75.3805,44.3913,11887.2,False,270.06
880858,AIQ242,Thailand,1773611144.0,1773611144,120.6984,24.7634,2880.36,False,140.24
abf396,SWA3501,United States,1773611144.0,1773611144,-77.552,38.9197,2621.28,False,151.5
abec9b,AMX1740,United States,1773611145.0,1773611145,-98.3518,19.6119,6667.5,False,210.5
0200ef,RAM615A,Morocco,1773611071.0,1773611072,-7.6589,32.8155,9311.64,False,229.83
a34764,LXJ310,United States,1773611144.0,1773611144,-79.2175,35.8264,2415.54,False,128.25
c0617a,POE167,Canada,1773611144.0,1773611144,-77.5552,44.3868,8016.24,False,255.26
ac006d,SWA727,United States,1773610904.0,1773610904,-157.6522,21.1422,1501.14,False,83.78
a56d0c,N449LF,United States,1773610917.0,1773611138,-116.9587,47.7401,914.4,False,3.29
486804,KLM1155,Kingdom of the Netherlands,1773611012.0,1773611012,10.9228,63.4538,,True,1.54
3c7607,BVR404,Germany,1773611140.0,1773611141,8.5468,47.4501,,True,0.06
486802,KLM1331,Kingdom of the Netherlands,1773610938.0,1773610938,19.8014,50.0748,,True,0.9
a1f41b,N225FK,United States,1773611145.0,1773611145,-47.1828,-21.8768,10424.16,False,164.35
a3473c,N310EG,United States,1773611143.0,1773611143,-108.0237,38.9827,7924.8,False,200.99
c06173,POE572,Canada,1773611145.0,1773611145,-72.9915,42.6622,11277.6,False,190.65
a3473e,KPO310,United States,1773611143.0,1773611143,-87.9134,41.9704,,True,0.0
a657ad,JIA5459,United States,1773610969.0,1773610971,-97.6058,35.3742,426.72,False,54.54
a45404,N3781F,United States,1773611144.0,1773611144,-87.8526,40.6262,2316.48,False,59.94
34660b,IBE05MW,Spain,1773611144.0,1773611144,-0.3786,44.5276,10050.78,False,231.15
c06171,POE544,Canada,1773611144.0,1773611144,-80.11,38.4445,11277.6,False,248.71
c827e9,ANZ110,New Zealand,1773611144.0,1773611144,155.3301,-35.1047,10050.78,False,244.53
c0616c,POE776,Canada,1773611145.0,1773611145,-78.5804,41.8001,9753.6,False,226.51
a57413,XFL450,United States,1773611144.0,1773611144,-74.5196,41.1235,4206.24,False,163.29
a33425,N305ZA,United States,1773611144.0,1773611144,-82.1573,29.2895,3977.64,False,102.79
c0616e,POE793,Canada,1773611112.0,1773611112,-102.9935,24.5496,11582.4,False,216.46
a1a4c9,KAP6,United States,1773611145.0,1773611145,-65.7694,18.4013,883.92,False,101.09
346610,VLG48LK,Spain,1773611145.0,1773611145,1.0406,47.4675,10668.0,False,229.03
ad2c9f,RKJ948,United States,1773611144.0,1773611145,-83.4572,25.7168,7315.2,False,233.72
a69408,N52290,United States,1773611145.0,1773611145,-74.2939,41.0165,640.08,False,31.91
4ab822,NSZ3521,Sweden,1773611144.0,1773611144,2.3814,52.4032,10668.0,False,245.13
4ab823,NSZ5075,Sweden,1773611145.0,1773611145,-1.0272,43.6487,11277.6,False,239.2
a3472f,DAL1575,United States,1773611145.0,1773611145,-116.8049,34.7452,8663.94,False,218.88
c0391f,CFVQK,Canada,1773611125.0,1773611142,-122.6347,49.1176,160.02,False,42.38
a98b76,FFT142,United States,1773611144.0,1773611145,-82.1714,31.7279,10058.4,False,246.91
c1e463,PER153,Canada,1773611107.0,1773611107,-73.753,45.4596,,True,4.12
a657bf,AAL2407,United States,1773611141.0,1773611143,-75.387,39.8384,457.2,False,72.87
a19d59,MXY580,United States,1773611145.0,1773611145,-76.7645,36.3242,10668.0,False,254.0
c1e465,PER162,Canada,1773611124.0,1773611124,-73.7401,45.4824,,True,2.06
a22752,NIT238,United States,1773611143.0,1773611143,-83.0543,32.4449,647.7,False,53.92
a99262,ASA648,United States,1773611145.0,1773611145,-111.5246,32.468,4396.74,False,214.83
a3f7f6,N355G,United States,1773611144.0,1773611144,-117.0294,33.7165,754.38,False,55.8
a1da09,N2183P,United States,1773611144.0,1773611144,-118.775,34.1403,1859.28,False,72.68
ad206d,N945HC,United States,1773611145.0,1773611145,-99.1264,24.7625,12504.42,False,225.32
c0619b,POE404,Canada,1773611083.0,1773611083,-92.0894,48.9874,9448.8,False,246.85
a524c5,SKW3424,United States,1773611144.0,1773611145,-109.518,38.5373,8839.2,False,186.54
a69419,N523AF,United States,1773611145.0,1773611145,-111.9433,33.1965,1211.58,False,54.2
a3dde5,N34835,United States,1773611144.0,1773611144,-117.1322,33.4103,1973.58,False,51.12
ad2095,JBU736,United States,1773611145.0,1773611145,-105.3545,31.5834,10050.78,False,255.89
70c0df,OMA2162,Oman,1773611144.0,1773611145,50.09,22.7142,11277.6,False,288.96
c06196,POE589,Canada,1773611145.0,1773611145,-73.993,42.027,11582.4,False,203.63
a9db63,N734RE,United States,1773611144.0,1773611144,-117.1155,32.8046,243.84,False,33.12
a07134,N1278S,United States,1773611144.0,1773611144,-120.9036,38.8895,2506.98,False,80.05
c06193,POE448,Canada,1773611144.0,1773611144,-99.8147,49.9101,11277.6,False,252.29
70c0f9,OMA102,Oman,1773611145.0,1773611145,4.48,50.4165,11269.98,False,269.18
a5bd0b,SWA3275,United States,1773611145.0,1773611145,-83.472,36.249,9144.0,False,193.55
a55a0c,LXJ444,United States,1773611144.0,1773611144,-80.2216,40.5832,1874.52,False,129.74
70c0f6,OMA144,Oman,1773611143.0,1773611144,18.9045,41.777,11887.2,False,253.41
add0cb,N99FD,United States,1773611144.0,1773611144,-116.4817,43.4354,1524.0,False,67.95
ab6851,DAL771,United States,1773611144.0,1773611144,-73.794,40.6381,,True,4.89
a9926b,N716AV,United States,1773611145.0,1773611145,-113.822,35.9597,5867.4,False,110.36
780a18,CPA881,China,1773611068.0,1773611068,118.8111,23.1139,10972.8,False,217.64
7c6de2,QFA152,Australia,1773611135.0,1773611135,144.8442,-37.6668,,True,6.17
89639e,UAE4,United Arab Emirates,1773611144.0,1773611144,7.639,49.2898,11277.6,False,256.0
781103,CES552,China,1773611145.0,1773611145,4.8976,53.3309,9448.8,False,276.4
4ca8e8,RYR28GX,Ireland,1773611145.0,1773611145,-7.4143,43.9886,10972.8,False,213.34
80073c,AIC301,India,1773611145.0,1773611145,78.9055,25.3705,13106.4,False,230.9
781100,CES570,China,1773609435.0,1773611145,24.1519,57.8654,10058.4,False,265.71
a2fa49,N291ME,United States,1773611145.0,1773611145,-118.1668,33.7586,365.76,False,51.61
aa1b9d,N750SD,United States,1773611145.0,1773611145,-112.2241,33.0502,2743.2,False,85.46
781d50,CCA867,China,1773611144.0,1773611144,77.3931,5.9526,10972.8,False,245.8
4ca8e4,RYR738,Ireland,1773611145.0,1773611145,2.6593,53.0764,10058.4,False,241.12
a1e13d,USC240,United States,1773611145.0,1773611145,-112.7051,43.2301,12192.0,False,171.57
7c6de7,QFA171,Australia,1773611145.0,1773611145,147.7036,-38.5214,10911.84,False,271.21
a1f46b,RPA5598,United States,1773611144.0,1773611144,-86.3218,41.834,5791.2,False,131.92
abe09a,SWA2188,United States,1773611145.0,1773611145,-81.1898,39.6334,6050.28,False,216.17
a31a56,UAL59,United States,1773611144.0,1773611144,-116.4227,49.2302,10363.2,False,259.16
7c6de3,QFA882,Australia,1773611145.0,1773611145,116.9244,-31.8377,6202.68,False,221.45
a2aad4,N271GL,United States,1773611145.0,1773611145,-81.6693,24.8892,8511.54,False,227.46
a8856d,UAL2263,United States,1773611144.0,1773611144,-82.5338,31.1347,9448.8,False,238.81
80073f,AIC120,India,1773611142.0,1773611142,19.0353,42.2413,11277.6,False,249.05
80073e,AIC166,India,1773611145.0,1773611145,16.459,41.8684,11887.2,False,244.12
7c6dde,QFA142,Australia,1773611144.0,1773611144,151.2127,-34.0433,388.62,False,82.14
780a28,CPA008,China,1773611145.0,1773611145,11.0636,47.227,9448.8,False,254.67
7c6ddb,QFA508,Australia,1773611145.0,1773611145,151.5126,-33.7129,3086.1,False,179.29
a417fe,FFT4561,United States,1773611145.0,1773611145,-94.7687,31.7271,9753.6,False,204.75
780a1d,CPA3083,China,1773610918.0,1773610918,113.7381,22.183,952.5,False,98.49
a44d62,DAL1350,United States,1773611144.0,1773611145,-84.2814,33.8126,3002.28,False,160.62
a1e138,CXK364,United States,1773611144.0,1773611144,-73.489,40.7523,160.02,False,54.64
4ca8f4,ITY1632,Ireland,1773611145.0,1773611145,9.2842,45.3779,441.96,False,65.46
4ca8f5,ITY064,Ireland,1773611145.0,1773611145,1.66,41.2533,11277.6,False,225.9
a02f05,N1103S,United States,1773611144.0,1773611145,-73.8158,40.9165,182.88,False,78.1
7c74ad,XBZ,Australia,1773611145.0,1773611145,137.1394,-34.8997,5486.4,False,113.48
7c6dd5,QFA611,Australia,1773611144.0,1773611144,151.4616,-29.8257,10972.8,False,204.83
7c6dd4,QFA416,Australia,1773611144.0,1773611144,151.0835,-34.1051,1470.66,False,126.12
a9087f,SRY1102,United States,1773611145.0,1773611145,-156.5206,58.9889,9448.8,False,170.51
aaf8f1,JBU1383,United States,1773611144.0,1773611144,-80.3867,26.0783,914.4,False,91.59
4ca8df,ITY1185,Ireland,1773611145.0,1773611145,12.4213,42.6951,11285.22,False,221.52
47838c,DOC,Norway,1773610994.0,1773610997,10.0078,63.312,922.02,False,66.55
c06d87,CGPMK,Canada,1773611144.0,1773611144,-114.3734,51.0028,1607.82,False,64.99
7c0d3e,CWG,Australia,1773610853.0,1773610853,152.642,-25.8439,1783.08,False,91.59
4bb20f,THY4RY,Turkey,1773611133.0,1773611141,28.7314,41.0763,1257.3,False,91.08
a2147c,RPA5814,United States,1773611145.0,1773611145,-70.8726,42.3801,754.38,False,112.05
4ca8da,RYR63KH,Ireland,1773611144.0,1773611144,2.4766,41.1648,9883.14,False,250.69
89637c,ETD394,United Arab Emirates,1773611044.0,1773611044,78.8694,8.0944,6659.88,False,207.82
a7a25f,DAL1133,United States,1773611145.0,1773611145,-83.5936,39.7652,10050.78,False,212.89
a9ee46,N739UK,United States,1773611144.0,1773611144,-116.6337,43.41,1554.48,False,25.63
a8ce4e,VAR667,United States,1773611144.0,1773611144,-112.3989,33.3952,541.02,False,48.45
0b41c6,TGNGT,Guatemala,1773611144.0,1773611144,-89.5094,15.0622,2895.6,False,89.3
a9db19,N734NF,United States,1773611144.0,1773611144,-117.1453,32.8004,396.24,False,49.05
a0ba4e,EDV5508,United States,1773611132.0,1773611142,-84.4288,33.6389,,True,0.0
ad45a4,AAL3274,United States,1773611144.0,1773611145,-89.2422,31.2635,10363.2,False,211.03
a86b94,N6412D,United States,1773611143.0,1773611143,-121.5155,38.5213,220.98,False,50.12
c1e416,,Canada,1773610882.0,1773610882,-73.7313,45.4858,,True,13.89
a381b1,N325JF,United States,1773611143.0,1773611144,-101.3367,32.0888,6545.58,False,208.3
780a43,HKC593,China,1773611145.0,1773611145,28.0834,43.9475,12496.8,False,245.08
ad3eb4,N9522A,United States,1773611143.0,1773611145,-84.1059,29.8921,2148.84,False,52.16
4853f4,KLM1641,Kingdom of the Netherlands,1773611144.0,1773611144,7.65,45.2058,,True,19.03
7c6dbb,QFA608,Australia,1773611144.0,1773611144,146.1302,-36.1256,10690.86,False,247.99
c1e40a,,Canada,1773611122.0,1773611122,-73.7452,45.4587,,True,3.6
0200cb,RAM210B,Morocco,1773611145.0,1773611145,-63.4777,48.7463,12184.38,False,210.38
a537b2,SWA813,United States,1773611145.0,1773611145,-104.7775,39.3412,3779.52,False,125.95
e48fb6,GLO1240,Brazil,1773611142.0,1773611144,-46.964,-24.4083,7490.46,False,196.57
e48fb5,GLO1757,Brazil,1773611145.0,1773611145,-48.9463,-21.4506,11887.2,False,234.64
a537b3,N435WP,United States,1773611145.0,1773611145,-89.7821,30.1087,830.58,False,83.32
780a3e,CPA2098,China,1773611145.0,1773611145,-159.6607,60.4233,10668.0,False,258.84
ad9504,97453,United States,1773611144.0,1773611144,-78.1872,38.9144,640.08,False,35.03
c06156,WJA2113,Canada,1773611144.0,1773611145,-100.2196,43.9269,10972.8,False,222.46
781134,CBJ386,China,1773611144.0,1773611144,143.606,-36.2028,11216.64,False,201.09
4ca8d8,RYR8815,Ireland,1773611144.0,1773611144,11.989,48.1955,11277.6,False,237.02
7c6db7,QFA419,Australia,1773611145.0,1773611145,150.1369,-35.0971,9144.0,False,220.22
800737,AIC142,India,1773611144.0,1773611144,9.8078,46.5081,11269.98,False,255.32
7c6db6,QFA420,Australia,1773611144.0,1773611144,145.7321,-37.0269,8001.0,False,250.15
7c6db5,QFA609,Australia,1773611133.0,1773611139,147.3243,-34.1086,9144.0,False,216.45
4ca8d4,RYR79DL,Ireland,1773611144.0,1773611144,10.1434,40.2778,9989.82,False,227.17
800734,AIC309,India,1773611145.0,1773611145,77.0427,28.4534,2522.22,False,140.25
7c6db3,QFA506,Australia,1773611144.0,1773611144,153.1755,-27.3026,419.1,False,90.65
a07177,AAL2879,United States,1773611145.0,1773611145,-93.2052,33.192,10347.96,False,191.59
800738,AIC148,India,1773611144.0,1773611144,77.0153,28.5833,624.84,False,67.01
7c6db1,QFA675,Australia,,1773611118,,,,False,0.0
a20d7d,N231PA,United States,1773611144.0,1773611144,-97.4759,30.1731,2080.26,False,56.18
a7a257,JIA5225,United States,1773611145.0,1773611145,-81.238,40.329,3086.1,False,165.27
ac6204,SWA268,United States,1773611144.0,1773611144,-78.6631,27.2451,7620.0,False,226.4
4bb201,THY2GL,Turkey,1773611145.0,1773611145,8.2857,50.4646,10363.2,False,242.89
a9db0f,N734MW,United States,1773611145.0,1773611145,-111.487,33.3573,731.52,False,48.73
7c6db9,QFA674,Australia,1773611144.0,1773611144,138.5424,-34.9399,,True,0.06
800742,AIC302,India,1773611145.0,1773611145,86.535,19.4473,11269.98,False,277.0
a32110,N3TW,United States,1773611145.0,1773611145,-106.845,38.2804,12496.8,False,280.56
acd837,N927AM,United States,1773611141.0,1773611141,-85.2283,30.9295,373.38,False,61.62
ac5b20,SWA1954,United States,1773611145.0,1773611145,-119.4425,35.4533,11277.6,False,248.31
8830ef,TLM931,Thailand,1773611128.0,1773611129,100.6394,13.9745,335.28,False,75.75
a26f01,ENY3815,United States,1773611144.0,1773611144,-78.5869,36.1499,1272.54,False,101.48
8830eb,TLM243,Thailand,1773611144.0,1773611144,91.3976,19.5142,11887.2,False,249.95
8830ec,TLM903,Thailand,1773611142.0,1773611144,101.8423,14.8661,7764.78,False,194.63
a44169,UAL1958,United States,1773611144.0,1773611144,-123.0958,37.2751,4130.04,False,206.19
a26f08,AAY1790,United States,1773611145.0,1773611145,-80.0149,36.593,10972.8,False,209.09
a5aa47,UPS5872,United States,1773611145.0,1773611145,-96.6767,38.5953,11582.4,False,220.15
c013d6,AKT6183,Canada,1773611145.0,1773611145,-99.0735,34.1793,12192.0,False,214.0
a3d1f0,SJJ345,United States,1773611145.0,1773611145,-80.2218,27.1812,,True,8.75
a7c7db,N600GF,United States,1773611145.0,1773611145,-118.4555,34.1992,647.7,False,75.64
a69463,DAL806,United States,1773611145.0,1773611145,-76.6385,42.2549,9753.6,False,214.14
a70463,DAL1831,United States,1773611144.0,1773611145,-84.5051,31.0662,10363.2,False,231.9
75006f,XAX532,Malaysia,1773611143.0,1773611143,121.1532,19.8527,12192.0,False,277.06
c0766e,CNK77,Canada,1773611143.0,1773611143,-114.0266,51.1301,,True,0.0
a56d8f,N449RM,United States,1773611106.0,1773611109,-108.2928,45.7509,1691.64,False,46.85
ad4873,AAL1510,United States,1773611058.0,1773611114,-73.8723,40.7762,,True,0.0
c05004,ACA196,Canada,1773611145.0,1773611145,-97.8129,49.4104,10668.0,False,252.39
aa7251,N772VA,United States,1773611145.0,1773611145,-80.8203,31.4268,13106.4,False,200.41
c05007,ACA787,Canada,1773611145.0,1773611145,-114.2375,36.1135,10972.8,False,241.96
a511f6,AAL1428,United States,1773611082.0,1773611082,-112.0024,33.4383,,True,0.45
ac289f,SWA1080,United States,1773611145.0,1773611145,-83.4319,30.4521,10363.2,False,229.88
a6946b,DAL167,United States,1773611144.0,1773611145,-154.0177,57.8587,11582.4,False,243.6
a9a749,CNS707,United States,1773611144.0,1773611144,-120.8071,36.4076,6347.46,False,113.3
a4414a,DAL797,United States,1773611145.0,1773611145,-95.9441,31.2116,10668.0,False,271.51
a56d9d,N449SA,United States,1773611145.0,1773611145,-89.8456,28.9838,12504.42,False,267.88
a21fa1,RPA5689,United States,1773611144.0,1773611144,-77.1854,39.0026,845.82,False,72.06
e4976b,PSBRA,Brazil,1773611145.0,1773611145,-47.4097,-20.227,8542.02,False,129.66
a9f4a0,N740XJ,United States,1773611145.0,1773611145,-78.5321,36.3424,13700.76,False,254.57
ac5bf6,DAL1911,United States,1773611144.0,1773611144,-85.1864,26.7943,10668.0,False,221.85
a2fa71,AAY1845,United States,1773611144.0,1773611144,-82.5405,32.884,10050.78,False,236.7
4bb143,THY85,Turkey,1773611144.0,1773611144,76.8752,28.6122,9753.6,False,228.2
4bb144,THY124,Turkey,1773611015.0,1773611015,93.298,23.4092,10058.4,False,273.7
aa7e99,UAL1794,United States,1773611144.0,1773611144,-79.5221,37.7834,10972.8,False,202.21
ab8b81,N843FF,United States,1773611145.0,1773611145,-90.6418,31.4232,13716.0,False,280.88
4bb109,THY8DE,Turkey,1773611144.0,1773611144,-95.772,61.5056,12192.0,False,246.97
7c14fc,EFI,Australia,1773611145.0,1773611145,152.5944,-27.7843,868.68,False,53.04
489226,ENT4236,Poland,1773611145.0,1773611145,22.6712,45.2685,11582.4,False,231.92
c06362,PTR2636,Canada,1773611144.0,1773611144,-81.125,45.3816,7010.4,False,192.0
aa7e7c,UAL478,United States,1773611142.0,1773611142,-107.6585,41.839,10058.4,False,307.68
7c4a4f,JST813,Australia,1773611144.0,1773611144,152.695,-28.6054,8168.64,False,230.04
4bb103,THY79K,Turkey,1773611145.0,1773611145,-112.339,49.9283,12192.0,False,251.48
a7b4e1,N596ND,United States,1773611145.0,1773611145,-116.6529,43.6781,922.02,False,56.1
aa7e7b,UAL2305,United States,1773611145.0,1773611145,-120.979,35.5883,7924.8,False,229.02
4bb104,THY12E,Turkey,1773611145.0,1773611145,-115.7899,35.6387,10347.96,False,233.8
aa7e7a,UAL1662,United States,1773611132.0,1773611132,-110.5959,40.8125,8412.48,False,264.8
ad7bdf,SWA439,United States,1773611145.0,1773611145,-112.876,34.5631,9776.46,False,204.79
a511fd,TAI325,United States,1773611144.0,1773611144,-82.9636,41.1362,10378.44,False,200.07
8963ee,UAE35Q,United Arab Emirates,1773611144.0,1773611144,16.6133,45.0121,11277.6,False,253.1
a28904,UAL1109,United States,1773611144.0,1773611144,-93.4441,36.9303,11269.98,False,240.45
a0719b,MXY341,United States,1773611144.0,1773611144,-87.8852,29.8715,9753.6,False,223.29
3df743,HUMMEL3,Germany,1773611144.0,1773611145,7.8887,51.6873,457.2,False,49.48
c0635e,PTR2238,Canada,1773611144.0,1773611144,-70.9078,45.6746,7315.2,False,140.44
c0502e,ACA1054,Canada,1773611084.0,1773611086,-119.4141,44.1703,11277.6,False,283.53
a95745,AAL1793,United States,1773611134.0,1773611142,-74.053,38.7275,4770.12,False,178.38
a3a9a2,AAY63,United States,1773611144.0,1773611144,-119.3096,36.3253,8610.6,False,209.36
c0635b,PTR2345,Canada,1773611145.0,1773611145,-73.6902,44.4683,7620.0,False,196.28
a04937,N11746,United States,1773611144.0,1773611145,-121.7302,38.4952,335.28,False,44.09
7c01e7,ANO891,Australia,1773611145.0,1773611145,116.9401,-30.8813,6385.56,False,216.81
a4eafd,LXJ416,United States,1773611144.0,1773611144,-88.7435,32.4196,8206.74,False,260.8
c06358,PTR2212,Canada,1773611145.0,1773611145,-77.0981,44.1444,6705.6,False,156.06
3452ca,RSC83,Spain,1773610935.0,1773610935,-16.4228,28.5096,967.74,False,59.32
ad3581,JBU2784,United States,1773611125.0,1773611125,-81.3201,28.4414,,True,0.0
a907ed,N681LE,United States,1773611143.0,1773611144,-121.1909,44.0781,1173.48,False,35.29
c05029,CGEJG,Canada,1773611057.0,1773611062,-121.9197,49.1506,685.8,False,46.72
42474f,TBJ82,United Kingdom,,1773611016,,,,False,0.06
a83782,UAL1177,United States,1773611044.0,1773611044,-86.9373,21.0895,396.24,False,78.62
c013da,AKT5074,Canada,1773611144.0,1773611145,-112.6598,51.4769,7620.0,False,153.3
aa1be0,AAL1330,United States,1773611145.0,1773611145,-77.1629,37.766,10660.38,False,242.81
a2fa4d,N291MJ,United States,1773611141.0,1773611142,-108.1501,45.7713,10797.54,False,259.4
a5aa78,SWA3542,United States,1773611145.0,1773611145,-93.1396,39.0294,10317.48,False,242.43
8678c0,ANA619,Japan,1773611144.0,1773611144,139.7909,35.5512,,True,3.6
c0501e,ACA990,Canada,1773611145.0,1773611145,-88.7691,34.4921,11277.6,False,273.99
7c4a53,JST042,Australia,1773611144.0,1773611145,144.5624,-36.8133,4328.16,False,182.68
a31a73,UAL98,United States,1773611144.0,1773611144,144.8101,-37.5202,899.16,False,105.72
a5617a,LXJ446,United States,1773611145.0,1773611145,-87.7512,28.6317,13716.0,False,243.62
aa987d,N782FM,United States,1773611023.0,1773611023,-75.6563,38.4366,609.6,False,34.96
a7fd3f,N6137Q,United States,1773611144.0,1773611145,-118.1075,33.8121,205.74,False,44.74
a5b154,EJA466,United States,1773611140.0,1773611144,-79.6591,32.0784,7010.4,False,225.45
aa6b43,RPA3562,United States,1773611143.0,1773611144,-85.0709,43.1468,10363.2,False,199.72
7c4a55,JST81,Australia,1773611144.0,1773611144,118.5928,12.5992,10355.58,False,261.61
a2d92a,ASA405,United States,1773611145.0,1773611145,-107.2266,40.6599,10363.2,False,157.64
a01c46,KOW106,United States,1773611144.0,1773611144,-98.4638,27.2181,8839.2,False,276.84
abdb88,RPA4426,United States,1773611145.0,1773611145,-75.6468,38.9058,4831.08,False,159.34
add2bc,N990B,United States,1773611144.0,1773611144,-117.8559,33.6504,1036.32,False,44.8
a106d5,VTE3350,United States,1773611145.0,1773611145,-104.8762,39.297,6347.46,False,222.99
a07cd8,SKW6091,United States,1773611145.0,1773611145,-88.8893,40.4158,10302.24,False,252.16
a69424,ASA712,United States,1773611144.0,1773611144,-119.1095,34.2262,9936.48,False,217.54
484ee4,KLM73D,Kingdom of the Netherlands,1773611144.0,1773611145,18.4457,52.3531,10797.54,False,234.09
a1696b,AAY2248,United States,1773611145.0,1773611145,-84.9875,35.3678,10660.38,False,217.12
8963d9,UAE7TC,United Arab Emirates,1773611144.0,1773611144,12.3021,47.1113,10668.0,False,250.76
8963d7,UAE78P,United Arab Emirates,1773611145.0,1773611145,1.7251,49.2691,9448.8,False,292.54
aa35e1,AAL942,United States,1773611144.0,1773611144,-97.6577,30.2095,472.44,False,83.86
4855d1,KLM46B,Kingdom of the Netherlands,1773611145.0,1773611145,4.7527,52.6169,1219.2,False,72.77
aa853b,N777YN,United States,1773611144.0,1773611144,-84.7211,30.9377,6713.22,False,122.25
a239e0,UAL2192,United States,1773611143.0,1773611144,-102.2367,36.9014,9753.6,False,191.68
c05c0e,WJA2649,Canada,1773610967.0,1773610967,-75.6813,45.3089,121.92,False,68.35
ac159a,RPA5596,United States,1773610898.0,1773610898,-89.978,35.1427,701.04,False,76.17
399251,AEH106,France,1773611144.0,1773611144,3.5204,45.3798,10530.84,False,223.49
a4418c,UAL681,United States,,1773611120,,,,False,224.83
a7c7a2,DAL1431,United States,1773611137.0,1773611137,-112.2954,37.6003,9151.62,False,200.64
aa22a7,NDU752,United States,1773611144.0,1773611144,-111.9215,33.0525,769.62,False,53.59
a20cb6,N231FB,United States,1773610997.0,1773611001,-81.3936,33.9403,571.5,False,40.13
4baa96,TKJ8KX,Turkey,1773611144.0,1773611144,31.0517,40.5592,8549.64,False,229.66
a1ffb3,TWY203,United States,1773611145.0,1773611145,-75.3012,38.076,13723.62,False,233.9
70c0fe,OMA132,Oman,1773611145.0,1773611145,10.3522,45.2254,11879.58,False,250.02
a26308,N253EA,United States,1773611143.0,1773611143,-112.4839,33.1312,1676.4,False,43.95
8963cf,ETD148,United Arab Emirates,1773611145.0,1773611145,14.6916,41.1714,12489.18,False,254.04
8963ce,ETD3AG,United Arab Emirates,1773611145.0,1773611145,18.1593,43.0033,10668.0,False,253.94
add2b6,AAL2887,United States,1773610848.0,1773610848,-81.3155,28.4288,,True,0.0
add2b5,DAL2831,United States,1773611144.0,1773611145,-84.5399,34.2272,5722.62,False,204.15
a657f4,DAL1829,United States,1773611069.0,1773611069,-73.7607,40.6386,,True,13.89
7c2920,NV115,Australia,1773611145.0,1773611145,151.7672,-29.0078,5623.56,False,169.59
8963dc,UAE194,United Arab Emirates,1773611145.0,1773611145,-7.4536,39.4599,8625.84,False,248.47
acc5fb,DAL9889,United States,1773611145.0,1773611145,-92.8387,44.6436,4053.84,False,182.03
4bb183,THY64,Turkey,1773611145.0,1773611145,74.3165,31.3934,11277.6,False,280.9
aa7e56,UAL637,United States,1773611145.0,1773611145,-116.4934,34.0835,8336.28,False,215.74
4bb182,THY31K,Turkey,1773611145.0,1773611145,-74.6989,47.896,11574.78,False,205.4
a777bf,AAL1120,United States,1773611139.0,1773611139,-71.0182,42.3601,,True,0.0
4868f7,KLM84A,Kingdom of the Netherlands,1773611142.0,1773611142,4.7749,52.3106,,True,10.8
4a1922,UZS401,Romania,1773611081.0,1773611134,37.4888,41.1794,9745.98,False,223.17
4baa66,THY7LA,Turkey,1773608825.0,1773611143,22.9397,52.4837,10066.02,False,227.68
a9e26f,EJM736,United States,1773611144.0,1773611145,-90.062,40.8501,6469.38,False,234.26
a7c7d2,LXJ600,United States,1773611145.0,1773611145,-96.3078,33.7246,5006.34,False,175.67
a63df3,DAL673,United States,1773611144.0,1773611144,-124.1219,46.5781,9212.58,False,264.76
a4417d,DAL776,United States,1773611145.0,1773611145,-81.008,31.7193,10972.8,False,226.6
a106b4,VTE3199,United States,1773611145.0,1773611145,-103.9932,39.1684,5699.76,False,138.27
3465d8,VOE8QB,Spain,1773611145.0,1773611145,0.2279,46.4032,9144.0,False,190.73
aa7e3a,SWA156,United States,1773611145.0,1773611145,-118.54,34.2002,1066.8,False,72.04
400778,BRO079N,United Kingdom,1773611145.0,1773611145,-0.2222,51.9829,3116.58,False,164.91
4bb155,THY6106,Turkey,1773611145.0,1773611145,28.7798,41.5811,3147.06,False,148.39
c013c3,ACA171,Canada,1773611080.0,1773611136,-79.6324,43.6821,,True,8.75
a106ae,N1650W,United States,1773611144.0,1773611144,-77.7658,39.026,731.52,False,79.75
a28947,UAL2239,United States,1773611137.0,1773611137,-87.4508,46.7979,10347.96,False,206.28
400775,BAW43C,United Kingdom,1773611145.0,1773611145,-80.6198,29.8398,6096.0,False,172.5
aa1ba3,SKW4981,United States,1773611142.0,1773611143,-106.5607,36.8322,9151.62,False,245.98
4868e2,TRA1G,Kingdom of the Netherlands,1773611144.0,1773611144,21.2356,46.5019,10980.42,False,233.29
4baa75,THY4907,Turkey,1773611145.0,1773611145,18.8262,49.1229,4899.66,False,173.31
c82726,ANZ331M,New Zealand,1773611144.0,1773611144,174.7368,-41.5962,3573.78,False,100.09
3c7425,TUI6HA,Germany,1773611143.0,1773611143,8.5767,50.0377,68.58,False,75.87
3c7426,TUI6DT,Germany,1773611141.0,1773611142,-4.0821,43.9329,11582.4,False,225.54
a56d7b,EJA449,United States,1773611145.0,1773611145,-77.4018,36.6177,12192.0,False,221.94
aa8523,N777XP,United States,1773611144.0,1773611144,-86.7948,30.3348,3147.06,False,98.7
3465c9,VOE7ZE,Spain,1773611144.0,1773611144,-3.2082,45.135,11590.02,False,208.31
4868ba,TRA2R,Kingdom of the Netherlands,1773611145.0,1773611145,4.5895,52.5388,960.12,False,117.47
4067f2,TOM7VB,United Kingdom,1773611145.0,1773611145,14.0499,46.4885,12192.0,False,232.14
a4415f,N3730Y,United States,1773611145.0,1773611145,-98.0055,29.6509,1973.58,False,90.57
a6810d,VOI5588,United States,1773611142.0,1773611142,-100.1143,25.7776,,True,1.8
a3d302,UAL597,United States,1773611144.0,1773611144,-99.9064,44.2355,9433.56,False,237.72
4ca90a,ITY332,Ireland,1773611145.0,1773611145,6.2641,46.4528,10972.8,False,216.81
a3a9eb,AAL926,United States,1773611139.0,1773611139,-79.5479,24.4596,7162.8,False,166.8
ab9e12,FDX193,United States,1773611144.0,1773611144,-153.7178,61.2835,10972.8,False,241.29
a333b5,UPS5982,United States,1773611145.0,1773611145,-96.7591,44.85,10370.82,False,227.86
a586b0,SWA2886,United States,1773611145.0,1773611145,-117.426,32.8688,3009.9,False,147.65
a13c73,AAL2372,United States,1773611145.0,1773611145,-82.697,28.8094,6553.2,False,227.9
a27676,AAY1549,United States,1773611137.0,1773611139,-81.4371,40.9135,,True,0.0
4ac9e1,SAS97T,Sweden,1773611145.0,1773611145,18.9316,61.8983,11277.6,False,246.28
0b4228,TGASR,Guatemala,1773611144.0,1773611144,-90.634,14.4602,1546.86,False,52.94
a2b310,EJA273,United States,1773611145.0,1773611145,-74.3255,41.1556,792.48,False,125.0
4ca912,RYR9LE,Ireland,1773611145.0,1773611145,5.7726,40.1567,10972.8,False,212.75
4ac9e6,SAS382,Sweden,1773611145.0,1773611145,10.9394,62.533,6233.16,False,186.67
440b2f,TAY4GT,Austria,1773611144.0,1773611144,18.779,57.3013,12496.8,False,232.53
a19cf6,N2028W,United States,1773611144.0,1773611144,-117.0295,34.0085,3794.76,False,88.39
ac2813,SWA430,United States,1773611144.0,1773611144,-79.1459,29.6369,10972.8,False,209.41
a333ae,AAL250,United States,1773611144.0,1773611144,-97.659,24.4584,10668.0,False,244.29
3df79c,NHC47,Germany,1773611145.0,1773611145,8.0281,53.8108,335.28,False,62.57
a0103b,DAL2195,United States,1773611137.0,1773611143,-73.8633,40.7713,,True,0.0
a6592d,N508RP,United States,1773611144.0,1773611144,-77.6747,35.2915,11277.6,False,259.27
add376,JBU700,United States,1773611145.0,1773611145,-116.5803,33.4949,8237.22,False,238.76
ab0841,EJM305,United States,1773611144.0,1773611144,-77.962,39.1069,1158.24,False,122.53
c81415,OGN196,New Zealand,1773611145.0,1773611145,173.6547,-42.1392,4579.62,False,134.03
a9dafa,N734M,United States,1773611141.0,1773611141,-111.854,41.7838,,True,0.0
a44ca0,DAL1809,United States,1773611145.0,1773611145,-81.7893,32.2285,10058.4,False,225.81
ab68d0,SKW3834,United States,1773611145.0,1773611145,-76.6778,43.089,9144.0,False,197.1
7c7732,XTW,Australia,1773611144.0,1773611144,153.2434,-26.9426,365.76,False,96.02
a7ea86,SKW5393,United States,1773611145.0,1773611145,-86.7852,34.5893,853.44,False,85.11
4ac9f0,SAS1804,Sweden,1773611145.0,1773611145,16.521,59.3513,8549.64,False,230.19
a333a0,N305TT,United States,1773611145.0,1773611145,-79.8673,26.0243,3611.88,False,95.06
a1435d,SWA905,United States,1773611144.0,1773611144,-77.5828,27.3016,10995.66,False,235.94
4ac9f4,SAS43H,Sweden,1773611145.0,1773611145,11.8864,63.4807,11582.4,False,226.91
4ac9f5,SAS58F,Sweden,1773611144.0,1773611144,14.4448,53.3624,10126.98,False,229.55
ad4804,JBU2151,United States,1773611144.0,1773611144,-81.908,30.4325,952.5,False,110.95
a2d960,N283CP,United States,1773611144.0,1773611144,-122.2241,37.7113,,True,7.72
4ac9f8,SAS4126,Sweden,1773611145.0,1773611145,11.7645,62.9044,11277.6,False,236.87
ad4803,N955JA,United States,1773610920.0,1773610979,-119.0915,35.7465,731.52,False,49.94
440b1e,EJU91CH,Austria,1773611143.0,1773611144,-6.1166,42.2549,11269.98,False,227.38
ac508b,DAL1420,United States,1773611145.0,1773611145,-87.1218,31.9245,8831.58,False,244.32
4868b9,TRA32A,Kingdom of the Netherlands,1773611145.0,1773611145,-0.462,47.6014,10363.2,False,224.48
a3e650,N350RM,United States,1773611142.0,1773611142,-115.1711,36.0774,,True,1.54
a69fac,N526ER,United States,1773611137.0,1773611137,-73.3617,40.9078,205.74,False,40.16
a51f4a,RPA4715,United States,1773611144.0,1773611144,-77.9202,39.3572,9753.6,False,203.85
a37c1c,JBU283,United States,1773611145.0,1773611145,-78.6738,37.4647,10972.8,False,210.2
8007c9,IGO2774,India,1773611144.0,1773611144,88.4525,22.6951,198.12,False,73.97
c82759,ANZ120,New Zealand,1773611130.0,1773611139,144.8476,-37.6622,,True,0.0
a39630,DAL2696,United States,1773611145.0,1773611145,-82.6791,27.878,1836.42,False,142.5
4ac9ab,SERMK,Sweden,1773611138.0,1773611143,-121.9366,37.3636,,True,0.0
a239ff,N2421Y,United States,1773611144.0,1773611145,-111.8428,33.0385,1394.46,False,40.56
a8baf2,N66145,United States,1773611143.0,1773611143,-84.9738,34.48,1562.1,False,88.18
a68ca6,PXT521,United States,1773610862.0,1773610862,-122.2737,38.2163,,True,0.0
896504,ABY497,United Arab Emirates,1773610931.0,1773610946,77.3358,14.1772,6827.52,False,215.93
a76622,EJA576,United States,1773611143.0,1773611144,-101.0602,30.9198,11277.6,False,254.14
4868a6,KLM34B,Kingdom of the Netherlands,1773611144.0,1773611144,4.4251,52.4587,1379.22,False,142.03
ab55b2,N82972,United States,1773611033.0,1773611033,-149.4895,64.3545,457.2,False,45.11
4bb199,THY189,Turkey,1773611145.0,1773611145,15.9109,54.0018,10355.58,False,243.42
a1fff2,ENY3993,United States,1773611145.0,1773611145,-97.0265,32.784,754.38,False,71.51
a1b980,N21ZZ,United States,1773611145.0,1773611145,-77.4321,38.6438,708.66,False,77.11
ac2836,SWA1329,United States,1773611144.0,1773611144,-77.1316,38.2296,5471.16,False,215.51
47c0fd,NSZ3659,Norway,1773611144.0,1773611144,4.1994,51.2007,11582.4,False,250.88
a62c1a,SWA1740,United States,1773611144.0,1773611144,-83.7456,42.067,12496.8,False,261.35
ab68dd,SCX8247,United States,1773611060.0,1773611060,-118.8313,45.4012,4693.92,False,172.93
a9daf0,N734LQ,United States,1773611145.0,1773611145,-122.2252,47.9984,655.32,False,45.48
a0cccd,N1502,United States,1773611141.0,1773611141,-77.6586,43.1201,,True,4.37
a1433a,SWA4439,United States,1773611145.0,1773611145,-121.9214,37.3593,,True,4.63
a849ab,JBU2833,United States,1773611145.0,1773611145,-81.8667,32.3213,10972.8,False,226.83
a1300a,FXC33,United States,1773610996.0,1773611144,-72.2519,40.9081,624.84,False,81.6
c8274f,ANZ123,New Zealand,1773611144.0,1773611145,147.4467,-37.773,10355.58,False,187.38
ab8b0b,AAL91,United States,1773611144.0,1773611145,-83.2846,45.0774,10965.18,False,189.66
a106fd,VTE3904,United States,1773611140.0,1773611142,-77.457,38.9658,30.48,False,1.03
a4ff61,N421AL,United States,1773611143.0,1773611143,-77.9842,32.7005,14325.6,False,233.98
a38367,JBU1500,United States,1773611144.0,1773611144,-80.7347,31.3217,9700.26,False,227.15
a93d81,N695CF,United States,1773611144.0,1773611144,-78.089,37.3024,2087.88,False,105.96
a81152,N619MT,United States,1773611044.0,1773611114,-113.2127,37.4015,2827.02,False,57.03
7cad47,VOZ308,Australia,1773611144.0,1773611144,150.6031,-30.7608,11582.4,False,196.31
7cad45,VOZ816,Australia,1773611145.0,1773611145,150.8268,-34.712,7978.14,False,195.66
7cad49,VOZ143,Australia,1773611145.0,1773611145,148.0469,-39.1964,11277.6,False,272.63
7cad40,VOZ181,Australia,1773611144.0,1773611144,151.3145,-33.9391,1104.9,False,147.82
a93140,N6913T,United States,1773611144.0,1773611144,-89.4795,40.006,4747.26,False,127.37
7c4a40,OYA,Australia,1773611051.0,1773611053,144.8698,-36.5202,2141.22,False,75.25
a871d4,QXE2401,United States,1773611130.0,1773611130,-112.0138,33.4385,,True,2.83
ac2859,SWA3635,United States,1773611143.0,1773611145,-80.054,37.0483,7711.44,False,239.63
7c4a45,JST800,Australia,1773611144.0,1773611144,150.5442,-29.6598,8534.4,False,232.69
88808c,HVN642,Viet Nam,1773611131.0,1773611131,118.1369,15.637,10363.2,False,223.9
a14398,N1804H,United States,1773611144.0,1773611144,-84.9041,34.8422,2781.3,False,81.34
7c4a43,JST759,Australia,1773611145.0,1773611145,141.0722,-34.9809,10538.46,False,267.51
a8d4f6,UAL1900,United States,1773611145.0,1773611145,-74.8443,40.5054,5524.5,False,186.66
7c01c0,AM276,Australia,1773611144.0,1773611144,151.1852,-33.9509,,True,8.75
a1a697,SWA1790,United States,1773611144.0,1773611144,-97.1454,30.1089,2964.18,False,131.92
ad350a,DAL2200,United States,1773611144.0,1773611144,-84.5657,33.7327,2087.88,False,135.81
a1ecff,SKW707E,United States,1773611144.0,1773611144,-104.642,39.8101,1722.12,False,68.94
c82783,ZKHSH,New Zealand,1773610882.0,1773610893,174.7305,-36.4442,449.58,False,66.57
a1ecfd,RPA5630,United States,1773611145.0,1773611145,-79.9277,35.35,6088.38,False,212.34
a7b4f2,DAL851,United States,1773611145.0,1773611145,-105.1518,38.3252,9448.8,False,225.64
7c7774,QLK1927,Australia,1773611144.0,1773611144,148.0148,-31.1877,10363.2,False,209.03
8678e2,ANA985,Japan,1773611145.0,1773611145,139.4203,35.2523,6598.92,False,178.22
7c7773,QLK1950,Australia,1773611145.0,1773611145,137.5608,-33.7809,8023.86,False,194.14
aa6b9f,UAL949,United States,1773611145.0,1773611145,-113.7875,53.2564,10363.2,False,267.56
a67a8b,N5163S,United States,1773611145.0,1773611145,-122.2418,47.2991,312.42,False,71.08
a2b348,SKW3856,United States,1773611144.0,1773611144,-112.7087,42.1194,7010.4,False,242.03
c8276b,ANZ118M,New Zealand,1773611144.0,1773611144,175.1168,-39.1227,5791.2,False,119.46
495039,TAP404W,Portugal,1773611144.0,1773611144,-0.9997,42.6677,10972.8,False,230.28
ab9e5a,EJM848,United States,1773611145.0,1773611145,-72.4317,41.7465,4008.12,False,199.91
a79a70,N5895T,United States,1773611056.0,1773611056,-116.8226,47.7724,,True,10.8
ad8ed4,ASA294,United States,1773611145.0,1773611145,-88.3529,45.1392,10668.0,False,235.14
68332a,VSV5263,Kazakhstan,1773611058.0,1773611058,40.5966,39.9559,10668.0,False,246.94
4ca92d,EIN7VT,Ireland,1773611145.0,1773611145,-7.7717,51.5608,11285.22,False,217.14
48436b,KLM809,Kingdom of the Netherlands,1773611145.0,1773611145,22.1513,47.2283,10058.4,False,243.73
a5e9a1,N480LP,United States,1773611145.0,1773611145,-112.3776,32.9845,2019.3,False,35.16
a13c92,N179WB,United States,1773611145.0,1773611145,-86.3234,36.0747,6705.6,False,130.67
4ca92b,RYR65LN,Ireland,1773611145.0,1773611145,3.2267,41.9411,11277.6,False,248.12
a3df1e,DAL1266,United States,1773610990.0,1773610990,-84.4388,33.6397,,True,0.51
a25c6e,ENY3529,United States,1773611143.0,1773611143,-87.9317,41.9753,,True,0.0
a6ca7f,ASA216,United States,1773611144.0,1773611144,-94.715,47.2256,10668.0,False,246.17
3a46b7,,France,1773611145.0,1773611145,-146.2668,-16.9993,4869.18,False,132.79
4ca935,EIN4RL,Ireland,1773611145.0,1773611145,-6.1884,53.1621,3101.34,False,161.71
34538d,VLG1572,Spain,1773610822.0,1773610868,-5.4929,43.5011,2636.52,False,140.28
ac1547,AAL2503,United States,1773611145.0,1773611145,-101.5801,26.7875,11277.6,False,245.73
a0105b,FDX6179,United States,1773611141.0,1773611143,100.6418,11.6712,10675.62,False,228.5
aace5c,AAL1717,United States,1773611145.0,1773611145,-75.9041,37.4771,11887.2,False,263.45
48436e,KLM807,Kingdom of the Netherlands,1773611144.0,1773611144,21.144,47.1885,9448.8,False,248.27
7c642c,T2M,Australia,1773611144.0,1773611144,150.7057,-33.8527,304.8,False,14.73
a1f3da,,United States,1773611139.0,1773611139,-113.8608,39.106,9144.0,False,112.39
a2766f,ENY3399,United States,1773611144.0,1773611145,-111.2004,32.7487,5814.06,False,170.93
a9f4c6,RPA3637,United States,1773611131.0,1773611131,-79.6121,43.6748,,True,2.57
345398,VLG5UF,Spain,1773611144.0,1773611144,-6.2199,42.7497,9448.8,False,217.03
ac287c,SWA3946,United States,1773611145.0,1773611145,-88.5607,34.0751,10972.8,False,215.21
a81163,NKS2199,United States,1773611144.0,1773611144,-84.7793,30.9329,10668.0,False,244.32
a4c9d5,JBU20,United States,1773611144.0,1773611144,-72.2235,41.0742,5806.44,False,192.15
484368,KLM863,Kingdom of the Netherlands,1773611145.0,1773611145,140.3843,35.7931,,True,13.38
aa6b7e,UAL3037,United States,1773611144.0,1773611144,-75.3722,46.1115,10972.8,False,201.92
a200ba,SWA1149,United States,1773611145.0,1773611145,-80.2437,31.1063,10972.8,False,242.07
a8d4cc,UAL486,United States,1773611145.0,1773611145,-85.1656,44.1941,10363.2,False,234.7
a38f78,N3288,United States,1773611132.0,1773611142,-122.1125,37.4575,,True,0.0
a3965c,FFT2686,United States,1773611145.0,1773611145,-83.8987,38.6444,10668.0,False,203.21
0b4233,TGABE,Guatemala,1773611145.0,1773611145,-89.5551,15.1739,2613.66,False,95.96
4a068c,ROT266Y,Romania,1773608898.0,1773611141,27.672,42.575,2956.56,False,111.96
7810c4,CSS363,China,1773611145.0,1773611145,130.5564,32.9673,10668.0,False,280.53
a63f16,EJA501,United States,1773611145.0,1773611145,-74.6055,40.8885,838.2,False,114.01
345389,RSC30KX,Spain,1773611040.0,1773611041,-17.0742,28.4558,2438.4,False,129.67
a466d2,DAL2300,United States,1773611145.0,1773611145,-80.8254,31.8226,10363.2,False,237.47
a599ce,N460CA,United States,1773611144.0,1773611144,-121.2269,37.9202,533.4,False,62.47
a25c75,AAY364,United States,1773611145.0,1773611145,-84.0582,35.2289,10980.42,False,245.37
acbf63,AAL876,United States,1773611144.0,1773611144,-90.7923,36.8794,10972.8,False,192.68
c00122,CFALD,Canada,1773611144.0,1773611144,-74.1998,41.0219,1699.26,False,132.43
89647f,UAE3HJ,United Arab Emirates,1773611132.0,1773611132,151.1672,-33.9409,,True,0.0
ac13d6,SWA1986,United States,1773611143.0,1773611143,-88.6461,28.1758,10972.8,False,223.72
acbf60,NKS1310,United States,1773611144.0,1773611145,-82.4964,29.4557,5181.6,False,137.36
a51381,N426SH,United States,1773611144.0,1773611145,-111.9778,33.4219,1836.42,False,93.11
ad46e5,N9547W,United States,1773611144.0,1773611144,-112.0621,41.5469,1226.82,False,40.52
abb995,SWA3821,United States,1773611144.0,1773611145,-115.2573,35.5567,3078.48,False,140.28
a943b9,N69622,United States,1773611142.0,1773611144,-97.3518,32.3775,2232.66,False,81.28
a8bc34,FFT4129,United States,1773611145.0,1773611145,-115.3189,35.3239,10584.18,False,241.67
a8d63b,LXJ669,United States,1773611145.0,1773611145,24.407,38.047,13716.0,False,263.37
ac6f6d,N900CQ,United States,1773611145.0,1773611145,-111.8078,39.1053,13716.0,False,236.7
ac0ce3,N876CS,United States,1773611143.0,1773611144,-79.6698,26.7516,3413.76,False,167.72
a10835,N166CL,United States,1773611144.0,1773611144,-80.8791,27.8232,6492.24,False,90.67
896497,ABY284,United Arab Emirates,1773611145.0,1773611145,29.6867,40.6216,4777.74,False,153.82
896496,ABY502,United Arab Emirates,1773611138.0,1773611143,77.8866,8.8842,10668.0,False,255.18
a75359,JIA5024,United States,1773611145.0,1773611145,-75.6987,39.0398,4152.9,False,201.48
ad9645,AAL1504,United States,1773611145.0,1773611145,-77.1026,38.6056,2842.26,False,164.68
4ca891,RYR76QT,Ireland,1773611144.0,1773611144,9.5274,45.6666,1920.24,False,139.63
ae0631,PAT987,United States,1773611145.0,1773611145,-94.0194,35.296,8534.4,False,96.34
4ca892,RYR9261,Ireland,1773611141.0,1773611141,18.0065,41.358,11277.6,False,237.68
a5137d,N426SD,United States,1773611144.0,1773611144,-150.7838,61.7609,4206.24,False,121.43
c01442,CFHRL,Canada,1773611144.0,1773611144,-79.5753,43.4918,1264.92,False,119.72
77058c,ALK564,Sri Lanka,1773610870.0,1773610870,76.296,24.8421,11277.6,False,250.72
40683e,VIR103M,United Kingdom,1773611145.0,1773611145,-84.1308,33.8543,3672.84,False,137.51
abece7,DAL1467,United States,1773611145.0,1773611145,-83.6148,34.9432,7315.2,False,210.55
a560f3,AMX409,United States,1773611144.0,1773611144,-75.6874,39.9081,11536.68,False,217.12
a560f4,AAL776,United States,1773611145.0,1773611145,-86.004,36.7684,10668.0,False,277.78
ac0cf8,DAL1844,United States,1773611145.0,1773611145,-83.2265,42.0394,3375.66,False,133.34
e495cc,GLO2103,Brazil,1773611144.0,1773611144,-43.6484,-13.0331,11582.4,False,230.7
e495cd,GLO2095,Brazil,1773611144.0,1773611145,-43.4844,-22.4635,3375.66,False,143.98
344158,VLG3512,Spain,1773610879.0,1773610907,1.2431,38.8191,563.88,False,74.78
ac00b1,SWA2478,United States,1773611145.0,1773611145,-97.2576,33.1588,8534.4,False,220.15
0acc96,NSE8720,Colombia,1773610909.0,1773610909,-75.4909,4.1407,6096.0,False,115.73
a63388,SWA4044,United States,1773611145.0,1773611145,-94.273,47.1607,9144.0,False,208.77
344156,VLG61BD,Spain,1773611143.0,1773611144,-16.4456,28.7396,2362.2,False,142.6
770591,ALK504,Sri Lanka,1773611145.0,1773611145,1.1247,51.1868,6393.18,False,234.42
aa70a8,N772CA,United States,1773611136.0,1773611138,-117.1321,32.8117,152.4,False,30.4
a680e6,N518TX,United States,1773611143.0,1773611144,-100.4708,33.4148,11269.98,False,235.8
4ca84c,RYR2YA,Ireland,1773611145.0,1773611145,12.6941,43.8656,9913.62,False,218.34
c80173,ZKCBS,New Zealand,1773611144.0,1773611144,174.6807,-41.4816,769.62,False,70.96
4ca84e,RYR11AZ,Ireland,1773611144.0,1773611145,3.8242,49.0404,10972.8,False,213.49
7c0251,AQR,Australia,1773611144.0,1773611144,153.4875,-28.1644,243.84,False,51.08
acc676,JSX909,United States,1773611145.0,1773611145,-107.7693,36.1031,10972.8,False,206.48
896477,UAE8T,United Arab Emirates,1773611145.0,1773611145,10.885,47.3434,9547.86,False,246.38
4ca853,RYR9283,Ireland,1773610826.0,1773610837,0.2535,51.8975,167.64,False,70.98
acd99a,EJA927,United States,1773611145.0,1773611145,-73.9629,40.8252,3528.06,False,156.11
4ca850,RYR5LG,Ireland,1773611145.0,1773611145,11.8714,42.957,11277.6,False,236.85
4ca852,RYR42LJ,Ireland,1773611144.0,1773611144,-3.5453,42.7703,10972.8,False,200.47
ac767c,AAL1216,United States,1773611145.0,1773611145,-76.5301,39.3538,10972.8,False,201.53
a8d635,FFT1177,United States,1773611144.0,1773611144,-120.2897,35.2248,10949.94,False,215.41
aba696,N85SG,United States,1773611142.0,1773611144,-85.7403,30.5208,2133.6,False,113.7
a440c0,UPS1326,United States,1773611145.0,1773611145,-84.0498,32.2664,9448.8,False,174.63
ac5041,SWA420,United States,1773611144.0,1773611144,-103.5802,35.8385,11582.4,False,199.92
896484,UAE20,United Arab Emirates,1773611144.0,1773611144,0.8964,51.4204,10378.44,False,291.99
46f008,FLWME 2,Greece,1773611118.0,1773611118,22.9735,40.5244,,True,6.94
abf3da,SWA3484,United States,1773611144.0,1773611144,-88.2297,35.8687,10972.8,False,224.88
c05acc,JZA652,Canada,1773611145.0,1773611145,-122.516,45.906,2407.92,False,128.53
a93cc2,N6946F,United States,1773611145.0,1773611145,-74.7065,40.6203,137.16,False,40.42
896486,ABY471,United Arab Emirates,1773611145.0,1773611145,78.854,13.8926,9220.2,False,250.83
a3f8a1,DAL2316,United States,1773611145.0,1773611145,-86.6107,36.3328,1143.0,False,118.72
ab4392,SCM82,United States,1773611145.0,1773611145,-97.6941,36.8889,7924.8,False,129.18
ac00d6,SWA4440,United States,1773611144.0,1773611144,-121.925,37.3647,,True,0.0
a8cf50,N667MC,United States,1773611145.0,1773611145,-84.5612,34.863,2324.1,False,125.27
a288e4,UAL1631,United States,1773610896.0,1773610901,-118.3983,33.9411,,True,0.06
aca01a,SWA3614,United States,1773611145.0,1773611145,-104.4272,32.0896,11582.4,False,185.41
a022b9,N108DB,United States,1773611080.0,1773611080,-74.83,40.2637,15.24,False,59.66
aa1c45,RPA3622,United States,1773611144.0,1773611144,-77.5019,42.5865,9144.0,False,217.73
a46828,IJW383,United States,1773611144.0,1773611144,-114.4412,41.5953,10058.4,False,275.16
acb361,N9172Y,United States,1773611144.0,1773611144,-118.831,34.0331,1089.66,False,47.98
a46822,ETA38,United States,1773611145.0,1773611145,-113.8013,33.4497,7620.0,False,203.4
7c7701,JST7990,Australia,1773611145.0,1773611145,142.6897,-35.4606,11582.4,False,199.93
ae4cf8,GECKO71,United States,1773611145.0,1773611145,-84.3003,32.7829,7315.2,False,127.71
aa3656,N757ZN,United States,1773611144.0,1773611145,-149.8204,61.2162,190.5,False,33.13
a76644,FDY158,United States,1773611144.0,1773611144,-79.4874,40.5585,2705.1,False,103.69
a20e38,SWA9003,United States,1773611144.0,1773611144,-99.8418,32.9445,11582.4,False,174.21
a573d1,WUP450,United States,1773611145.0,1773611145,-80.1149,33.7411,12192.0,False,210.67
ac769b,AAL701,United States,1773611144.0,1773611144,-97.8916,32.8157,6431.28,False,167.48
a20e32,N231WG,United States,1773610995.0,1773610995,-98.9791,30.753,1920.24,False,66.03
a19202,N200,United States,1773611143.0,1773611143,-113.415,46.3772,11582.4,False,115.55
a90938,CST41,United States,1773611144.0,1773611144,-74.5803,38.7369,12184.38,False,211.85
40688a,SHT9Y,United Kingdom,1773611144.0,1773611145,-0.9898,51.9935,4655.82,False,229.92
a34840,EJA310,United States,1773611144.0,1773611144,-88.3647,35.7309,11833.86,False,151.88
a74c12,N57AB,United States,1773611144.0,1773611144,-113.0241,39.3378,10972.8,False,228.95
a168fd,N190JK,United States,1773611145.0,1773611145,-82.5437,31.8665,12496.8,False,223.81
a19e61,ENY4078,United States,1773611144.0,1773611145,-94.6819,36.2111,2727.96,False,166.95
89644b,UAE313,United Arab Emirates,1773611145.0,1773611145,91.432,22.1349,8534.4,False,221.29
a19e68,AAY269,United States,1773611143.0,1773611144,-82.6514,35.6308,1798.32,False,95.75
aa3646,RPA3309,United States,1773611144.0,1773611145,-80.9824,38.8809,9144.0,False,227.89
a6331a,GDG49,United States,1773611145.0,1773611145,-96.3465,29.9588,8542.02,False,207.15
a8cf36,N667LB,United States,1773611145.0,1773611145,-117.0503,33.2433,1973.58,False,54.18
a26ec9,JTL256,United States,1773611144.0,1773611144,-75.3742,38.2132,9448.8,False,258.59
89644f,UAE144,United Arab Emirates,1773611083.0,1773611092,3.3972,38.2152,10058.4,False,254.41
89644e,UAE28Y,United Arab Emirates,1773611145.0,1773611145,10.8048,47.689,10668.0,False,257.21
a51358,EJA426,United States,1773611145.0,1773611145,-85.9414,30.661,10668.0,False,246.4
a0855d,UAL2237,United States,1773611144.0,1773611144,-97.0308,30.7816,7429.5,False,251.54
a703c1,GJS4458,United States,1773611145.0,1773611145,-80.486,42.4773,7688.58,False,235.09
a5d6f9,UAL395,United States,1773611145.0,1773611145,-87.2406,44.603,10363.2,False,202.59
ab307c,N82WF,United States,1773610850.0,1773610851,-117.273,33.1294,99.06,False,37.23
a5bccd,UAL282,United States,1773611143.0,1773611144,-108.2303,33.8242,7932.42,False,238.2
aa8fe2,N78TM,United States,1773611144.0,1773611144,-120.2737,34.8239,2255.52,False,67.01
486954,KLM1131,Kingdom of the Netherlands,1773611112.0,1773611136,4.7752,52.3037,,True,60.97
4ca88c,RYR2GU,Ireland,1773611143.0,1773611145,11.946,39.7804,9448.8,False,215.04
486953,KLM41U,Kingdom of the Netherlands,1773611145.0,1773611145,-6.765,42.9842,11887.2,False,223.37
ad20e0,,United States,1773611145.0,1773611145,-84.833,35.2299,678.18,False,53.11
a34825,EDV4975,United States,1773611145.0,1773611145,-73.8845,40.4846,487.68,False,100.35
c00d51,FLE2612,Canada,1773611145.0,1773611145,-82.9462,30.3393,11582.4,False,229.33
a1b8c0,N21SG,United States,1773611144.0,1773611144,-122.6239,47.8883,396.24,False,81.9
e84079,GLG8373,Ecuador,1773611144.0,1773611144,-74.8113,4.4025,6164.58,False,199.43
a6e3b0,GJS3384,United States,1773611145.0,1773611145,-87.6392,44.9159,11277.6,False,237.16
4ca894,RYR2591,Ireland,1773611145.0,1773611145,16.3651,45.2144,11582.4,False,223.76
c01439,PAG209,Canada,1773611143.0,1773611144,-96.9214,50.0419,2499.36,False,118.3
a716ee,JIA5586,United States,1773611144.0,1773611144,-82.3461,36.5436,9151.62,False,232.46
a7c94a,OTA56,United States,1773611145.0,1773611145,-114.7441,33.446,6751.32,False,89.38
7c0288,ASA,Australia,1773611144.0,1773611144,150.9151,-33.8855,594.36,False,51.81
a4f360,N418RS,United States,1773611141.0,1773611141,-82.0802,34.6476,1295.4,False,117.48
a08547,N1322K,United States,1773611145.0,1773611145,-122.111,37.4553,,True,2.31
a6a971,N5283K,United States,1773611145.0,1773611145,-122.0551,45.5552,1562.1,False,61.84
a3e69d,UPS127,United States,1773611144.0,1773611144,131.0502,33.3223,9456.42,False,278.51
896439,ETD42B,United Arab Emirates,1773611145.0,1773611145,11.5885,47.3188,11277.6,False,253.12
02009f,RAM355,Morocco,1773611145.0,1773611145,1.7399,44.218,10668.0,False,249.48
ad20f4,AAL2384,United States,1773611022.0,1773611023,-111.4946,36.1687,8839.2,False,258.6
a6a96c,N5283E,United States,1773611144.0,1773611144,-111.9394,33.2067,1188.72,False,45.28
a75325,N571LL,United States,1773611141.0,1773611141,-87.0781,33.7902,1584.96,False,87.11
aa4953,ENY3472,United States,1773611144.0,1773611144,-86.7426,34.5285,6446.52,False,193.1
a8994e,EJA653,United States,1773611144.0,1773611145,-86.7971,39.5012,11887.2,False,214.58
0d09f1,XAJGT,Mexico,1773611145.0,1773611145,-71.2615,44.6879,12192.0,False,216.55
0d09f7,VIV7405,Mexico,1773611144.0,1773611144,-111.0201,30.5195,10972.8,False,220.17
781e34,CKK223,China,1773611144.0,1773611144,143.7732,36.4101,8839.2,False,287.43
e48394,GLO7659,Brazil,1773611103.0,1773611111,-56.1029,-33.6431,11887.2,False,244.65
a0c238,UPS1078,United States,1773611144.0,1773611144,-78.8741,41.6335,9448.8,False,254.23
0d09ec,AMX039,Mexico,1773611144.0,1773611144,-79.8554,24.9322,11582.4,False,223.61
a68e14,EJA521,United States,1773611145.0,1773611145,-118.234,34.356,6614.16,False,183.15
a32222,N3003Q,United States,1773611144.0,1773611144,-82.8321,27.7656,1013.46,False,43.85
a262d4,MXY338,United States,1773611145.0,1773611145,-75.2609,38.5722,10058.4,False,246.86
a1e218,CYO220,United States,1773611145.0,1773611145,-104.5444,33.703,12192.0,False,190.34
acb1f8,RKJ917,United States,1773611144.0,1773611144,-108.0977,36.6034,14333.22,False,219.43
aaf9c1,SKW3702,United States,1773611145.0,1773611145,-76.7568,43.0873,9753.6,False,208.34
abb90d,SWA3382,United States,1773611144.0,1773611145,-98.2716,32.3453,11277.6,False,268.03
4bbd09,TKJ4ZS,Turkey,1773611115.0,1773611115,39.5734,41.062,1188.72,False,107.48
484f18,KLM63U,Kingdom of the Netherlands,1773611145.0,1773611145,11.2342,48.5939,11277.6,False,238.3
c1e59b,SER544,Canada,1773611017.0,1773611017,-73.7459,45.4588,,True,5.4
4bbd06,TKJ573,Turkey,1773611143.0,1773611143,39.7463,40.8914,10668.0,False,243.55
a5d830,N476JD,United States,1773611145.0,1773611145,-85.4831,38.0374,12923.52,False,226.25
a34878,SKW3829,United States,1773611144.0,1773611145,-112.3019,40.6137,4251.96,False,188.44
ab19e5,N814TD,United States,1773610955.0,1773610955,-120.716,36.9391,1059.18,False,76.05
a658d8,N508ND,United States,1773611145.0,1773611145,-118.5516,34.1678,762.0,False,52.02
4bbd03,TKJ73J,Turkey,1773611142.0,1773611143,29.27,40.8728,266.7,False,72.47
a4b859,LXJ403,United States,1773611145.0,1773611145,-81.0646,31.2418,12496.8,False,238.34
4bbd01,TKJ567,Turkey,1773611144.0,1773611145,32.0665,38.9415,10279.38,False,215.8
aa980d,WUP670,United States,1773611142.0,1773611144,-112.4908,43.5204,13106.4,False,157.52
a1db22,MXY855,United States,1773611144.0,1773611144,-80.6429,30.0513,4579.62,False,150.53
a8609f,QXE2152,United States,1773611144.0,1773611144,-119.883,47.6419,8534.4,False,191.69
a0c20f,SKW5639,United States,1773611144.0,1773611145,-85.1,43.3237,7315.2,False,178.47
a288ff,UAL2012,United States,1773611145.0,1773611145,-81.97,38.1499,9753.6,False,204.21
a275cf,EJM258,United States,1773611144.0,1773611144,-77.3693,37.3573,12214.86,False,231.44
a1a5d6,AAY1599,United States,1773611144.0,1773611144,-110.7343,35.0295,10553.7,False,203.11
a1f543,N225TF,United States,1773611144.0,1773611144,-117.2725,33.6621,1348.74,False,52.03
a58873,AAL2214,United States,1773611145.0,1773611145,-79.5826,37.7525,9753.6,False,204.78
a2bec7,SWA105,United States,1773611144.0,1773611145,-113.9174,35.4852,10058.4,False,255.8
a44e24,DAL999,United States,1773611144.0,1773611144,-77.9655,42.3371,10363.2,False,204.64
c02726,ABK340,Canada,1773611137.0,1773611143,-74.0202,45.6856,,True,0.06
a63ebd,N501MC,United States,1773611145.0,1773611145,-82.1759,33.4422,10965.18,False,163.78
a2c5a3,EJA278,United States,1773611144.0,1773611145,-99.1078,30.9265,7741.92,False,262.58
ab3c0a,ASA594,United States,1773611144.0,1773611144,-120.3443,45.9151,9913.62,False,280.42
ac893a,AAL2836,United States,1773611145.0,1773611145,-77.0401,38.8452,,True,4.12
ac6f31,PDT6019,United States,1773611138.0,1773611138,-73.2159,42.9874,2948.94,False,161.49
a1f526,N225SB,United States,1773611144.0,1773611144,-102.5842,39.5428,12192.0,False,193.92
c1e599,SER542,Canada,1773611011.0,1773611011,-73.7481,45.459,,True,3.34
a44e18,DAL587,United States,1773611144.0,1773611144,-84.9846,33.1708,2964.18,False,167.33
e06541,ARG1682,Argentina,1773611145.0,1773611145,-58.414,-34.5577,,True,0.0
a9d031,EJA731,United States,1773611144.0,1773611144,-71.7111,41.6419,4815.84,False,199.57
a6de16,N54102,United States,1773611144.0,1773611144,-121.8028,37.3396,304.8,False,43.42
a022f2,N108FJ,United States,1773611139.0,1773611144,-86.3034,36.2804,731.52,False,67.08
a898a9,JBU266,United States,1773611144.0,1773611144,-77.0962,37.7461,10988.04,False,244.54
c813b2,ZKTAU,New Zealand,1773610913.0,1773610913,174.9727,-37.0482,213.36,False,38.12
781225,CSZ888,China,1773611145.0,1773611145,2.3148,52.1601,8884.92,False,241.07
4ca7c6,KZR912,Ireland,1773610993.0,1773611143,46.9973,40.8966,10058.4,False,250.59
8a06d0,CTV8815,Indonesia,1773611088.0,1773611088,104.2385,0.6507,11277.6,False,229.16
c05b6f,PAG7207,Canada,1773611144.0,1773611144,-97.5363,49.5844,3543.3,False,102.75
a538a7,N4354T,United States,1773611144.0,1773611144,-70.6505,41.9142,579.12,False,51.37
c1e563,,Canada,,1773611084,,,,False,8.23
a2b2da,ENY3703,United States,1773611144.0,1773611144,-85.8802,42.8403,1691.64,False,143.64
780b45,CCA838,China,1773611145.0,1773611145,16.7606,51.9438,10668.0,False,240.42
4a4d79,HYS473,Romania,1773611145.0,1773611145,-4.9522,53.657,6659.88,False,114.54
038227,VRE176,Côte d'Ivoire,1773611144.0,1773611144,1.1195,48.1884,5852.16,False,188.33
0d09b9,SLI1689,Mexico,1773611145.0,1773611145,-97.8384,24.3672,10972.8,False,223.8
ac6f2d,N900AA,United States,1773611145.0,1773611145,-121.417,38.6536,266.7,False,48.37
406814,VIR129R,United Kingdom,1773611145.0,1773611145,-70.4778,43.9828,12192.0,False,208.25
a3f8b8,AAL309,United States,1773611144.0,1773611144,-85.5671,40.0281,7620.0,False,184.44
781230,CES5070,China,1773610837.0,1773610837,120.0042,26.7133,11917.68,False,262.74
a9d006,N731NZ,United States,1773611143.0,1773611144,-113.0,36.3845,5265.42,False,112.74
7587ca,PAL117,Philippines,1773610950.0,1773610950,121.0136,14.5069,,True,11.32
4ca7d8,EIN963,Ireland,1773611144.0,1773611145,-110.848,49.2779,11582.4,False,252.03
ac0cab,AAL719,United States,1773611073.0,1773611073,-75.3254,39.8508,160.02,False,69.0
800879,,India,1773611143.0,1773611143,72.8542,19.0912,,True,4.37
a6e3ee,N543JW,United States,1773610989.0,1773610989,-111.8542,41.7841,,True,2.83
a20288,ATN3357,United States,1773611144.0,1773611144,-74.0583,42.1908,10088.88,False,204.32
3c0c99,TUI5E,Germany,1773611144.0,1773611144,1.8777,48.6085,11582.4,False,243.38
0d09c8,LCT803,Mexico,1773611144.0,1773611144,-108.0289,30.7899,10058.4,False,223.25
4b8750,PGT1035,Turkey,1773611145.0,1773611145,9.8992,52.4613,792.48,False,80.33
ac0cb1,SKW6071,United States,1773611145.0,1773611145,-104.5061,39.5855,2377.44,False,131.73
ac26bc,N882RB,United States,1773611145.0,1773611145,-84.9862,38.8846,12496.8,False,209.68
781e83,CSN381,China,1773611145.0,1773611145,152.7014,-26.9426,2651.76,False,146.35
c05b72,CGIQJ,Canada,1773611145.0,1773611145,-107.0542,52.1979,1348.74,False,71.65
a2abda,SKW4453,United States,1773611145.0,1773611145,-96.7122,31.5914,10058.4,False,238.56
a81cff,N6215D,United States,1773611145.0,1773611145,-118.4343,33.6932,1226.82,False,38.39
a1f595,SWA1514,United States,1773611144.0,1773611144,-96.8295,32.822,289.56,False,61.49
a9936a,N716M,United States,1773611145.0,1773611145,-153.5303,60.064,3474.72,False,65.65
a4421d,DAL1439,United States,1773611144.0,1773611145,-81.6928,35.4548,10972.8,False,216.88
0d09be,VOI242,Mexico,1773611145.0,1773611145,-98.8418,19.8286,5821.68,False,170.36
ac763e,AAL1893,United States,1773611144.0,1773611144,-83.4619,37.6886,11574.78,False,197.64
ac13b3,SWA2599,United States,1773611144.0,1773611145,-82.2025,34.3235,10668.0,False,231.34
a51ea9,N429SL,United States,1773611065.0,1773611066,-116.1959,43.6115,830.58,False,22.94
a3355e,JBU1568,United States,1773611016.0,1773611021,-71.9637,37.3938,10972.8,False,226.22
a1925e,N200DR,United States,1773611145.0,1773611145,-116.7955,33.9468,3040.38,False,86.5
4601fc,FIN5V,Finland,1773611145.0,1773611145,24.9631,60.3279,,True,12.86
aa1066,N748BL,United States,1773611144.0,1773611145,-83.5663,40.4492,5753.1,False,186.49
a44e5f,LXJ377,United States,1773611033.0,1773611033,-80.255,26.1904,388.62,False,71.47
76d256,TGW456,Singapore,1773611119.0,1773611119,103.6047,1.717,5090.16,False,201.0
0d09d7,XAUXX,Mexico,,1773611133,,,,False,0.0
ac6f4d,N900BH,United States,1773611144.0,1773611144,-119.7825,36.6015,9585.96,False,243.15
aa1056,AVA9204,United States,1773611145.0,1773611145,-74.1152,4.6142,3055.62,False,91.57
ad3fd9,AAL2388,United States,1773611144.0,1773611144,-115.1537,36.0793,,True,7.72
ad3fd6,ASA1330,United States,1773611145.0,1773611145,-89.4688,13.5761,10668.0,False,246.42
ac26cf,RPA5623,United States,1773611145.0,1773611145,-73.8776,40.7753,,True,9.26
781e8a,CKK222,China,1773611144.0,1773611144,-119.2895,34.1213,5334.0,False,198.37
a2b2c0,N273MM,United States,1773611144.0,1773611144,-117.5892,34.3226,3497.58,False,94.98
a4b827,DAL777,United States,1773611144.0,1773611144,-91.1164,32.6758,11887.2,False,276.45
ad9642,ASA241,United States,1773611143.0,1773611143,-127.5184,42.5616,10058.4,False,223.08
c1e52c,LOA139,Canada,1773611097.0,1773611097,-73.7442,45.4581,,True,5.92
a658a1,GTI4356,United States,1773610853.0,1773610853,113.8981,22.3096,,True,1.03
4ca7b9,RYR2601,Ireland,1773609084.0,1773611143,22.2133,56.6708,11582.4,False,212.03
4ca7b5,RYR38RZ,Ireland,1773611145.0,1773611145,0.3044,51.9265,2438.4,False,143.54
a44213,UAL2663,United States,1773610995.0,1773610995,-104.6709,39.86,,True,3.09
ad3fde,DAL828,United States,1773611145.0,1773611145,-93.211,35.7184,10073.64,False,245.48
a44212,UAL607,United States,1773611143.0,1773611144,-90.8962,30.7381,11277.6,False,272.45
ada9bd,N98KS,United States,1773611145.0,1773611145,-111.9998,34.0172,3512.82,False,77.51
4ca7b3,RYR9954,Ireland,1773611144.0,1773611144,15.9322,51.0341,10972.8,False,226.07
4bbd0c,TKJ4WC,Turkey,1773610831.0,1773610850,32.0844,38.3381,10668.0,False,240.66
4bbd0b,TKJ12T,Turkey,1773611143.0,1773611143,40.1984,40.9571,11277.6,False,245.59
a44214,UAL1688,United States,1773611145.0,1773611145,-104.2186,31.4174,10972.8,False,199.28
a44e59,FFT1597,United States,1773611143.0,1773611145,-101.9301,35.8241,10355.58,False,198.48
0acc49,HK4938G,Colombia,1773611144.0,1773611144,-74.9436,10.9308,1524.0,False,74.83
a1e241,AAY2908,United States,1773611144.0,1773611144,-81.2379,34.2014,8465.82,False,210.29
a9f652,N741AS,United States,1773611144.0,1773611144,-95.1409,37.3064,6705.6,False,197.72
c80cfa,ZKNAC,New Zealand,1773611134.0,1773611134,172.7719,-43.0843,906.78,False,46.57
a38af8,JBU164,United States,1773611145.0,1773611145,-82.6888,30.1165,11277.6,False,219.16
a82d29,N626GM,United States,1773611145.0,1773611145,-122.1718,38.2189,1379.22,False,42.44
ac252a,SWA3260,United States,1773610932.0,1773610932,-97.6682,30.199,,True,8.23
888189,HVN310,Viet Nam,1773611144.0,1773611144,139.7194,34.3312,7315.2,False,265.43
ad3e36,AAL1828,United States,1773611145.0,1773611145,-79.0986,35.6443,9197.34,False,253.62
888185,HVN982,Viet Nam,1773610905.0,1773611054,94.1688,21.9356,10652.76,False,276.26
a009b7,N101PG,United States,1773611145.0,1773611145,-120.5545,44.6509,11087.1,False,182.3
841fdc,JAL5,Japan,1773611144.0,1773611145,-93.9044,62.3306,10972.8,False,238.71
484bd1,KLM43E,Kingdom of the Netherlands,1773611145.0,1773611145,-1.5777,53.8122,678.18,False,59.77
3965a2,AFR182,France,1773611015.0,1773611015,88.2536,17.8798,11277.6,False,267.74
a2c1bd,AAY708,United States,1773611145.0,1773611145,-98.3188,37.5409,6637.02,False,180.51
88816e,HVN441,Viet Nam,1773611134.0,1773611140,126.2341,34.8743,9753.6,False,232.09
a7d7ad,N604SB,United States,1773611021.0,1773611021,-122.1169,37.6597,,True,0.06
840caf,SJO213,Japan,1773611142.0,1773611144,140.3991,35.7691,,True,7.46
e49640,AZU2811,Brazil,1773610904.0,1773610904,-45.5537,-16.9306,12496.8,False,223.3
e49641,AZU2887,Brazil,1773611086.0,1773611110,-44.1569,-24.1115,10332.72,False,215.35
a88da4,N650KJ,United States,1773611144.0,1773611144,-76.1071,39.2563,7025.64,False,216.0
c02fe2,CFSDL,Canada,1773611142.0,1773611144,-112.7854,36.8484,13106.4,False,180.78
c07f3d,WEN3584,Canada,1773611145.0,1773611145,-109.854,52.122,6400.8,False,177.33
a64df2,EJA505,United States,1773611145.0,1773611145,-113.6426,34.8222,12496.8,False,206.62
a271de,257DV,United States,1773611145.0,1773611145,-97.429,32.2322,10058.4,False,218.66
a414e8,DAL2934,United States,1773611145.0,1773611145,-73.7884,40.6024,60.96,False,59.73
4bb025,TKJ4UB,Turkey,1773611143.0,1773611144,29.0511,40.7878,1082.04,False,110.32
ac7ee7,N904JY,United States,1773611144.0,1773611144,-117.1371,32.3107,14325.6,False,227.29
e48f69,TAM3677,Brazil,1773611145.0,1773611145,-45.9891,-22.0368,8602.98,False,231.71
4ca6f1,,Ireland,1773611143.0,1773611143,15.0988,38.6935,3916.68,False,159.53
ad4528,SKW5099,United States,1773611144.0,1773611144,-106.0983,40.7914,8229.6,False,258.45
a95411,FTN10,United States,1773611145.0,1773611145,-106.0348,35.781,10972.8,False,164.23
a05939,UPS1080,United States,1773611145.0,1773611145,-79.425,41.7706,10668.0,False,252.38
ab65ec,ROK30,United States,1773611144.0,1773611144,-111.7056,33.4774,563.88,False,31.42
abb5c3,SKW5659,United States,1773611144.0,1773611145,-120.6396,37.3559,9448.8,False,226.41
aa7b33,SWA1452,United States,1773611142.0,1773611142,-121.9264,37.3659,,True,0.0
a0a903,UAL1197,United States,1773611144.0,1773611144,-73.6429,43.6551,10972.8,False,231.5
a82d14,FFT1692,United States,1773611139.0,1773611141,-81.3222,28.4417,,True,10.29
c02fe7,ACA517,Canada,1773611139.0,1773611141,-157.5875,21.1124,1485.9,False,88.89
3475da,VLG8985,Spain,1773611144.0,1773611145,2.9796,47.3422,11285.22,False,232.28
acd5c6,PVA632P,United States,1773611107.0,1773611107,-77.8619,31.1169,12496.8,False,233.59
a2113a,N232PG,United States,1773611145.0,1773611145,-117.6901,33.8472,701.04,False,39.57
5084d1,UTN7022,Ukraine,1773611144.0,1773611145,28.8622,42.3991,10363.2,False,230.85
aa2bc1,UAL406,United States,1773611144.0,1773611144,-85.018,42.9528,9753.6,False,223.61
a3577d,UPS5066,United States,1773611145.0,1773611145,-78.5271,37.9727,11894.82,False,261.84
a3311b,JBU2467,United States,1773611145.0,1773611145,-77.4804,35.4909,10363.2,False,202.46
a6ed3b,UAL2683,United States,1773611144.0,1773611144,-116.3165,33.2237,5128.26,False,200.62
a14afe,N1824,United States,1773611144.0,1773611144,-121.7044,37.0175,1127.76,False,53.13
aaf87f,DAL1871,United States,1773611145.0,1773611145,-111.9515,40.1574,3604.26,False,138.98
a7276d,N560FF,United States,1773611145.0,1773611145,-84.6348,26.4581,11887.2,False,220.02
c811de,SDA113,New Zealand,1773610922.0,1773610925,173.9465,-41.3693,213.36,False,47.4
a904a6,EJA680,United States,1773611145.0,1773611145,-82.06,30.139,12496.8,False,221.79
ab9b54,N847RC,United States,1773611145.0,1773611145,-103.7182,31.5086,13716.0,False,277.71
a82d3f,N626HJ,United States,1773611144.0,1773611145,-85.7475,40.5155,11582.4,False,200.44
a894b5,FFT2575,United States,1773611137.0,1773611137,-115.1352,36.0831,,True,0.0
a641b6,DAL388,United States,1773611144.0,1773611144,-87.2298,44.1341,12192.0,False,250.14
a70121,N550TN,United States,1773611144.0,1773611144,-87.1515,35.4715,12496.8,False,177.21
c06c56,PVL851,Canada,1773611144.0,1773611144,-72.8681,45.7768,4518.66,False,82.86
a88dd0,N650MC,United States,1773611145.0,1773611145,-117.7116,33.9937,1927.86,False,125.02
a271e4,N257EA,United States,1773611143.0,1773611144,-112.6064,33.9372,1699.26,False,59.3
a69d67,VOI1300,United States,1773611115.0,1773611120,-94.0028,18.41,5227.32,False,189.57
a35781,AAL636,United States,1773611145.0,1773611145,-84.4208,44.0139,10363.2,False,219.67
4ca6d9,SAS187,Ireland,1773611145.0,1773611145,12.7812,56.5003,929.64,False,101.71
c023aa,ACA49,Canada,1773611143.0,1773611143,75.2332,29.4362,8534.4,False,220.7
aa8e47,N78BA,United States,1773611145.0,1773611145,-80.364,29.5509,6400.8,False,118.58
a2d4d6,OXF2781,United States,1773611144.0,1773611144,-111.2065,32.3297,2438.4,False,49.66
c023b7,ACA7069,Canada,1773611144.0,1773611144,-74.1484,45.1552,1531.62,False,100.45
a7275f,SBE560,United States,1773611145.0,1773611145,-98.5134,32.201,7208.52,False,248.58
e48f50,PPLFS,Brazil,1773611145.0,1773611145,-46.8127,-19.5488,13716.0,False,233.32
a009a4,AAL302,United States,1773611144.0,1773611144,-73.7866,40.6347,,True,6.69
a271bb,,United States,1773611140.0,1773611143,-119.0382,38.4691,9144.0,False,129.63
a40de4,SLH360,United States,1773611144.0,1773611144,-84.8171,41.0961,2004.06,False,107.09
a917b1,TIV685,United States,1773611145.0,1773611145,-109.8564,35.7496,10302.24,False,225.74
3475d8,VLG1QH,Spain,1773611143.0,1773611144,2.7538,48.3998,11285.22,False,237.75
e4962d,AZU2438,Brazil,1773611144.0,1773611144,-42.8587,-13.809,11879.58,False,234.27
683273,VSV5338,Kazakhstan,1773611145.0,1773611145,89.6713,21.896,10668.0,False,263.68
a05910,SKW5664,United States,1773611050.0,1773611058,-86.321,41.7764,762.0,False,55.08
aa2ba1,UAL1068,United States,1773611145.0,1773611145,-122.9763,39.5421,10660.38,False,244.42
aad249,N797CS,United States,1773611144.0,1773611144,-100.0653,30.9945,13106.4,False,187.42
abeb37,N8670G,United States,1773611144.0,1773611144,-84.2765,35.7496,2804.16,False,76.86
a5c127,AAL1136,United States,1773611145.0,1773611145,-96.6237,30.1566,9753.6,False,192.25
abb5e3,SKW4702,United States,1773611144.0,1773611144,-107.291,38.7319,8839.2,False,203.86
a2113c,,United States,1773610996.0,1773610997,-122.2482,40.1335,243.84,False,27.01
abb5e6,SKW4764,United States,1773611145.0,1773611145,-106.0356,39.1948,7612.38,False,199.34
acced9,AAL3213,United States,1773611145.0,1773611145,-111.6179,33.1749,2590.8,False,114.84
acd5e3,EJA926,United States,1773611145.0,1773611145,-84.9722,33.5103,937.26,False,85.66
abb5ea,SKW6005,United States,1773610839.0,1773610839,-122.3863,37.6191,,True,0.0
abb5ec,SKW4713,United States,1773611144.0,1773611144,-104.7632,39.4348,3596.64,False,119.94
a4ad27,N400FJ,United States,1773611144.0,1773611144,-91.8999,29.8654,8839.2,False,270.6
a29931,KAP5221,United States,1773610994.0,1773610994,-71.0155,42.3644,,True,5.92
a0d19e,AAL1148,United States,1773610849.0,1773610849,-71.0175,42.3598,,True,0.0
a03304,N1115U,United States,1773611144.0,1773611144,-122.7537,47.5031,182.88,False,44.09
86eaf2,JAL69,Japan,1773610951.0,1773610951,-118.4173,33.9402,,True,8.75
4bb056,TKJ9JV,Turkey,1773611145.0,1773611145,30.5987,37.1589,10668.0,False,236.05
88812a,HVN30,Viet Nam,1773611144.0,1773611144,86.1297,24.048,11887.2,False,284.12
3c49c8,EWG83AU,Germany,1773611144.0,1773611144,9.3242,48.428,2971.8,False,160.16
4bb050,TKJ5ER,Turkey,1773611145.0,1773611145,30.5735,40.5326,7703.82,False,235.5
c02fb4,ASP814,Canada,1773611144.0,1773611144,-110.9493,31.3885,6652.26,False,200.64
888138,HVN773,Viet Nam,1773611124.0,1773611124,148.7301,-28.1913,12496.8,False,242.16
ac0b74,SWA4573,United States,1773611145.0,1773611145,-89.6633,28.9218,9753.6,False,226.58
888139,HVN32,Viet Nam,1773611144.0,1773611144,102.7429,12.8211,12496.8,False,263.62
44d2b6,GXA536,Belgium,1773611144.0,1773611144,-80.2622,33.4091,11582.4,False,226.6
ab9b81,SCX562,United States,1773611144.0,1773611144,-79.3854,32.5259,11262.36,False,233.01
44d2ab,GXA549,Belgium,1773611145.0,1773611145,-87.1899,41.0582,10157.46,False,273.47
a04641,AAL16,United States,1773611144.0,1773611144,-101.2548,44.9831,10675.62,False,246.3
a3317d,N3047B,United States,1773611144.0,1773611145,-122.9916,44.6046,1005.84,False,60.88
8964ff,ETD142,United Arab Emirates,1773611082.0,1773611144,19.1905,42.0546,11277.6,False,250.6
88811b,VJC1926,Viet Nam,1773611051.0,1773611052,95.976,19.886,10660.38,False,12.11
aad25e,N797DN,United States,1773611144.0,1773611144,-101.6119,31.5614,13723.62,False,305.34
4bb063,THY78C,Turkey,1773611144.0,1773611145,31.4668,31.003,10972.8,False,231.23
abeb57,,United States,1773611144.0,1773611144,-118.1461,33.8186,,True,0.0
e49698,TAM4733,Brazil,1773611143.0,1773611143,-45.5476,-20.355,11574.78,False,231.91
e49699,AZU2413,Brazil,1773611145.0,1773611145,-40.4958,-17.6733,9966.96,False,241.63
888129,HVN781,Viet Nam,1773611145.0,1773611145,140.5556,-35.6275,11887.2,False,301.7
c07f2e,WEN3350,Canada,1773611093.0,1773611093,-110.9622,50.0326,3939.54,False,158.93
888167,HVN35,Viet Nam,1773611144.0,1773611144,77.8135,28.3239,10363.2,False,232.82
02a199,TAR514,Tunisia,1773611143.0,1773611143,5.9515,40.9846,11582.4,False,231.69
a4b41c,AAL2065,United States,1773610903.0,1773610903,-112.0008,33.4384,,True,0.9
a534c1,N4343F,United States,1773611144.0,1773611144,-88.0859,31.123,12192.0,False,189.32
a56a18,UAL1271,United States,1773611098.0,1773611098,-99.0638,19.444,,True,5.66
a0d192,N15190,United States,1773611134.0,1773611141,-72.0412,41.342,213.36,False,52.56
a46488,UPS5902,United States,1773611145.0,1773611145,-101.4551,41.0542,10980.42,False,227.38
ad8bed,JBU1692,United States,,1773611128,,,,False,236.85
4064a4,TOM359,United Kingdom,1773611145.0,1773611145,6.7301,49.6415,11582.4,False,218.23
a03f1e,DAL968,United States,1773611144.0,1773611144,-75.9192,40.0412,9913.62,False,203.04
aae59e,ASA1354,United States,1773611144.0,1773611144,-114.9265,32.2638,10363.2,False,218.78
ac0b80,UAL2279,United States,1773611020.0,1773611033,-122.3836,37.6193,,True,0.0
c01ca9,WEN3689,Canada,1773611142.0,1773611142,-114.0128,51.1343,,True,0.0
8964d9,ABY448,United Arab Emirates,1773611144.0,1773611144,76.2297,8.8587,6027.42,False,229.66
4077ba,EXS598,United Kingdom,1773611144.0,1773611144,-2.2565,53.5878,9525.0,False,240.63
888152,HVN18,Viet Nam,1773611144.0,1773611144,92.4261,22.1998,12496.8,False,293.27
a0a91f,UAL2650,United States,1773611145.0,1773611145,-82.5395,40.8514,11887.2,False,271.36
478e27,WIF9013,Norway,1773611145.0,1773611145,8.3616,54.9102,12192.0,False,237.72
a414fb,DAL1425,United States,1773611143.0,1773611144,-83.8895,29.8738,9448.8,False,247.33
a0a91e,UAL259,United States,1773611144.0,1773611144,-112.4193,40.8202,8839.2,False,253.7
a05950,N121VM,United States,1773611139.0,1773611139,-118.4912,34.2186,236.22,False,3.75
781f2f,,China,1773611130.0,1773611130,80.9737,57.3596,11887.2,False,275.1
c07f36,WEN3658,Canada,1773610858.0,1773610858,-118.3457,51.2702,7620.0,False,169.24
c036b1,WJA4137,Canada,1773611145.0,1773611145,-80.0194,43.4729,1638.3,False,98.72
ab9b9d,UAL521,United States,1773611144.0,1773611145,-93.8763,30.7661,7513.32,False,180.1
a21190,N232ST,United States,1773611145.0,1773611145,-120.1315,39.148,4617.72,False,125.58
c07f32,WEN3322,Canada,1773611144.0,1773611144,-113.4323,50.4527,4503.42,False,189.66
a29908,ASA1301,United States,1773611145.0,1773611145,-119.4562,36.1825,10363.2,False,203.5
a68a04,N520MC,United States,1773611144.0,1773611144,-85.8519,31.2932,4892.04,False,143.62
4ca6fb,RYR4QR,Ireland,1773611145.0,1773611145,1.3701,43.6284,,True,6.69
ac259b,DAL1804,United States,1773611144.0,1773611144,-86.3903,32.3547,8839.2,False,265.27
a2cf34,ENY3867,United States,1773611145.0,1773611145,-89.2744,39.2857,6736.08,False,176.87
a3094d,AAY899,United States,1773611142.0,1773611142,-77.8726,33.7797,10363.2,False,214.05
a1b636,N2093C,United States,1773611145.0,1773611145,-83.8163,32.5094,701.04,False,69.53
a761fc,N575LF,United States,1773611144.0,1773611144,-80.1764,40.2652,632.46,False,61.06
e8043e,ARE4401,Chile,1773610947.0,1773610982,-74.1444,4.7024,,True,0.0
ae63dd,ASPEN23,United States,1773611145.0,1773611145,-120.4372,34.8835,182.88,False,84.57
e8043f,ARE4162,Chile,1773610929.0,1773610929,-74.2294,11.0749,297.18,False,68.95
e80453,LAN763,Chile,1773611143.0,1773611144,-46.5315,-23.4509,952.5,False,74.9
a94156,DAL1774,United States,1773611144.0,1773611144,-84.5361,33.5368,1546.86,False,110.09
a33ca9,JBU469,United States,1773611144.0,1773611144,-71.2761,41.3894,7261.86,False,188.77
a22fcb,N24XZ,United States,1773611145.0,1773611145,-77.4017,35.5529,4236.72,False,133.35
e80457,LAN750,Chile,1773611010.0,1773611010,-46.521,-23.4478,937.26,False,75.05
a30961,EDV5122,United States,1773611040.0,1773611040,-84.4336,33.6434,,True,2.31
a0200c,N107PT,United States,1773611145.0,1773611145,-120.3448,37.8783,6096.0,False,173.83
018090,LWA100,Libyan Arab Jamahiriya,1773611110.0,1773611110,14.8702,32.8929,7810.5,False,240.68
a9b78e,EJA725,United States,1773611144.0,1773611144,-87.0681,28.2734,12496.8,False,244.2
a249fc,N24697,United States,1773610859.0,1773610879,-82.1109,29.2795,937.26,False,52.53
86ec40,ANA239,Japan,1773611144.0,1773611145,139.2074,35.6798,9768.84,False,165.66
4ca806,RYR3VA,Ireland,1773611145.0,1773611145,-4.586,40.5708,11109.96,False,201.96
a68a9d,N520TF,United States,1773611138.0,1773611138,-111.7292,32.9682,678.18,False,40.51
a53612,DAL281,United States,1773611145.0,1773611145,-148.8766,57.1827,10972.8,False,231.82
4ca802,RYR8717,Ireland,1773611145.0,1773611145,-1.7875,53.1143,3566.16,False,137.6
a54948,N44LK,United States,1773611145.0,1773611145,-118.1998,33.6367,1737.36,False,65.53
a904f5,N680TW,United States,1773611143.0,1773611143,-108.3835,45.7248,1653.54,False,122.17
896664,,United Arab Emirates,,1773611083,,,,False,214.46
ab4090,JRE824,United States,1773611145.0,1773611145,-79.307,36.5146,12192.0,False,182.04
4ca801,RYR5763,Ireland,1773611144.0,1773611145,-3.3817,40.6394,11277.6,False,240.1
a9ead4,N738XD,United States,1773611144.0,1773611145,-120.2494,34.816,2103.12,False,53.11
e80468,TAM8068,Chile,1773611138.0,1773611141,-45.3368,-22.0811,7223.76,False,249.65
ae63e7,ASPEN21,United States,1773611144.0,1773611144,-120.386,34.8413,701.04,False,99.67
780aa5,CPA879,China,1773611106.0,1773611106,-125.557,37.8235,9296.4,False,241.52
a3f621,UAL2300,United States,1773611145.0,1773611145,-107.8416,32.184,8534.4,False,202.89
780aa3,CPA624,China,1773611145.0,1773611145,85.0693,19.4189,11887.2,False,285.64
a39f0d,UPS5852,United States,1773611144.0,1773611144,-99.1644,35.6392,10972.8,False,192.43
780aa4,CPA256,China,1773611145.0,1773611145,12.3678,49.1362,11277.6,False,251.09
896623,UAE24,United Arab Emirates,1773611144.0,1773611144,-3.1419,55.6165,4663.44,False,187.72
e8045f,LAN777,Chile,1773611144.0,1773611144,-43.0966,-22.7664,975.36,False,128.29
a27f2e,MXY136,United States,1773611144.0,1773611144,-80.6586,35.7577,10668.0,False,239.92
c07f01,WJA1581,Canada,1773611145.0,1773611145,-118.4496,34.7572,11414.76,False,202.49
e80476,TAM8203,Chile,1773611144.0,1773611144,-49.9277,-22.1479,11887.2,False,263.56
8880a4,HVN646,Viet Nam,1773611144.0,1773611144,121.0956,14.5936,1493.52,False,133.01
addc86,N99204,United States,1773611145.0,1773611145,-122.4771,46.9685,381.0,False,56.99
a369be,ENY3503,United States,1773611145.0,1773611145,-97.177,32.5173,5791.2,False,201.26
a0464a,AER32,United States,1773611144.0,1773611144,-152.236,60.2937,6096.0,False,121.94
e80478,ARE4072,Chile,1773611141.0,1773611141,-74.5538,5.177,5059.68,False,175.54
40787a,TOM908F,United Kingdom,1773611138.0,1773611138,83.9343,21.713,13106.4,False,263.61
a02c40,AAL538,United States,1773611145.0,1773611145,-118.2219,33.737,4084.32,False,169.56
a26c12,SWA275,United States,1773611144.0,1773611145,-122.5043,37.6763,2636.52,False,157.54
e8046d,TAM8186,Chile,1773611145.0,1773611145,-79.3046,27.9299,5791.2,False,161.25
780ab7,CPA748,China,1773611047.0,1773611047,113.9349,22.3126,,True,0.0
e8046f,TAM8067,Chile,1773610917.0,1773611050,-42.2833,-16.8131,12192.0,False,239.07
e80480,LPE2369,Chile,1773610898.0,1773610908,-58.4153,-34.5565,,False,0.0
a7fa76,LXJ613,United States,1773610849.0,1773610849,-73.716,41.079,45.72,False,57.62
a81a91,N621GG,United States,1773611145.0,1773611145,-73.5147,42.7887,1424.94,False,62.15
a04662,N117BW,United States,1773611145.0,1773611145,-82.906,34.7298,1744.98,False,78.58
40653a,EZY41NW,United Kingdom,1773611145.0,1773611145,-3.9646,44.3954,11574.78,False,206.36
a8348b,N628G,United States,1773611127.0,1773611138,-111.9194,33.6189,,True,0.06
7811a4,CCA908,China,1773611144.0,1773611144,115.5964,40.4328,4511.04,False,207.21
aaf828,AAL32,United States,1773611145.0,1773611145,-93.9814,44.3071,12496.8,False,272.41
780aaa,CPA698,China,1773610910.0,1773610916,113.5395,22.0223,6530.34,False,193.21
40653d,EZY16XL,United Kingdom,1773611145.0,1773611145,-3.8565,55.8698,2125.98,False,123.55
a4bfc1,FFT2339,United States,1773611145.0,1773611145,-75.2231,40.0379,2941.32,False,129.32
a04669,N117CC,United States,1773611019.0,1773611019,-114.2941,33.6898,4419.6,False,135.49
a45186,N378AC,United States,1773611145.0,1773611145,-122.128,37.4976,304.8,False,34.16
a99adb,N718MC,United States,1773611144.0,1773611144,-97.6591,30.1792,,True,0.0
a03f84,RPA4445,United States,1773611144.0,1773611144,-86.0653,36.4361,3154.68,False,132.17
68322c,VSV5205,Kazakhstan,1773611018.0,1773611020,79.4207,25.4831,11277.6,False,256.54
346398,IBB8AQ,Spain,1773611145.0,1773611145,-14.0655,31.332,11277.6,False,224.21
a2cf6a,EJA280,United States,1773611145.0,1773611145,-106.4808,35.2669,5745.48,False,166.31
4ca82c,MSA9796,Ireland,1773611145.0,1773611145,13.3265,41.6128,10972.8,False,231.79
a7bddc,N59826,United States,1773611144.0,1773611144,-147.8571,64.8147,,True,7.46
a03387,VYR19,United States,1773611143.0,1773611143,-100.9231,34.927,12496.8,False,211.76
a356f6,AAL2536,United States,1773611144.0,1773611144,-81.5202,39.4217,6903.72,False,232.42
896604,FDB445,United Arab Emirates,1773611144.0,1773611144,70.4062,18.4095,11277.6,False,269.6
a69d7a,N525WE,United States,1773611144.0,1773611144,-106.3723,40.2847,6141.72,False,155.75
4ab5d5,,Sweden,,1773611145,,,,False,79.88
e80411,LAN029,Chile,1773611101.0,1773611124,-71.1036,-34.6716,8564.88,False,227.38
add066,N99BC,United States,1773611145.0,1773611145,-96.94,46.9048,12001.5,False,217.11
e80418,ARE4259,Chile,1773611144.0,1773611144,-74.8111,4.6069,5875.02,False,186.84
ab050f,UAL333,United States,1773611145.0,1773611145,-97.3179,36.3141,10957.56,False,186.81
a6ed61,UAL2152,United States,1773611145.0,1773611145,-106.7271,31.7679,10668.0,False,211.69
ac382e,DAL914,United States,1773611144.0,1773611144,-110.2878,38.4696,9448.8,False,222.72
a03398,UCA4963,United States,1773611120.0,1773611126,-77.4416,38.9492,,True,0.0
a40312,FFT3304,United States,1773611029.0,1773611029,-118.3837,33.9405,,True,0.0
a03397,UCA4339,United States,1773611145.0,1773611145,-77.4375,38.9072,518.16,False,90.28
c01d72,FLE608,Canada,1773611144.0,1773611144,-117.3703,49.4787,11277.6,False,273.78
a26025,ENY4114,United States,1773611144.0,1773611144,-98.5203,29.6948,1935.48,False,142.11
e80422,LTG8517,Chile,1773611145.0,1773611145,-8.3451,42.7647,10058.4,False,242.27
a38c42,N328CH,United States,1773611118.0,1773611118,-73.9099,41.2122,167.64,False,59.48
a761ac,N575HA,United States,1773611144.0,1773611144,-84.164,33.4365,11574.78,False,226.91
a1fce6,N227VJ,United States,1773611143.0,1773611144,-106.6336,35.0473,13106.4,False,175.1
4ca849,RYR2556,Ireland,1773611144.0,1773611144,9.7236,62.536,12192.0,False,217.52
7c02d2,AUC,Australia,1773611144.0,1773611145,152.9788,-27.5821,274.32,False,42.55
ab184d,AAL1587,United States,1773611144.0,1773611145,-85.1967,42.1166,5341.62,False,146.64
a0205c,SKW4690,United States,1773611144.0,1773611144,-91.9242,32.9546,10363.2,False,176.88
aa7b78,SWA3493,United States,1773611144.0,1773611145,-88.9298,40.4233,11582.4,False,191.01
a2733d,GPD257,United States,1773610851.0,1773610851,-80.2231,27.1787,,True,7.46
a9fdc3,AVA8473,United States,1773611144.0,1773611144,-74.4204,10.2957,6576.06,False,211.59
4ca80f,RYR8819,Ireland,1773611145.0,1773611145,-3.5451,39.6369,11582.4,False,204.33
a2d62c,N282HV,United States,1773611145.0,1773611145,-81.5439,27.3146,5730.24,False,171.7
ab5ed8,SWA1095,United States,1773611143.0,1773611145,-79.505,26.4435,5974.08,False,200.83
345041,VLG1WA,Spain,1773611145.0,1773611145,0.614,41.6066,6126.48,False,206.87
ad3e16,SWA8841,United States,1773611140.0,1773611140,-115.1542,36.078,,True,10.8
4ca80e,RYR3PN,Ireland,1773611144.0,1773611144,-4.9549,53.5264,7581.9,False,242.58
345043,VLG1EN,Spain,1773611144.0,1773611144,-8.7626,38.9889,3878.58,False,173.08
7c7889,JST504,Australia,1773611144.0,1773611144,151.1572,-34.1828,1173.48,False,118.17
485342,KLM678,Kingdom of the Netherlands,1773611145.0,1773611145,-110.0603,51.3473,11269.98,False,249.54
a93a07,N694ES,United States,1773611145.0,1773611145,-107.257,37.3109,11582.4,False,213.07
a6ed7f,UAL2494,United States,1773611144.0,1773611144,-86.8031,41.2802,6400.8,False,166.97
7c7885,JST507,Australia,1773611144.0,1773611144,151.4303,-34.0907,4617.72,False,184.66
a41632,UAL1953,United States,1773611144.0,1773611145,-114.0177,51.0859,1386.84,False,91.67
aaf83c,AAL3249,United States,1773611107.0,1773611108,-77.0405,38.8568,,True,2.83
a04695,DAL1685,United States,1773611145.0,1773611145,-80.4114,33.246,9753.6,False,231.73
34768e,VLG2KG,Spain,1773611097.0,1773611097,-8.6462,34.6636,11277.6,False,227.86
a71497,N55515,United States,1773611144.0,1773611145,-111.9331,34.4672,3497.58,False,50.54
4ca813,RYR48WZ,Ireland,1773611145.0,1773611145,9.6227,47.9615,11277.6,False,238.59
7cae42,,Australia,1773611143.0,1773611143,115.9557,-31.9277,,True,0.0
a2cf3b,AAY2169,United States,1773611144.0,1773611144,-83.6099,29.3789,6873.24,False,204.97
34768c,VLG2ZP,Spain,1773611144.0,1773611144,11.3605,44.5884,1318.26,False,114.72
4ca816,RYR94LG,Ireland,1773611144.0,1773611144,7.81,43.6976,9875.52,False,215.41
a5717f,N45TU,United States,1773611145.0,1773611145,-86.2368,29.1649,13716.0,False,250.28
4ca811,RYR9NU,Ireland,1773611144.0,1773611144,-4.2197,55.2935,5029.2,False,174.95
4ca812,RYR25XK,Ireland,1773611144.0,1773611145,-4.4027,36.606,518.16,False,87.8
abfe12,SKW6339,United States,1773611145.0,1773611145,-118.8529,38.9748,11277.6,False,265.37
885968,TVJ566,Thailand,1773611139.0,1773611143,119.8876,23.6348,8839.2,False,255.16
a2998d,EJM26,United States,1773611145.0,1773611145,-111.929,33.2926,12496.8,False,235.81
e80435,ARE4141,Chile,1773611110.0,1773611110,-74.5068,9.9971,6934.2,False,213.5
885963,,Thailand,1773611105.0,1773611107,82.064,20.1241,10668.0,False,285.53
40658a,CFE2286,United Kingdom,1773611144.0,1773611145,0.4094,51.4936,1242.06,False,102.02
a093f7,ABX3110,United States,1773611067.0,1773611144,-99.5128,42.1866,10972.8,False,228.93
a4b49c,FFT3660,United States,1773611145.0,1773611145,-104.1663,31.8348,11277.6,False,267.87
885964,TVJ3719,Thailand,1773611143.0,1773611143,100.7571,14.4889,3497.58,False,188.74
a7fa2d,SKW4062,United States,1773611144.0,1773611144,-115.5553,35.7949,10058.4,False,216.09
abc8ce,JAS82,United States,1773611145.0,1773611145,-76.5172,38.3002,11277.6,False,261.44
347695,VLG33XN,Spain,1773611145.0,1773611145,1.3626,45.8217,10668.0,False,243.29
a68a95,SKW246A,United States,1773611144.0,1773611144,-101.4167,35.8877,10363.2,False,182.09
c01d7e,FLE1600,Canada,1773611136.0,1773611136,-78.5075,32.3037,11582.4,False,219.67
a02c7b,HER110,United States,1773611143.0,1773611143,-103.2983,35.5613,13106.4,False,225.35
780aeb,CSN5221,China,1773611144.0,1773611144,135.4451,36.4584,8839.2,False,294.84
347690,VLG8008,Spain,1773611144.0,1773611144,2.4931,48.7441,464.82,False,62.9
406591,BAW15,United Kingdom,1773611144.0,1773611144,0.5077,51.151,4221.48,False,225.35
406590,BAW28K,United Kingdom,1773611143.0,1773611144,-89.1281,64.7658,10972.8,False,243.05
abb5a5,ASH4028,United States,1773611145.0,1773611145,-93.9943,42.2885,9448.8,False,276.4
a2cf2b,N280ND,United States,1773610838.0,1773610839,-71.5303,42.7899,-30.48,False,31.25
e48f03,GLO1040,Brazil,1773611145.0,1773611145,-46.6234,-23.6591,1310.64,False,101.72
a1fcc0,N227TW,United States,1773610989.0,1773611014,-111.2,32.3973,746.76,False,35.7
7c15e1,ELV,Australia,1773611145.0,1773611145,152.9772,-27.7418,388.62,False,53.36
484c52,KLM1659,Kingdom of the Netherlands,1773611145.0,1773611145,11.2085,45.062,9403.08,False,217.67
a46fad,UPS5842,United States,1773610894.0,1773610894,-107.3608,40.1981,10363.2,False,211.93
aa955c,N781MM,United States,1773611141.0,1773611141,-115.1615,36.0944,,True,4.12
abb5a2,ASH6223,United States,1773611145.0,1773611145,-95.7138,30.3319,4785.36,False,177.51
89659d,,United Arab Emirates,1773611116.0,1773611116,78.6384,8.9653,9700.26,False,238.25
a76f66,UAL1221,United States,1773611143.0,1773611144,-119.9678,35.4811,8839.2,False,222.34
a6a642,N5277F,United States,1773611139.0,1773611144,-95.4494,29.7939,335.28,False,56.18
a966b1,CONGO64,United States,1773610982.0,1773610982,-118.9962,35.9731,1021.08,False,56.31
aa93c9,UAL52,United States,1773611141.0,1773611141,-77.4544,38.9467,,True,0.0
a1a37a,CXK104,United States,1773611144.0,1773611145,-112.2987,33.5208,373.38,False,39.13
e494b3,AZU4287,Brazil,1773611131.0,1773611131,-40.6908,-4.9098,10972.8,False,241.01
a95fbe,ASA700,United States,1773610845.0,1773610847,-119.4173,44.1746,10668.0,False,281.44
0d1083,VIV1130,Mexico,1773611144.0,1773611144,-99.3985,25.1856,5897.88,False,154.03
4bcde6,SXS6PJ,Turkey,1773611144.0,1773611145,28.6065,42.1806,11285.22,False,239.23
a7c624,PD10,United States,1773611140.0,1773611140,-117.6585,34.0822,556.26,False,43.24
e48dc1,TAM3046,Brazil,1773611124.0,1773611124,-44.5862,-20.813,9189.72,False,216.55
a2c35a,UAL2454,United States,1773611145.0,1773611145,-83.6268,37.8137,10942.32,False,196.35
a210e9,N232LA,United States,1773611145.0,1773611145,-118.4938,34.0548,274.32,False,25.73
ab5f6a,SWA1641,United States,1773611145.0,1773611145,-79.5016,28.0342,5486.4,False,152.5
a846c4,SKW274W,United States,1773611047.0,1773611047,-112.0516,39.502,6461.76,False,172.88
4ca757,ITY1173,Ireland,1773611145.0,1773611145,15.2786,39.4999,5501.64,False,172.06
e48dc2,TAM3696,Brazil,1773611136.0,1773611141,-46.6608,-23.6219,,True,0.0
a450b8,N3774H,United States,1773611145.0,1773611145,-121.2335,38.0299,1935.48,False,80.46
a27380,SWA3154,United States,1773611145.0,1773611145,-97.7629,30.0606,1181.1,False,120.81
abfcb6,SWA3420,United States,1773610996.0,1773610996,-81.7536,26.533,,True,10.8
78138d,CDG4646,China,1773610929.0,1773610975,116.0582,22.4682,10058.4,False,243.22
a3e35d,N35KH,United States,1773611145.0,1773611145,-122.1342,47.804,327.66,False,64.65
aba318,WUP849,United States,1773611144.0,1773611144,-75.5637,38.3541,5059.68,False,170.91
461f9d,FIN1604,Finland,1773611144.0,1773611144,22.419,58.5904,11277.6,False,236.44
accf1c,EDV5070,United States,1773611145.0,1773611145,-81.0141,36.4681,10363.2,False,205.17
a4acf3,N400DG,United States,1773611144.0,1773611144,-81.1388,35.244,11430.0,False,187.94
34644c,IBS15XX,Spain,1773611144.0,1773611144,-13.7902,31.6666,10660.38,False,229.65
a2d686,N282MK,United States,1773611145.0,1773611145,-118.4855,34.2425,426.72,False,44.86
394c10,AFR55HC,France,1773611144.0,1773611144,-0.6825,44.8517,91.44,False,72.03
4ca765,RYR9146,Ireland,1773611145.0,1773611145,-1.0362,50.0329,10972.8,False,227.33
a95fe6,CTX62,United States,1773611144.0,1773611144,-84.2516,34.0875,937.26,False,56.47
a14087,N18YP,United States,1773610980.0,1773610980,-80.5648,26.0139,472.44,False,119.97
4ca762,RYR60MJ,Ireland,1773611142.0,1773611145,-1.2508,49.7582,11582.4,False,214.53
c01d1f,ASP820,Canada,1773611145.0,1773611145,-121.8699,46.6139,11582.4,False,195.03
394c19,AFR71CG,France,1773611145.0,1773611145,-3.261,40.2747,2186.94,False,106.57
478ce7,WIF8A,Norway,1773611144.0,1773611145,6.1701,60.9949,6416.04,False,123.85
ac7f77,EJA904,United States,1773611144.0,1773611145,-85.981,32.17,13106.4,False,207.51
a82cd3,N626DA,United States,1773611145.0,1773611145,-110.8623,31.5536,3520.44,False,89.85
adf622,N999XC,United States,1773611131.0,1773611132,-119.4304,36.3073,1935.48,False,47.4
a330b5,N3041M,United States,1773611144.0,1773611144,-149.5217,61.3874,434.34,False,34.7
ad56e0,JBU2951,United States,1773610955.0,1773610965,-86.935,21.0882,381.0,False,74.62
ab400f,DAL2824,United States,1773611144.0,1773611144,-82.4774,32.779,10668.0,False,203.28
ab400e,RVJ824,United States,1773611144.0,1773611144,-88.0983,43.7044,12496.8,False,252.36
aba30b,UAL1655,United States,1773611145.0,1773611145,-86.4543,42.2182,9547.86,False,231.75
896598,ETD13,United Arab Emirates,1773611144.0,1773611145,-80.0504,37.2147,12192.0,False,219.54
c06aac,TSC739,Canada,1773611144.0,1773611144,-73.659,45.3335,1836.42,False,116.79
8a09c9,AWQ211,Indonesia,1773611145.0,1773611145,103.2909,1.151,10172.7,False,235.64
4ca737,RYR4CQ,Ireland,1773611145.0,1773611145,-5.5509,53.478,2438.4,False,134.51
c06aaa,TSC938,Canada,1773611145.0,1773611145,-81.6009,31.6176,10363.2,False,222.59
e06491,ARG1229,Argentina,1773611125.0,1773611126,-55.4416,-32.0462,9753.6,False,235.48
a2869c,MXY683,United States,1773611141.0,1773611142,-115.1383,36.0812,,True,0.0
ab03e9,,United States,,1773610868,,,,False,148.72
a82cbb,N626CB,United States,1773611145.0,1773611145,-84.5856,33.2515,1059.18,False,40.51
a75018,TRF547,United States,1773611145.0,1773611145,-111.773,33.4281,769.62,False,53.5
4ca730,ITY1579,Ireland,1773611144.0,1773611144,8.296,40.6409,60.96,False,73.66
484c24,KLM1793,Kingdom of the Netherlands,1773611137.0,1773611137,9.6933,52.4599,,True,0.0
abc96f,GTI8992,United States,1773611145.0,1773611145,-99.5987,34.5083,9959.34,False,287.87
ad4fe1,AAL428,United States,1773611145.0,1773611145,-74.8286,40.6858,6477.0,False,189.24
4ca73f,RYR4RD,Ireland,1773611145.0,1773611145,0.3032,53.8091,10386.06,False,253.56
740825,RJA282,Jordan,1773611145.0,1773611145,9.3996,46.8099,12496.8,False,256.71
c06aa4,JZA97,Canada,1773611144.0,1773611144,-123.8862,50.4495,8892.54,False,192.34
a69cfd,RLI526,United States,1773611145.0,1773611145,-81.9795,41.6831,11132.82,False,170.51
4ca73b,RYR78GE,Ireland,1773611117.0,1773611121,26.0613,44.5635,144.78,False,71.41
4ca73d,RYR3179,Ireland,1773611144.0,1773611144,-1.5601,49.3162,10972.8,False,226.06
a1f0b4,RPA5665,United States,1773611145.0,1773611145,-76.5546,37.8757,3383.28,False,156.25
ab4c76,EDV5101,United States,1773611145.0,1773611145,-78.0084,40.2548,6096.0,False,189.97
4ca73e,RYR1CP,Ireland,1773611144.0,1773611145,5.0455,43.0497,11277.6,False,247.64
aa8cb2,RPA3710,United States,1773611144.0,1773611144,-74.6453,40.7045,1706.88,False,126.03
4bcdd5,SXS964,Turkey,1773610665.0,1773611144,46.6313,40.9508,11277.6,False,244.73
ad9f57,N977TH,United States,1773611144.0,1773611144,-73.4962,41.0875,640.08,False,53.19
a2c338,UAL1513,United States,1773611144.0,1773611144,-75.3255,39.9111,4899.66,False,232.95
a38c66,DAL1050,United States,1773611144.0,1773611145,-96.225,33.0207,10660.38,False,223.29
ace965,PDT5813,United States,1773611145.0,1773611145,-75.408,40.3273,2263.14,False,107.46
a76f6c,UAL1246,United States,1773611144.0,1773611144,-101.8732,37.6335,9753.6,False,194.29
a38c64,ENY3673,United States,1773611144.0,1773611144,-86.7827,34.7719,815.34,False,63.53
a846d1,SKW5745,United States,1773611143.0,1773611143,-122.3854,37.6218,,True,2.06
78007f,CAO1056,China,1773611144.0,1773611145,-95.3485,51.0594,9334.5,False,247.09
c084c2,PAG319,Canada,1773611144.0,1773611145,-89.817,48.8679,4229.1,False,128.45
ac36ef,SWA4799,United States,1773611144.0,1773611144,-82.7723,28.1393,2004.06,False,128.11
a4a0d9,DAL2339,United States,1773611145.0,1773611145,-75.6494,39.0918,7757.16,False,254.25
345107,VLG7MQ,Spain,1773611145.0,1773611145,0.0882,39.7522,8084.82,False,250.52
c00a0d,ACA939,Canada,1773611143.0,1773611144,-73.7495,45.4592,,True,0.06
345109,IBE0170,Spain,1773611142.0,1773611142,-37.4732,-5.7134,10668.0,False,242.08
c00a0b,ACA566,Canada,1773611144.0,1773611145,-123.0437,39.3749,11269.98,False,251.67
c01d3c,WJA2130,Canada,1773611145.0,1773611145,-84.0321,37.6684,10972.8,False,194.8
c06aa9,TSC641,Canada,1773611145.0,1773611145,-73.5673,45.0974,3017.52,False,171.75
abfcda,SWA8508,United States,1773611144.0,1773611144,-83.4753,37.0909,12192.0,False,202.24
406544,EZY363U,United Kingdom,1773611144.0,1773611144,-1.9437,52.7727,4389.12,False,158.97
461f4d,FIN143,Finland,1773610301.0,1773611127,27.7385,44.5057,11277.6,False,254.67
e494f7,,Brazil,1773611003.0,1773611003,-44.2725,-6.7128,11590.02,False,233.61
406540,EZY18ER,United Kingdom,1773611145.0,1773611145,7.1456,50.5072,11574.78,False,214.09
48af08,LOT3EM,Poland,1773611055.0,1773611055,20.9736,52.1584,76.2,False,73.41
ab4c83,SCX8720,United States,1773611144.0,1773611144,-99.5271,34.1448,9144.0,False,185.73
60084d,AHY057,Azerbaijan,1773611129.0,1773611134,77.0811,28.5641,,True,0.0
447c50,00000000,Austria,1773610935.0,1773610935,16.5677,48.1147,,True,4.37
48af02,LOT2302,Poland,1773609583.0,1773610883,19.6316,52.4733,10408.92,False,225.71
aa9fbb,ENY3444,United States,1773611145.0,1773611145,-87.7639,41.412,3223.26,False,172.62
4ca798,ITY802,Ireland,1773611145.0,1773611145,11.8539,41.4408,4572.0,False,193.71
461f64,FIN610,Finland,1773611132.0,1773611135,26.7315,66.7845,11666.22,False,218.68
89655f,UAE5AM,United Arab Emirates,1773611099.0,1773611111,77.8522,14.7999,12192.0,False,235.0
a4c6af,AAL1008,United States,1773611144.0,1773611144,-86.7917,33.2504,10363.2,False,205.02
ad9f7f,AAL420,United States,1773611144.0,1773611145,-104.6038,39.4677,5052.06,False,205.15
461f62,FIN6G,Finland,1773611144.0,1773611144,24.9652,60.3297,76.2,False,66.95
ac733b,DAL1209,United States,1773611145.0,1773611145,-115.4481,43.1553,10668.0,False,286.92
a53644,LXJ435,United States,1773611100.0,1773611100,-111.9163,33.6204,,True,0.0
600843,AHY8239,Azerbaijan,1773611144.0,1773611144,45.8891,41.4512,4251.96,False,152.74
406532,BAW929,United Kingdom,1773611144.0,1773611144,2.3337,51.5894,8122.92,False,196.51
ace96d,AAL3219,United States,1773611144.0,1773611144,-111.5923,33.6616,2667.0,False,136.17
ace96c,AAL2197,United States,1773611144.0,1773611144,-79.7289,33.4337,7703.82,False,240.24
0d103d,,Mexico,1773611112.0,1773611112,-111.8369,48.1123,11376.66,False,290.06
a4c6d2,N407BY,United States,1773611010.0,1773611014,-111.8375,40.7727,,True,0.0
a3e329,N35HF,United States,1773611145.0,1773611145,-74.0334,40.8032,99.06,False,65.9
44cc46,BEL2FM,Belgium,1773611144.0,1773611144,-2.3981,41.6819,8557.26,False,221.8
89656d,ETD402,United Arab Emirates,1773611125.0,1773611128,88.8718,17.9491,11887.2,False,277.05
44cc44,BEL6ZJ,Belgium,1773611145.0,1773611145,-1.6167,44.0302,11597.64,False,223.65
461f5b,FIN1,Finland,1773611145.0,1773611145,-104.8916,55.6996,12192.0,False,266.91
a08e3c,EDV5163,United States,1773611145.0,1773611145,-78.7747,37.7846,8191.5,False,209.82
ad3cdf,JBU474,United States,1773611144.0,1773611144,-71.0042,42.3699,,True,5.4
ad3cde,N952JA,United States,1773611145.0,1773611145,-118.2417,33.7456,1950.72,False,53.23
a09533,AAL364,United States,1773611127.0,1773611127,-97.0399,32.885,,True,10.29
a58fdf,AAL3161,United States,1773611145.0,1773611145,-79.9781,25.69,3055.62,False,139.99
a8df06,DAL466,United States,1773611145.0,1773611145,-105.5873,33.7853,11247.12,False,269.38
896585,ADY141,United Arab Emirates,1773611144.0,1773611145,79.3752,13.5791,6652.26,False,216.98
ab5383,AAL3279,United States,1773611144.0,1773611144,-76.2201,40.9161,5471.16,False,223.39
a3939a,N33BL,United States,1773611145.0,1773611145,-96.5507,31.5393,7429.5,False,223.75
a2b05b,UCA4269,United States,1773611145.0,1773611145,-95.396,30.2016,2377.44,False,134.27
a76f43,UAL2356,United States,1773611144.0,1773611144,-98.7988,46.8246,10058.4,False,260.49
a058c6,N,United States,1773611145.0,1773611145,-90.3367,42.2176,11277.6,False,210.78
7c7802,QFA413,Australia,1773611145.0,1773611145,145.7913,-37.3704,5920.74,False,150.25
7c7801,QFA509,Australia,1773611144.0,1773611144,152.1351,-29.8278,10972.8,False,204.25
a38c9b,LXJ328,United States,1773611143.0,1773611143,-87.7608,41.7867,,True,0.06
7c7800,QFA423,Australia,1773611145.0,1773611145,151.1794,-33.9474,,True,10.29
a69cb4,N525NG,United States,1773611145.0,1773611145,-86.3584,37.8061,4122.42,False,185.53
abaf9f,JRE852,United States,1773611144.0,1773611144,-113.2091,36.6651,13106.4,False,195.76
a6ffc3,DAL338,United States,1773611115.0,1773611137,-100.901,36.3501,9456.42,False,276.09
a3e32a,N35HG,United States,1773611145.0,1773611145,-117.0212,33.1573,1516.38,False,101.73
461f49,FIN141,Finland,1773611145.0,1773611145,96.1711,16.1216,11887.2,False,267.58
a178a5,N194SP,United States,1773611145.0,1773611145,-122.1812,37.3606,1082.04,False,44.86
e494bb,GLO1737,Brazil,1773611144.0,1773611144,-48.9913,-20.6328,10668.0,False,236.64
a5e6aa,N48EF,United States,1773611061.0,1773611061,-118.4168,34.2633,,True,0.64
a52332,AVL150,United States,1773611012.0,1773611013,-77.5209,38.7306,60.96,False,33.83
841400,JJP519,Japan,1773611145.0,1773611145,140.3038,35.8643,1447.8,False,138.87
a9a474,N720KG,United States,1773610974.0,1773610974,-104.8485,39.5784,,True,0.0
ad3cf3,JSX1104,United States,1773611145.0,1773611145,-75.8424,37.8536,10363.2,False,198.94
781ec3,CCA912,China,1773610963.0,1773611142,83.3085,56.6498,11887.2,False,279.4
a3d014,,United States,1773611076.0,1773611076,-72.7914,43.4651,998.22,False,85.19
a9eaec,N738YC,United States,1773610929.0,1773610938,-121.4747,38.5034,60.96,False,34.93
a5dfda,N478LP,United States,1773610997.0,1773610997,-112.4202,33.1779,990.6,False,42.15
adf63f,SGX999,United States,1773611143.0,1773611144,-86.9742,38.721,9448.8,False,210.61
a52348,N430BS,United States,1773611145.0,1773611145,-122.81,44.8497,1676.4,False,67.91
0d1078,VOI3183,Mexico,1773610851.0,1773610851,-116.9452,32.5372,220.98,False,66.49
a08e1e,DAL2251,United States,1773611145.0,1773611145,-116.3422,36.5206,10972.8,False,199.54
407838,EZY62PH,United Kingdom,1773611144.0,1773611144,6.9131,50.5746,10370.82,False,211.16
a9eaf4,N738YL,United States,1773611144.0,1773611144,-120.5461,37.4885,1371.6,False,45.0
ada795,N9791F,United States,1773611145.0,1773611145,-86.5886,34.8125,975.36,False,43.61
a548b4,N44EM,United States,1773611144.0,1773611144,-78.3325,35.2334,3642.36,False,77.65
a22539,UAL2289,United States,1773611110.0,1773611110,-89.1638,32.7245,11582.4,False,182.51
a8c033,N663JN,United States,1773611074.0,1773611074,-97.3584,32.8056,297.18,False,56.02
a032bb,TWY33,United States,1773611144.0,1773611144,-71.4864,42.4679,838.2,False,99.64
a690fb,GJS4181,United States,1773611145.0,1773611145,-72.1077,41.9453,9860.28,False,241.51
a08e82,RPA4693,United States,1773611144.0,1773611144,-74.4585,40.9475,6400.8,False,223.96
a26bb8,SKW3951,United States,1773611144.0,1773611144,-118.4138,33.9382,,True,8.23
adf4e9,,United States,1773610975.0,1773610975,-78.8648,25.6808,5303.52,False,159.89
a7506a,SWA2986,United States,1773611144.0,1773611145,-111.9601,33.4407,518.16,False,73.06
8964b4,UAE5V,United Arab Emirates,1773611145.0,1773611145,-6.4801,40.6404,10972.8,False,273.86
a178fb,N194W,United States,1773611145.0,1773611145,-94.7176,31.9125,13106.4,False,213.19
a88380,FFT9848,United States,1773611100.0,1773611100,-115.1376,36.0846,,True,1.03
750254,MAS139,Malaysia,1773610834.0,1773610834,138.5395,-34.9382,,True,0.19
a0f886,UCA4946,United States,1773611144.0,1773611144,-86.7826,34.8398,982.98,False,66.06
a33e25,MHF308,United States,1773611077.0,1773611078,-147.7524,65.0262,480.06,False,56.39
a0cb39,N150LR,United States,1773611145.0,1773611145,-88.0294,36.149,12192.0,False,212.37
a99054,N715TL,United States,1773611028.0,1773611035,-149.9813,61.1629,,True,0.06
ae4a2a,,United States,1773611145.0,1773611145,-84.4193,30.3593,1066.8,False,91.06
c08590,CGYPB,Canada,1773611145.0,1773611145,-114.0845,50.6762,1920.24,False,53.61
461f39,FIN24Q,Finland,1773611145.0,1773611145,5.96,52.5441,11269.98,False,244.56
491d8a,NJE9UQ,Portugal,1773611145.0,1773611145,8.8198,45.6265,3345.18,False,144.95
ab5f00,SWA2324,United States,1773611144.0,1773611144,-116.8951,34.3961,5212.08,False,195.67
af8437,BGST347,United States,1773611145.0,1773611145,-104.2925,32.994,7620.0,False,148.96
461f31,FIN1673,Finland,1773611142.0,1773611145,-3.2845,38.8678,11277.6,False,252.65
4b990d,FHY1903,Turkey,1773611144.0,1773611144,29.6885,40.3695,3878.58,False,163.81
a285c2,KAP860,United States,1773610907.0,1773610944,-65.5334,18.4037,1066.8,False,84.16
abf16e,N869MW,United States,1773610848.0,1773610848,-71.2962,42.4641,,True,7.72
a03edc,AER68,United States,1773611119.0,1773611119,-160.2312,57.2666,7315.2,False,144.39
396671,FPO771B,France,1773611145.0,1773611145,8.1938,42.8872,7833.36,False,215.88
888123,HVN19,Viet Nam,1773611143.0,1773611144,75.0895,27.1702,11582.4,False,217.19
888124,HVN10,Viet Nam,1773611143.0,1773611144,103.5523,12.4322,11887.2,False,262.85
a058fa,N121SA,United States,1773611145.0,1773611145,-103.545,38.5843,13106.4,False,241.71
78131e,CBJ605,China,1773611142.0,1773611142,88.9925,55.5348,10972.8,False,28.07
461f08,FIN15,Finland,1773611144.0,1773611144,-66.0624,49.1656,11811.0,False,221.38
a33e0d,N308LJ,United States,1773611145.0,1773611145,-81.1543,27.4759,2727.96,False,123.67
781f73,CSN346,China,1773611144.0,1773611144,29.5209,59.3216,11887.2,False,251.88
acc1ee,AAL2060,United States,1773610855.0,1773610856,-83.8556,15.9169,10972.8,False,247.77
0ac31e,NSE8809,Colombia,1773611137.0,1773611142,-81.7017,12.5881,,True,0.0
a72823,JIA5404,United States,1773611145.0,1773611145,-75.6835,41.2774,3543.3,False,153.1
a4c835,SCA40,United States,1773611144.0,1773611144,-112.1779,33.8471,746.76,False,44.26
4851f6,KLM188,Kingdom of the Netherlands,1773611145.0,1773611145,-66.2657,17.9241,10058.4,False,263.15
4076da,EXS048A,United Kingdom,1773611145.0,1773611145,-1.8404,52.3622,1943.1,False,144.13
8964a1,UAE3U,United Arab Emirates,1773611144.0,1773611145,-88.8684,43.522,8534.4,False,173.59
491d83,NJE544N,Portugal,1773611144.0,1773611144,-7.1951,37.1196,11262.36,False,220.62
8964a0,UAE29U,United Arab Emirates,1773611144.0,1773611144,22.0466,37.4971,10668.0,False,270.54
a69e0a,N5251P,United States,1773611144.0,1773611144,-114.8511,35.8019,2667.0,False,66.49
491d89,NJE728V,Portugal,1773611145.0,1773611145,-70.2567,45.5582,13106.4,False,220.13
a548e3,MVJ44,United States,1773611144.0,1773611144,-78.5037,41.9454,11871.96,False,266.83
a0a8de,UAL1227,United States,1773611145.0,1773611145,-99.8673,45.245,10972.8,False,234.2
a308aa,TWY295,United States,1773611136.0,1773611141,-122.2123,37.7299,,True,0.0
a99039,N715SJ,United States,1773611145.0,1773611145,-150.8241,60.9988,2682.24,False,130.77
a59853,N46LY,United States,1773611145.0,1773611145,-122.9117,42.4311,6400.8,False,113.2
76cc62,SIA612,Singapore,1773611144.0,1773611144,121.1498,16.2111,11269.98,False,282.86
76cc61,SIA402,Singapore,1773611114.0,1773611114,86.8706,16.9994,10965.18,False,238.3
a4c849,SKW3048,United States,1773611145.0,1773611145,-122.3095,47.418,624.84,False,90.03
a59857,N46MB,United States,1773611144.0,1773611144,-82.2367,31.5784,4892.04,False,101.0
76cc65,SIA447,Singapore,1773611094.0,1773611094,104.1093,1.9931,5006.34,False,191.48
4ca6a9,RYR94DZ,Ireland,1773611144.0,1773611145,-4.0941,34.9274,10972.8,False,223.39
c80bc8,ZKFPI,New Zealand,1773611120.0,1773611125,174.9067,-41.108,502.92,False,56.83
a87c4f,JBU564,United States,1773611145.0,1773611145,-79.2702,25.8775,10972.8,False,210.19
a8d327,NKS2228,United States,1773611144.0,1773611144,-86.7127,38.1882,10066.02,False,269.29
a63c7b,N5001R,United States,1773611145.0,1773611145,-151.5931,61.7495,1996.44,False,75.32
a4fc8c,N420KM,United States,1773611144.0,1773611144,-112.536,36.3174,10058.4,False,317.35
ad0919,SWA2192,United States,1773611145.0,1773611145,-121.953,46.5272,7825.74,False,235.35
a0de99,AAL1762,United States,1773611145.0,1773611145,-110.5196,34.4591,8602.98,False,216.84
7c1685,EQF,Australia,1773611143.0,1773611144,152.3825,-27.3858,1005.84,False,59.66
4ca6a4,RYR33HU,Ireland,1773611145.0,1773611145,-0.1749,51.9077,899.16,False,73.62
4864ed,KLM55A,Kingdom of the Netherlands,1773611145.0,1773611145,11.6047,48.4309,11887.2,False,239.61
a3d05e,N345F,United States,1773611144.0,1773611144,-122.4084,47.5972,342.9,False,58.28
a4a0cd,DAL1347,United States,1773611144.0,1773611144,-86.6062,32.004,11277.6,False,262.35
a7c668,N60RL,United States,1773611143.0,1773611143,-88.2758,32.4489,12496.8,False,255.18
a45210,FFT1887,United States,1773611132.0,1773611145,2.5471,-48.2103,,True,0.0
76cc73,SIA638,Singapore,1773611144.0,1773611144,138.2311,33.4439,11856.72,False,279.03
a32b3a,N303HV,United States,1773611145.0,1773611145,-119.9939,34.6601,2255.52,False,77.46
76cc79,SIA608,Singapore,1773611145.0,1773611145,127.7131,36.4992,6629.4,False,180.04
780c5d,CAO8411,China,1773611144.0,1773611144,129.4398,33.1733,9448.8,False,284.59
4851ad,KLM887,Kingdom of the Netherlands,1773611144.0,1773611144,16.0687,49.8261,10050.78,False,255.38
76cc6b,SIA672,Singapore,1773611143.0,1773611143,128.2859,26.5621,11269.98,False,306.4
ac36a9,SWA3965,United States,1773611145.0,1773611145,-91.3759,30.8533,10972.8,False,201.06
a21253,N2320N,United States,1773611144.0,1773611144,-122.3201,46.9573,396.24,False,46.14
ab4c15,AAL1466,United States,1773611145.0,1773611145,-82.6264,29.9054,11277.6,False,222.03
a272bf,AAY2033,United States,1773611145.0,1773611145,-81.8058,34.728,10668.0,False,231.66
a2cee6,N280KK,United States,1773611144.0,1773611145,-112.309,33.923,6705.6,False,168.39
a33229,N305CT,United States,1773611145.0,1773611145,-95.5956,31.3005,9067.8,False,217.63
a99c4b,N7181L,United States,1773611145.0,1773611145,-122.2606,38.8296,1333.5,False,60.28
abc91f,DAL2924,United States,1773611144.0,1773611144,-111.9789,40.7849,,True,0.0
02a261,TAR913,Tunisia,1773611144.0,1773611144,16.3216,35.88,10058.4,False,249.51
76cc81,SIA825,Singapore,1773611140.0,1773611140,104.7768,3.1017,9944.1,False,234.76
a700ac,DAL8956,United States,1773610940.0,1773610940,-96.8298,32.8339,274.32,False,54.57
a272b8,ENY4031,United States,1773611144.0,1773611144,-84.4166,33.6358,,True,0.0
abc948,FDX6028,United States,1773611144.0,1773611144,134.1719,34.08,3688.08,False,159.44
4851b0,KLM685,Kingdom of the Netherlands,1773611144.0,1773611144,-94.9434,46.2148,11574.78,False,234.02
a5106e,RPA4379,United States,1773611144.0,1773611144,-72.1225,40.8825,8534.4,False,198.96
76cc7a,SIA529,Singapore,1773610929.0,1773610929,103.9546,1.2947,373.38,False,76.06
ac7f1c,N904MA,United States,1773611144.0,1773611144,-85.86,30.1647,11887.2,False,141.73
a59808,N46HY,United States,1773611132.0,1773611136,-120.9764,37.6285,243.84,False,38.68
c01bfb,CFKPM,Canada,1773611144.0,1773611144,-114.4952,51.3319,2072.64,False,92.16
a2ced8,PRE28,United States,1773611145.0,1773611145,-90.8979,41.5328,12496.8,False,280.95
ac8617,N906GL,United States,1773611121.0,1773611121,-79.9672,40.624,762.0,False,71.18
a0e54a,SIY157,United States,1773611144.0,1773611144,-74.0694,40.8461,,True,2.31
ab03a4,DAL823,United States,1773611145.0,1773611145,-101.3803,30.8215,9144.0,False,203.14
0ac371,HK5187G,Colombia,,1773611143,,,,False,3.6
a9c9cd,N73MH,United States,1773611145.0,1773611145,-122.0925,48.0148,1249.68,False,37.77
e06459,ARG1891,Argentina,1773611139.0,1773611143,-61.3002,-42.3495,11277.6,False,230.26
4851b3,KLM835,Kingdom of the Netherlands,1773611144.0,1773611145,23.0544,46.4309,9448.8,False,241.44
a4f05d,RPA4731,United States,1773611144.0,1773611145,-86.0898,41.153,8839.2,False,185.64
a91986,PDT5833,United States,1773610900.0,1773610900,-80.9398,35.2673,487.68,False,69.6
e0645a,ARG1870,Argentina,1773611145.0,1773611145,-59.044,-36.8724,10972.8,False,212.86
a94cbe,N699GC,United States,1773611143.0,1773611143,-114.287,36.0447,1386.84,False,65.26
ab29ff,N8184G,United States,1773611145.0,1773611145,-73.4345,40.7434,0.0,False,33.54
c07243,CGRHA,Canada,1773611144.0,1773611144,-114.3123,52.2928,2217.42,False,58.93
a14bed,N183BC,United States,1773610809.0,1773610844,-123.1783,44.8558,259.08,False,51.45
abb622,N8539T,United States,1773611121.0,1773611123,-117.9724,33.8734,53.34,False,34.21
a713fd,N555WL,United States,1773611143.0,1773611143,-81.8005,37.3822,11887.2,False,220.94
ac1ca1,N88MT,United States,1773611144.0,1773611145,-83.0439,31.9278,7559.04,False,136.97
c06b68,PRO4865,Canada,1773611144.0,1773611144,-78.7409,47.8822,2971.8,False,144.26
a99c2b,N7180P,United States,1773611143.0,1773611144,-83.2269,30.632,3208.02,False,50.31
ad9f15,EJA977,United States,1773610901.0,1773610907,-116.6829,41.6156,13106.4,False,217.54
7cc6b0,R2278,Australia,1773611139.0,1773611142,153.1874,-28.4647,990.6,False,54.53
48adac,LOT4WM,Poland,1773611141.0,1773611142,12.6738,55.6294,60.96,False,65.62
c06b66,CGORL,Canada,1773611145.0,1773611145,-114.2021,51.5742,2080.26,False,21.83
a26bbd,N255TC,United States,1773611144.0,1773611144,-90.5854,30.4511,3154.68,False,110.09
e49527,GLO1284,Brazil,1773610868.0,1773610868,-48.0363,-26.0353,7719.06,False,203.28
a8deb4,DAL1883,United States,1773611144.0,1773611144,-78.47,27.5408,11582.4,False,211.03
ace9f6,CXK124,United States,1773611143.0,1773611144,-71.0294,41.8567,640.08,False,44.59
e49528,GLO7685,Brazil,1773611144.0,1773611144,-57.7963,-34.5453,5006.34,False,184.01
a0cb9e,EJA150,United States,1773611144.0,1773611144,-81.6413,30.4023,9639.3,False,264.05
ac86e5,EJA906,United States,1773611145.0,1773611145,-74.7922,40.5234,1066.8,False,140.46
4ca5c8,EIN395,Ireland,1773611145.0,1773611145,-4.6942,53.7273,6652.26,False,118.51
4853d1,TRA64J,Kingdom of the Netherlands,1773611144.0,1773611145,-1.705,58.4573,11277.6,False,231.54
a7c5b6,N60JH,United States,1773611145.0,1773611145,-78.5358,36.0755,739.14,False,81.13
4866ed,TRA81H,Kingdom of the Netherlands,1773611144.0,1773611144,4.7129,52.3732,137.16,False,61.32
a82e3c,N626TM,United States,1773611143.0,1773611144,-82.4989,39.97,1005.84,False,124.05
ad8cab,N972SH,United States,1773611144.0,1773611145,-111.1376,33.5515,14325.6,False,241.49
ada953,N98FL,United States,1773611145.0,1773611145,-112.3803,33.8311,1478.28,False,81.78
c81cf0,MSY488,New Zealand,1773611057.0,1773611057,175.492,-38.326,1493.52,False,62.04
4866ee,TRA6T,Kingdom of the Netherlands,1773611144.0,1773611144,-4.0165,44.002,10972.8,False,206.87
aa8f8b,N78Q,United States,1773611145.0,1773611145,-106.0309,31.73,7010.4,False,166.41
a45e8a,N3806X,United States,1773611025.0,1773611025,-78.8778,39.429,2430.78,False,82.88
a895b0,PDT6077,United States,1773611145.0,1773611145,-79.1158,40.1171,4785.36,False,187.75
507cb3,MFX5535,Uzbekistan,1773611145.0,1773611145,86.3498,22.7053,10058.4,False,257.82
abec26,SWA1382,United States,1773611144.0,1773611144,-112.0185,33.4289,,True,26.24
ac1327,SWA3081,United States,1773611145.0,1773611145,-120.1984,38.4349,7216.14,False,241.35
4853d2,TRA1W,Kingdom of the Netherlands,1773611144.0,1773611144,4.7679,52.3091,,True,0.0
4853d3,TRA44R,Kingdom of the Netherlands,1773610863.0,1773610864,4.435,51.9502,,True,0.0
a33278,LXJ305,United States,1773611144.0,1773611144,-82.9875,28.197,2552.7,False,145.26
a8351d,EJM75,United States,1773611145.0,1773611145,-72.0318,42.0951,2324.1,False,161.65
e49539,AZU8755,Brazil,1773611144.0,1773611144,-41.8814,-13.8441,12192.0,False,236.33
c06d2c,PVL7678,Canada,1773610887.0,1773610890,-58.9662,46.8366,7620.0,False,198.98
3c48ea,EWG4TV,Germany,1773611145.0,1773611145,9.1629,47.7097,5791.2,False,180.0
a16707,AVL119,United States,1773611145.0,1773611145,-77.5298,38.7417,167.64,False,41.16
4866df,TRA14L,Kingdom of the Netherlands,1773611144.0,1773611144,2.4228,50.127,11574.78,False,253.17
abb6dc,GTI654,United States,1773611145.0,1773611145,-149.5299,61.3478,4457.7,False,210.03
ab53e4,EDV4987,United States,1773611144.0,1773611144,-84.07,39.7686,7368.54,False,239.41
4866de,TRA65P,Kingdom of the Netherlands,1773611144.0,1773611145,-8.6853,41.6518,10370.82,False,224.67
e4952f,GLO2041,Brazil,1773610949.0,1773610956,-44.9004,-23.2575,8907.78,False,230.47
4ab56e,SAS2720,Sweden,1773611145.0,1773611145,18.4556,59.7049,2689.86,False,107.58
507ca5,MFX7678,Uzbekistan,1773611144.0,1773611144,19.7016,46.7201,10668.0,False,237.89
aae66d,JRE801,United States,1773611145.0,1773611145,-111.8861,38.7687,13106.4,False,174.93
a72877,N560RX,United States,1773611144.0,1773611145,-99.0707,39.5969,10812.78,False,166.31
496cb1,FM075,Portugal,1773611033.0,1773611143,-7.9677,37.0189,,True,5.66
341682,IBS1682,Spain,1773611144.0,1773611145,1.9525,39.6245,6888.48,False,213.2
a5c222,N470LP,United States,1773611144.0,1773611144,-112.518,33.1382,1988.82,False,35.22
ab9024,EJA844,United States,1773611144.0,1773611144,-121.5276,36.0332,7620.0,False,257.33
840df8,JAL4,Japan,1773611134.0,1773611142,-84.1506,47.1198,11887.2,False,252.15
a642cd,EJA502,United States,1773611145.0,1773611145,-73.5785,41.3241,5318.76,False,211.79
4866e0,TRA8L,Kingdom of the Netherlands,1773611145.0,1773611145,-2.3331,43.1033,11590.02,False,224.55
a81b2a,NKS3418,United States,1773611145.0,1773611145,-82.5112,31.4327,10660.38,False,226.72
aacc5b,UAL901,United States,1773611145.0,1773611145,-120.8413,41.0482,9753.6,False,229.38
4078b8,BAW31,United Kingdom,1773608386.0,1773611075,25.0216,44.9645,11277.6,False,254.46
484cc3,KLM67N,Kingdom of the Netherlands,1773611144.0,1773611144,8.5273,49.8474,7094.22,False,206.29
a2bbf2,UAL1368,United States,1773611133.0,1773611133,-93.2456,28.7519,10363.2,False,218.85
c011b6,CJT943,Canada,1773611145.0,1773611145,-83.0173,39.9724,7429.5,False,185.54
c06120,ACA306,Canada,1773611144.0,1773611144,-88.8268,48.6321,11887.2,False,271.43
c00acd,CAV264,Canada,1773611141.0,1773611142,-92.2299,62.3905,1158.24,False,123.68
aa8329,N777BH,United States,1773611144.0,1773611144,-111.945,40.8865,6705.6,False,101.9
484cba,KLM836,Kingdom of the Netherlands,1773611144.0,1773611144,85.0766,23.2814,9753.6,False,228.94
a5c237,TIV470,United States,1773611145.0,1773611145,-108.2134,35.0064,13106.4,False,258.85
a8c08e,NDU663,United States,1773611145.0,1773611145,-111.5487,32.9328,1668.78,False,59.15
e48e0a,GLO1456,Brazil,1773611145.0,1773611145,-47.2459,-23.2032,7315.2,False,198.35
a4fbee,N420DD,United States,1773611145.0,1773611145,-89.246,31.2758,8785.86,False,184.69
abafff,AAL158,United States,1773611138.0,1773611143,-79.3807,24.7403,10233.66,False,249.14
a68b71,N5201H,United States,1773611145.0,1773611145,-122.4483,45.7687,1615.44,False,53.15
ac134a,SWA731,United States,1773611145.0,1773611145,-104.6233,30.3521,11277.6,False,214.55
484cb7,KLM79B,Kingdom of the Netherlands,1773611145.0,1773611145,5.2308,43.5561,2865.12,False,154.54
a7fb19,NKS2026,United States,1773611118.0,1773611118,-81.3169,28.4351,,True,3.86
507caa,MFX435,Uzbekistan,1773611145.0,1773611145,106.3252,52.0286,11277.6,False,252.53
a6e215,N54224,United States,1773611144.0,1773611144,-83.6992,31.7865,2682.24,False,84.91
a33e85,AAL390,United States,1773611144.0,1773611144,-98.9886,19.4848,2842.26,False,118.33
484cb4,KLM35W,Kingdom of the Netherlands,1773611145.0,1773611145,-3.6099,45.0565,11277.6,False,232.97
af6c00,BGST357,United States,1773611144.0,1773611144,-107.1224,32.0742,3329.94,False,132.53
e4950d,,Brazil,1773611145.0,1773611145,-46.6613,-23.6206,,True,5.14
abec4d,SWA3337,United States,1773611145.0,1773611145,-80.2171,35.6896,10058.4,False,249.56
a6ee69,N546CA,United States,1773611145.0,1773611145,-117.2407,32.8636,1043.94,False,46.24
abf32f,SWA4534,United States,1773611144.0,1773611144,-109.8424,33.738,9448.8,False,236.72
a95514,N700FJ,United States,1773610896.0,1773610896,-111.7296,40.2309,,True,3.86
e49511,GLO1611,Brazil,1773611144.0,1773611144,-47.0878,-23.1348,5806.44,False,186.98
ab40ce,RPA5613,United States,1773610831.0,1773610831,-87.8992,42.9488,,True,0.32
a32b4d,N303JP,United States,1773611061.0,1773611061,-81.5368,30.3712,396.24,False,64.95
4ab565,SAS2134,Sweden,1773611054.0,1773611054,17.9384,59.6552,,True,5.14
a3a873,XSR335,United States,1773611144.0,1773611145,-97.7178,33.253,2476.5,False,141.41
aa2caa,N755AP,United States,1773611145.0,1773611145,-80.7003,29.414,2133.6,False,96.75
aad375,EJA797,United States,1773611145.0,1773611145,-80.6863,29.7503,10972.8,False,258.57
a535c2,ASA364,United States,1773611145.0,1773611145,-98.2698,33.8835,9753.6,False,202.02
ab40e8,CRE824,United States,1773611025.0,1773611029,-78.5356,26.8406,5105.4,False,144.98
aac03d,ENY3649,United States,1773611137.0,1773611144,-87.9128,41.9704,,True,0.0
43c6fb,RRR9964,United Kingdom,1773610865.0,1773611140,33.2789,34.1489,6096.0,False,184.09
ad2c4f,EJA948,United States,1773611144.0,1773611144,-82.6684,38.6069,10965.18,False,178.52
76cd10,SIA517,Singapore,1773610918.0,1773610918,104.051,2.0352,4762.5,False,192.48
76cd12,SIA511,Singapore,1773611141.0,1773611141,103.0574,1.4625,6347.46,False,180.7
76cd13,SIA826,Singapore,1773611067.0,1773611067,114.2444,23.497,12527.28,False,250.48
ab40f0,AAL3125,United States,1773611145.0,1773611145,-101.3682,32.79,9753.6,False,192.56
a58542,LXJ455,United States,1773611144.0,1773611145,-118.5277,33.9287,1409.7,False,145.04
a104a6,N165EA,United States,1773611145.0,1773611145,-117.2683,47.8319,1844.04,False,44.35
7c78ac,QLK1512,Australia,1773611145.0,1773611145,150.5001,-31.5023,10668.0,False,264.11
aa8f3b,N78LV,United States,1773611145.0,1773611145,-104.4304,31.6457,9448.8,False,189.52
7c78aa,QLK1291,Australia,1773611145.0,1773611145,145.4208,-38.9769,7757.16,False,223.21
e4956f,GLO1446,Brazil,1773611144.0,1773611144,-47.3718,-20.6485,11574.78,False,229.63
76cd0c,SIA523,Singapore,1773611135.0,1773611142,103.6545,0.9736,2438.4,False,128.3
7c78ae,QLK1591,Australia,1773611136.0,1773611136,151.1794,-33.9308,,True,5.66
abec6c,SWA1700,United States,1773611144.0,1773611145,-96.5259,41.1278,7924.8,False,191.01
a3e2b8,N35CT,United States,1773611145.0,1773611145,-111.6652,34.5168,5821.68,False,171.83
aa3fd3,N76GP,United States,1773611136.0,1773611141,-122.2109,37.7289,,True,0.0
a5e842,N48WP,United States,1773611145.0,1773611145,-111.8016,33.1809,1737.36,False,112.29
7c78a8,QLK1554,Australia,1773611144.0,1773611145,147.0165,-36.2146,8839.2,False,251.57
a5bb17,AAL2408,United States,1773610944.0,1773610944,-118.4068,33.9396,,True,0.0
4078ef,EZY16CH,United Kingdom,1773611144.0,1773611144,2.8976,51.7367,10370.82,False,210.23
4d0238,SVW22ES,Luxembourg,1773611145.0,1773611145,-68.8929,44.3559,12192.0,False,188.51
acc3f7,EDV5085,United States,1773611144.0,1773611144,-83.2542,42.3291,1036.32,False,63.74
c01dac,FLE2623,Canada,1773611144.0,1773611144,-87.6612,38.8959,11887.2,False,262.29
a522b3,N43VU,United States,1773611145.0,1773611145,-117.897,34.1125,1021.08,False,54.57
a5bb10,CNS9080,United States,1773611144.0,1773611144,-116.9701,33.8434,3040.38,False,129.01
abf375,SWA169,United States,1773610958.0,1773610958,-121.9271,37.3665,,True,1.54
845d1c,JAL303,Japan,1773611140.0,1773611145,139.7822,35.5469,,True,0.0
7c78b2,QLK1531,Australia,1773611142.0,1773611143,151.1802,-33.9318,,True,0.06
a9f363,N740JS,United States,1773611144.0,1773611144,-83.4648,27.0275,9753.6,False,200.78
7c78b1,QLK1553,Australia,1773611144.0,1773611144,147.0248,-36.7862,7315.2,False,179.89
a6b8e1,N532LM,United States,1773611144.0,1773611145,-146.52,61.1029,2247.9,False,85.73
a57e5c,LIFE3,United States,1773610838.0,1773610838,-95.3944,29.7135,144.78,False,0.51
7c78b0,QLK1509,Australia,1773611144.0,1773611144,150.0154,-35.0219,5372.1,False,185.03
ab9078,UAL778,United States,1773611145.0,1773611145,-92.0658,35.2681,10363.2,False,190.42
acbcee,N92MK,United States,1773611144.0,1773611144,-115.2814,32.7542,10195.56,False,234.68
4078de,BAW71K,United Kingdom,1773611144.0,1773611144,-115.4968,54.2578,12192.0,False,248.12
aa8f26,N78KZ,United States,1773611144.0,1773611144,-117.3719,32.9503,1051.56,False,83.02
ab6800,JBU1640,United States,1773611144.0,1773611144,-64.9038,20.3545,10363.2,False,215.36
ad203f,N945FG,United States,1773611120.0,1773611120,-73.8056,42.7661,45.72,False,36.58
a99077,AAL2418,United States,1773611144.0,1773611144,-81.5317,35.2214,3040.38,False,167.19
ac60ef,SKW4607,United States,1773611145.0,1773611145,-100.1605,31.8145,11277.6,False,269.69
781416,CSH872,China,1773611145.0,1773611145,11.1539,46.8412,10965.18,False,238.08
8965fa,ADY127,United Arab Emirates,1773611097.0,1773611098,75.3731,10.9702,8465.82,False,241.49
00d520,N942NG,South Africa,1773611144.0,1773611144,-98.4106,29.4897,784.86,False,87.38
75025a,MAS151,Malaysia,1773611144.0,1773611145,79.1557,12.296,12496.8,False,253.1
86da40,JAL754,Japan,1773611145.0,1773611145,79.2513,13.0407,7566.66,False,256.13
c00b9d,JZA784,Canada,1773611144.0,1773611144,-79.5204,43.4789,2735.58,False,119.42
48418d,KLM95U,Kingdom of the Netherlands,1773611145.0,1773611145,4.9441,58.5098,10363.2,False,254.68
acaa77,AAL1655,United States,1773611144.0,1773611144,-94.0268,36.0397,10668.0,False,277.83
7c5326,QFA84,Australia,1773611144.0,1773611144,148.0715,-33.4334,12496.8,False,267.39
7c5324,QFA60,Australia,1773611144.0,1773611144,150.0164,-28.1448,11887.2,False,216.36
aa8ea1,N78ER,United States,1773611036.0,1773611039,-76.7708,38.9339,0.0,False,34.21
a14d65,N183SD,United States,1773611144.0,1773611145,-117.6567,33.7875,647.7,False,28.57
43bfe1,LEADER 9,United Kingdom,1773611138.0,1773611138,-0.1779,51.159,,True,1.03
86da38,ANA204,Japan,1773611145.0,1773611145,125.895,37.1294,12496.8,False,293.93
ac5a94,SWA2139,United States,1773611144.0,1773611145,-109.6296,35.5231,10668.0,False,244.99
a38d1d,N328MB,United States,1773611143.0,1773611145,-75.5193,40.4093,861.06,False,66.09
780bb6,CAO3122,China,1773611144.0,1773611145,-3.8446,43.5222,10972.8,False,216.25
a9426f,EJA696,United States,1773611144.0,1773611144,-88.0095,41.6919,1402.08,False,119.08
add12a,N99JZ,United States,1773611144.0,1773611145,-80.728,26.2214,1188.72,False,84.65
780bb8,CAO1080,China,1773611145.0,1773611145,-74.7479,45.947,9448.8,False,236.96
e480db,GLO9610,Brazil,1773611144.0,1773611145,-48.4441,-3.962,10972.8,False,245.41
7812a0,CHH7976,China,1773611145.0,1773611145,-81.1975,47.0766,10363.2,False,240.16
86da1e,JAL17,Japan,1773611144.0,1773611145,-124.5164,49.5844,8427.72,False,214.92
7c530c,QLK426D,Australia,1773611145.0,1773611145,151.1886,-33.9531,,True,14.4
a6e26d,N5425M,United States,1773611144.0,1773611145,-121.4785,36.9793,853.44,False,43.24
a94e94,N6990Y,United States,1773611144.0,1773611144,-120.2621,39.2517,3429.0,False,73.77
7c5300,QLK63D,Australia,1773611144.0,1773611144,151.2093,-33.4401,3078.48,False,152.56
a597c5,N46FF,United States,1773611145.0,1773611145,-122.2464,47.8991,396.24,False,57.27
a53748,N435SG,United States,1773611145.0,1773611145,-114.5364,36.3904,6400.8,False,133.31
8881c5,VJC932,Viet Nam,1773611144.0,1773611144,132.6797,33.2439,11887.2,False,292.18
a8228e,JTZ623,United States,1773611134.0,1773611134,-80.0305,26.4495,525.78,False,67.66
a9fef5,ASI625,United States,1773611142.0,1773611143,-112.09,33.6891,495.3,False,38.12
406673,EZY89BZ,United Kingdom,1773611145.0,1773611145,-4.4294,55.874,129.54,False,64.04
48548d,KLM1715,Kingdom of the Netherlands,1773611063.0,1773611063,6.2138,49.6306,,True,6.69
c81e2c,ANZ617,New Zealand,1773611143.0,1773611143,174.3002,-37.7783,6332.22,False,207.45
a9557d,N700KP,United States,1773610899.0,1773610902,-78.4682,40.5524,1211.58,False,58.97
484166,KLM945,Kingdom of the Netherlands,1773611145.0,1773611145,3.2308,53.244,9753.6,False,230.43
a104c3,FDX746,United States,1773611145.0,1773611145,-87.3881,34.1435,10066.02,False,242.62
406670,EZY14MC,United Kingdom,1773611145.0,1773611145,-7.9963,51.1744,10972.8,False,224.02
a9f2c6,CKS979,United States,1773611024.0,1773611024,-93.8054,17.9783,11887.2,False,275.5
50848a,SQY7503,Ukraine,1773611144.0,1773611145,28.724,42.2639,10668.0,False,222.02
a1541c,N185JW,United States,1773611042.0,1773611048,-151.5048,61.933,335.28,False,48.15
a27406,N2571M,United States,1773611145.0,1773611145,-70.7771,42.7658,739.14,False,57.22
7c29da,VOZ2541,Australia,1773611145.0,1773611145,116.0643,-29.7463,10058.4,False,246.04
48415e,KLM60H,Kingdom of the Netherlands,1773611145.0,1773611145,4.7199,52.4494,594.36,False,77.34
acb16b,WUP947,United States,1773611144.0,1773611145,-84.3648,27.0791,10972.8,False,248.54
48415f,KLM47K,Kingdom of the Netherlands,1773611144.0,1773611144,-2.128,53.4247,746.76,False,80.1
a07abc,N13VJ,United States,1773611143.0,1773611144,-98.3691,24.7056,9144.0,False,144.11
7c6693,UJP,Australia,1773611144.0,1773611144,138.5176,-34.6271,944.88,False,58.39
a2b10c,UAL1160,United States,1773611144.0,1773611144,-88.9532,31.466,10668.0,False,241.98
a2c43e,ASA100,United States,1773611145.0,1773611145,-132.9792,55.7285,9448.8,False,245.63
a2b10b,UAL1190,United States,1773611144.0,1773611144,-75.6108,39.6751,6377.94,False,235.91
a68b85,N52013,United States,1773610872.0,1773610872,-121.0842,44.65,1363.98,False,50.67
aaf93d,N806MC,United States,1773611137.0,1773611142,-122.2122,37.7301,,True,0.0
4bcda9,SXS3G,Turkey,1773611035.0,1773611035,27.9796,38.2638,4472.94,False,167.59
a8def1,DAL981,United States,1773611144.0,1773611144,-79.1622,28.0913,11582.4,False,227.5
4bcdb2,SXS51Q,Turkey,1773611003.0,1773611003,27.7631,38.2104,3131.82,False,173.89
4ca718,ITY1783,Ireland,1773611144.0,1773611145,12.7453,40.0422,9441.18,False,212.99
c00b71,JZA695,Canada,1773611145.0,1773611145,-77.3716,43.0295,9753.6,False,204.08
a2b112,UAL1831,United States,1773611145.0,1773611145,-78.4354,37.0379,8229.6,False,270.91
a4a281,N398WM,United States,1773610985.0,1773610986,-123.1917,44.8865,121.92,False,41.42
484161,KLM23A,Kingdom of the Netherlands,1773611145.0,1773611145,18.3603,59.7086,1066.8,False,103.69
a94236,NKS565,United States,1773611145.0,1773611145,-95.3131,29.8795,9745.98,False,202.72
a1a470,N20488,United States,1773611133.0,1773611133,-122.7524,45.0749,205.74,False,50.63
a8222c,JBU2881,United States,1773611144.0,1773611145,-102.6689,38.2255,10363.2,False,190.4
a14d8b,N183TS,United States,1773611144.0,1773611144,-87.44,34.1316,12192.0,False,209.51
a15486,N185PB,United States,1773611143.0,1773611143,-64.9928,18.6118,8229.6,False,145.13
ab1971,AAL814,United States,1773611144.0,1773611144,-90.1272,40.0084,11277.6,False,242.73
aaf960,AAL2986,United States,1773611145.0,1773611145,-104.9031,39.7806,3589.02,False,166.97
abafc8,N852LH,United States,1773611142.0,1773611144,-105.2773,33.0198,12192.0,False,173.68
a83564,EJA628,United States,1773611145.0,1773611145,-77.3441,34.6593,13716.0,False,218.25
ac1f44,EJA880,United States,1773611145.0,1773611145,-107.04,31.9384,11582.4,False,213.0
ab1978,AAY503,United States,1773611143.0,1773611144,-81.4797,33.784,10980.42,False,237.13
a44aa2,FFT3724,United States,1773611145.0,1773611145,-84.4238,33.644,,True,0.0
7c5358,UTY4352,Australia,1773611145.0,1773611145,153.0443,-26.2049,7239.0,False,207.73
a2b110,UAL1925,United States,1773611144.0,1773611145,-103.8102,39.3453,6316.98,False,145.54
4bcdb5,SXS3MP,Turkey,1773611144.0,1773611144,10.9355,50.9816,320.04,False,75.68
acb193,N917KF,United States,1773611144.0,1773611144,-122.5655,45.7385,594.36,False,25.0
7c5356,UTY3356,Australia,1773611144.0,1773611144,153.0888,-26.6026,,True,7.2
4bcdb3,SXS92X,Turkey,1773610917.0,1773610917,31.824,38.5024,9745.98,False,227.16
a224fa,UAL555,United States,1773611144.0,1773611144,-78.8411,36.8726,11887.2,False,245.5
7c4c73,PDX,Australia,1773610932.0,1773610932,150.1055,-33.4283,1295.4,False,66.78
add15f,LRT99,United States,1773611145.0,1773611145,-83.8122,31.9991,11887.2,False,246.1
ab5fdd,AAL305,United States,1773611144.0,1773611144,-91.452,30.5896,11567.16,False,202.85
ac7fc7,WUP94,United States,1773611145.0,1773611145,-83.1279,28.6184,4343.4,False,178.68
a32ac6,ENY3359,United States,1773611132.0,1773611132,-97.0488,32.9104,,True,9.77
a7fb1c,JIA5187,United States,1773611145.0,1773611145,-84.3495,38.807,9753.6,False,258.48
aaf968,DAL2170,United States,1773611145.0,1773611145,-83.2998,42.3333,1013.46,False,77.17
c80b20,SUY3,New Zealand,1773611145.0,1773611145,175.9554,-37.6822,1005.84,False,61.36
7c534f,MB11R,Australia,1773611144.0,1773611145,115.9694,-31.9357,0.0,False,61.41
acb18a,JSX661,United States,1773611144.0,1773611144,-113.1536,36.3372,8282.94,False,195.98
c87ecb,RES5,New Zealand,1773611143.0,1773611143,174.8105,-41.329,,True,6.43
aa7c95,N775LA,United States,1773611145.0,1773611145,-111.7185,33.4665,472.44,False,34.47
c00b7c,JZA555,Canada,1773611144.0,1773611144,-75.5788,41.9271,9753.6,False,188.63
accfac,N9242H,United States,1773611145.0,1773611145,-122.856,38.2651,1074.42,False,51.44
346499,IBE0485,Spain,1773611143.0,1773611143,-5.8226,43.1772,3192.78,False,138.79
a83595,N628SR,United States,1773611145.0,1773611145,-121.6442,37.9348,2804.16,False,142.05
ac0c24,SWA3653,United States,1773611145.0,1773611145,-78.1912,36.108,10972.8,False,248.5
c00b7d,JZA469,Canada,1773611145.0,1773611145,-79.7363,43.4652,1264.92,False,92.49
484133,KLM57C,Kingdom of the Netherlands,1773611145.0,1773611145,16.4392,48.3118,2849.88,False,142.89
7c5344,MB81B,Australia,1773611144.0,1773611144,117.1305,-31.2686,5448.3,False,125.37
a38d49,DAL1018,United States,1773611144.0,1773611144,-79.0218,27.5249,9037.32,False,249.04
a38d48,AAY3065,United States,1773611143.0,1773611143,-89.8596,38.6769,1074.42,False,125.72
a1f1a0,UAL2674,United States,1773611144.0,1773611144,-79.2292,38.6268,11582.4,False,211.34
a8ded0,N6705S,United States,1773611145.0,1773611145,-85.1991,32.878,1371.6,False,32.22
ab197e,PRY04,United States,1773611139.0,1773611139,-84.1527,36.6992,7315.2,False,129.64
abec03,SWA431,United States,1773611144.0,1773611144,-70.7774,43.0816,7673.34,False,213.56
aaf974,N806PH,United States,1773611144.0,1773611145,-119.3447,36.228,3688.08,False,166.34
4a5df7,HYS257,Romania,1773611145.0,1773611145,-5.6604,53.3341,1706.88,False,92.41
a41743,UAL479,United States,1773611145.0,1773611145,-102.2766,40.7721,9144.0,False,230.23
a14149,N180GG,United States,1773611140.0,1773611143,-117.1158,33.5644,716.28,False,61.53
896717,ABY279,United Arab Emirates,1773611145.0,1773611145,51.0507,23.0559,11277.6,False,273.94
a93b30,N694SP,United States,1773611145.0,1773611145,-74.1312,41.1546,617.22,False,61.27
a6e258,UAL1389,United States,1773611145.0,1773611145,-96.5016,39.074,10363.2,False,202.81
a37a08,LXJ323,United States,1773611144.0,1773611145,-119.2375,34.3594,5783.58,False,206.06
abf308,SWA663,United States,1773611144.0,1773611144,-97.8986,30.4996,3009.9,False,155.76
4ca707,RYR77YW,Ireland,1773610877.0,1773610878,11.9879,38.5645,6781.8,False,188.41
a1412e,FDX798,United States,1773611145.0,1773611145,-89.8088,35.8207,8275.32,False,256.96
a9fec4,ENY3605,United States,1773611145.0,1773611145,-87.5637,40.9544,7010.4,False,200.18
ace9ba,DAL3056,United States,1773611144.0,1773611145,-81.3205,29.1758,914.4,False,116.46
a7c5ee,N60LP,United States,1773611144.0,1773611144,-89.7871,35.0194,434.34,False,46.81
ad4629,N9542H,United States,1773611145.0,1773611145,-117.4886,33.2531,1371.6,False,52.9
4ca704,RYR15PW,Ireland,1773611144.0,1773611145,10.5092,43.594,10668.0,False,228.9
c00b86,JZA696,Canada,1773611145.0,1773611145,-73.6395,42.7457,9448.8,False,257.23
a94223,N696MR,United States,1773611145.0,1773611145,-76.6998,39.9307,4191.0,False,108.25
484130,KLM33J,Kingdom of the Netherlands,1773611144.0,1773611144,8.6014,46.2011,7360.92,False,209.91
a33dd7,VJA308,United States,1773610893.0,1773610894,-87.8829,42.411,449.58,False,56.82
c00b80,JZA619,Canada,1773611145.0,1773611145,-79.7379,43.5782,922.02,False,96.06
adca9b,KOW988,United States,1773611144.0,1773611144,-82.6213,30.8132,13716.0,False,265.77
c07ee4,WJA119,Canada,1773611144.0,1773611144,-114.6748,51.0375,6804.66,False,175.16
a89751,N65259,United States,1773611145.0,1773611145,-121.3063,44.2536,1920.24,False,46.86
ac24c5,SWA1192,United States,1773611144.0,1773611144,-94.6349,36.1233,9448.8,False,289.05
a7b40e,DAL749,United States,1773611144.0,1773611144,-84.2877,30.4852,10660.38,False,240.9
40660e,TOM4GY,United Kingdom,1773610945.0,1773610951,-6.2767,53.4235,,True,8.23
a4f132,N4175K,United States,1773611145.0,1773611145,-121.3617,36.9907,2994.66,False,99.74
ab3a32,N822VP,United States,1773611142.0,1773611142,-80.5153,25.6398,381.0,False,52.02
a2b157,UAL2288,United States,1773611143.0,1773611144,-83.2789,34.8886,9753.6,False,216.37
a2b156,UAL1222,United States,1773611145.0,1773611145,-84.5913,33.0079,10363.2,False,213.58
a7c748,CYO600,United States,1773611144.0,1773611144,-104.9142,31.9363,7947.66,False,196.02
c085d5,WJA2282,Canada,1773611144.0,1773611144,-110.9714,30.8626,11277.6,False,274.41
405f32,DHK7LK,United Kingdom,1773611144.0,1773611145,-0.4594,52.441,6446.52,False,258.38
a82dbd,NKS2848,United States,1773611143.0,1773611144,-89.1228,29.2986,7353.3,False,245.18
aa7abe,UAL1051,United States,1773611145.0,1773611145,-77.4876,37.5023,9448.8,False,243.06
a0a9b2,UCA4358,United States,1773611144.0,1773611145,-94.6878,29.8002,2194.56,False,130.99
acd71a,N9262H,United States,1773611145.0,1773611145,-122.7064,45.8214,922.02,False,54.57
a38157,SCM25,United States,1773611145.0,1773611145,-87.2668,34.8614,12192.0,False,188.56
a38d8f,AAL1017,United States,1773611145.0,1773611145,-78.3929,38.3448,10972.8,False,203.84
a23914,SKW3710,United States,1773611144.0,1773611144,-115.7883,44.0556,10668.0,False,293.59
40792e,BAW512,United Kingdom,1773611145.0,1773611145,-8.5569,40.0318,8808.72,False,229.3
a2b154,UAL663,United States,1773611144.0,1773611145,-74.2521,40.8457,2209.8,False,125.73
a2b153,UAL1455,United States,1773611144.0,1773611144,-95.0351,29.9932,1607.82,False,107.02
8880f6,HVN36,Viet Nam,1773611087.0,1773611087,93.7901,22.0377,11887.2,False,291.36
ab04f9,BLK2051,United States,1773611145.0,1773611145,-99.0745,43.4294,11582.4,False,206.63
4ca646,RYR493Q,Ireland,1773611144.0,1773611144,-4.7716,36.245,10972.8,False,222.68
4ca640,EIN56V,Ireland,1773611145.0,1773611145,-2.3562,47.9938,10363.2,False,182.96
4ca643,RYR7169,Ireland,1773611144.0,1773611144,0.3427,51.9568,647.7,False,77.52
ad7a0d,N968BX,United States,1773611020.0,1773611020,-118.424,33.9363,,True,8.23
a2b12e,UAL1287,United States,1773611144.0,1773611144,-82.0734,31.8874,11277.6,False,232.41
e49fb6,AZU4751,Brazil,1773611012.0,1773611012,-43.6237,-22.8129,2423.16,False,149.93
ac24e4,SWA2627,United States,1773610967.0,1773610967,-80.3131,25.8025,53.34,False,76.67
aa1a24,N750BB,United States,1773611144.0,1773611144,-96.0583,31.6865,8534.4,False,135.46
a82df6,N626QS,United States,1773611145.0,1773611145,-147.8463,64.8264,,True,3.86
ab678e,DAL809,United States,1773611145.0,1773611145,-113.3128,37.9655,10058.4,False,266.8
a50a77,N42397,United States,1773611145.0,1773611145,-122.4611,48.5895,944.88,False,49.66
ad942b,N974TA,United States,1773611144.0,1773611144,-118.6597,34.0341,975.36,False,50.12
a2b136,UAL2271,United States,1773611144.0,1773611144,-99.0953,44.8821,10668.0,False,249.75
a2b135,UAL2402,United States,1773611144.0,1773611144,-74.1823,40.357,5105.4,False,182.68
a2b133,UAL1630,United States,1773611145.0,1773611145,-83.9781,34.648,10972.8,False,214.66
4ca615,EIN141,Ireland,1773611145.0,1773611145,-73.4934,40.0829,10972.8,False,219.51
405f12,EZY54AK,United Kingdom,1773611144.0,1773611144,0.1946,51.5908,11574.78,False,216.11
aa4764,N761XZ,United States,1773611145.0,1773611145,-117.0646,33.6978,3436.62,False,74.61
405f13,EZY36VK,United Kingdom,1773611144.0,1773611145,23.0176,36.9157,10972.8,False,206.73
405f11,EZY59DX,United Kingdom,1773611145.0,1773611145,-2.203,45.9312,11590.02,False,224.28
a1f1de,SWA2197,United States,1773611144.0,1773611145,-77.8364,29.7728,11894.82,False,222.58
4ca614,EIN104,Ireland,1773611138.0,1773611138,-73.783,40.6523,,True,4.89
e49fb3,AZU6030,Brazil,1773611142.0,1773611142,-49.0434,-26.9268,11582.4,False,201.76
e49fb2,AZU4031,Brazil,1773611079.0,1773611079,-47.034,-23.0793,1287.78,False,92.41
e49fb5,AZU4791,Brazil,1773611000.0,1773611001,-59.2036,-13.3204,11277.6,False,222.87
a4a1f0,EJA398,United States,1773611144.0,1773611145,-107.1816,38.9579,12611.1,False,198.85
4ca61e,RYR1241,Ireland,1773610848.0,1773611141,18.3581,54.4188,1348.74,False,275.66
c01e5b,CFLMW,Canada,1773611144.0,1773611144,-101.9513,40.8587,13098.78,False,233.98
c07ef6,CGWCB,Canada,1773611144.0,1773611144,-78.2643,39.2702,13716.0,False,267.09
4ca61f,RYR75KL,Ireland,1773611145.0,1773611145,-4.4466,52.5939,6995.16,False,122.57
aa7aa6,SWA4061,United States,1773611144.0,1773611144,-90.7601,40.5587,7482.84,False,241.26
0201b5,RAM651U,Morocco,1773611144.0,1773611144,-1.6953,37.6788,10668.0,False,259.6
4ca61c,RYR3MG,Ireland,1773610875.0,1773610876,11.2658,44.5437,99.06,False,75.69
c00b35,ACA114,Canada,1773611145.0,1773611145,-111.0338,49.9536,11879.58,False,273.98
a6ede5,UAL1568,United States,1773611145.0,1773611145,-121.2473,38.4248,6713.22,False,236.7
abfdf8,SWA2190,United States,1773611145.0,1773611145,-90.6627,35.9312,10370.82,False,196.91
aa94aa,ENY3633,United States,1773611144.0,1773611144,-85.9957,42.5896,2644.14,False,175.55
aacada,N795CR,United States,1773611144.0,1773611144,-79.7107,25.9247,6362.7,False,211.06
a87d44,N646TX,United States,1773611145.0,1773611145,-81.7778,28.1188,2750.82,False,123.37
c07eef,WJA1081,Canada,1773611135.0,1773611143,-77.6704,32.5686,11277.6,False,243.81
c07eee,WJA243,Canada,1773611144.0,1773611144,-98.6884,50.0746,8252.46,False,224.61
e49fc2,TAM3088,Brazil,1773611114.0,1773611114,-47.9589,-25.9322,10370.82,False,202.47
152001,AFL1869,Russian Federation,1773609471.0,1773611139,45.5372,41.6247,10050.78,False,248.71
a4ea77,AAL2859,United States,1773611145.0,1773611145,-103.2209,43.622,9128.76,False,244.76
7c29d5,VOZ306,Australia,1773610950.0,1773611137,147.4199,-34.0092,8534.4,False,234.45
a51d46,N429CF,United States,1773611145.0,1773611145,-96.3817,32.522,419.1,False,37.96
ac6d89,N90HG,United States,1773611145.0,1773611145,-105.773,41.3271,5486.4,False,104.2
7c29d8,VOZ770,Australia,1773611145.0,1773611145,151.4958,-25.7489,11795.76,False,210.58
acb10a,DAL1296,United States,1773611143.0,1773611143,-113.396,37.8128,10058.4,False,199.54
adca0b,N988NC,United States,1773611144.0,1773611144,-75.017,40.139,800.1,False,92.6
7c29d4,,Australia,1773610929.0,1773610993,138.5406,-34.9378,3017.52,False,0.0
406668,EZY31TJ,United Kingdom,1773611023.0,1773611023,2.6233,48.996,167.64,False,62.38
34520f,IBE0268,Spain,1773611144.0,1773611144,-36.0618,-2.9104,11277.6,False,238.6
e480a4,TAM3128,Brazil,1773611102.0,1773611102,-53.3772,-21.3563,10347.96,False,229.47
c01e10,JZA11,Canada,1773611145.0,1773611145,-75.6974,45.2065,1775.46,False,105.29
ac7476,COL901,United States,1773611143.0,1773611143,-111.1982,37.1529,11887.2,False,206.15
a0cc06,AAL1954,United States,1773611145.0,1773611145,-97.1376,34.4773,10058.4,False,275.6
40797c,BAW155,United Kingdom,1773611144.0,1773611144,-59.3457,13.5327,3543.3,False,172.73
a08f60,TWY308,United States,1773611145.0,1773611145,-105.2418,39.5364,3589.02,False,141.37
aa3417,AAL142,United States,1773611144.0,1773611145,-0.1936,51.4655,967.74,False,68.42
8880c6,HVN318,Viet Nam,1773611144.0,1773611144,140.4279,34.7578,3855.72,False,192.57
a1ff22,N228EE,United States,1773611144.0,1773611144,-85.9492,32.6939,2545.08,False,63.21
a4c7cd,N4O7MZ,United States,1773611138.0,1773611142,-106.6211,35.089,,True,0.0
e48ce6,TAM3876,Brazil,1773611142.0,1773611142,-45.1505,-23.5046,7620.0,False,198.54
a08f62,N135SP,United States,1773611145.0,1773611145,-82.5375,30.7471,12496.8,False,218.88
781fc3,CAO1033,China,1773611144.0,1773611144,116.6176,40.6527,9174.48,False,239.68
a309b4,SKW3896,United States,1773611145.0,1773611145,-95.8987,41.1044,1234.44,False,120.17
4d00c6,LGL68M,Luxembourg,1773611144.0,1773611144,6.2495,49.6405,426.72,False,56.47
ad44f2,N954QS,United States,1773611138.0,1773611138,-71.8931,39.77,6324.6,False,217.23
40796b,TOM7BX,United Kingdom,1773611144.0,1773611144,-10.1245,38.2058,11582.4,False,217.71
a02cd6,,United States,1773611134.0,1773611134,-104.9935,43.119,4777.74,False,114.28
a033ae,AAL3,United States,1773611144.0,1773611144,-117.8926,33.9868,2286.0,False,141.86
acaa1c,JSX1121,United States,1773611140.0,1773611144,-78.3658,31.0265,10058.4,False,227.98
addd34,N99253,United States,1773611145.0,1773611145,-71.7355,42.3813,777.24,False,40.55
40796a,TOM1FY,United Kingdom,1773611145.0,1773611145,-1.2753,52.8295,6065.52,False,143.37
405f67,PYN01,United Kingdom,1773611144.0,1773611144,-4.1874,51.7875,2225.04,False,98.88
4d00c9,LGL74BE,Luxembourg,1773610966.0,1773610966,6.2135,49.6299,,True,4.37
a3d10f,DAL2443,United States,1773611145.0,1773611145,-83.1132,42.4096,1508.76,False,121.56
345207,VLG6JB,Spain,1773611145.0,1773611145,2.6617,46.8016,10668.0,False,241.47
345204,VLG9TB,Spain,1773611144.0,1773611144,6.7595,45.6945,10660.38,False,235.56
a046f2,RPA4438,United States,1773611145.0,1773611145,-74.4251,41.436,6256.02,False,198.19
345205,VLG1505,Spain,1773611144.0,1773611144,4.7278,46.6982,11887.2,False,247.0
aa2d14,SKW6394,United States,1773611145.0,1773611145,-108.7033,36.8825,10972.8,False,166.09
a9a58b,EJM720,United States,1773611144.0,1773611144,-78.2799,42.2447,13106.4,False,208.26
a5376f,,United States,1773611019.0,1773611019,-80.2928,24.8904,3063.24,False,139.49
ad2af2,DAL3163,United States,1773611144.0,1773611144,-85.5028,33.1055,5105.4,False,221.35
a07c05,N130JM,United States,1773611145.0,1773611145,-119.0294,35.3717,1188.72,False,39.93
acaa54,N915MC,United States,1773611145.0,1773611145,-110.4519,32.9459,10309.86,False,215.82
400fdb,EZY37VM,United Kingdom,1773611145.0,1773611145,7.9844,45.2592,11582.4,False,213.35
7501e8,XAX605,Malaysia,1773611144.0,1773611144,83.983,18.4109,11887.2,False,253.21
a0f91d,AAL2219,United States,1773611145.0,1773611145,-95.5367,31.229,6705.6,False,186.48
8880e7,HVN334,Viet Nam,1773611144.0,1773611144,133.9791,34.0669,4091.94,False,191.57
add10a,N99HS,United States,1773611051.0,1773611051,-118.1439,35.6059,3383.28,False,93.63
a10614,AAL1854,United States,1773611145.0,1773611145,-81.863,32.4712,9144.0,False,219.68
a10611,UPS5838,United States,1773611144.0,1773611144,-100.6645,43.3472,10355.58,False,219.84
8880e2,HVN55,Viet Nam,1773611145.0,1773611145,81.7547,26.3485,10363.2,False,221.63
ad8155,N97AJ,United States,1773611142.0,1773611144,-81.9536,26.2671,579.12,False,93.58
8880e0,HVN31,Viet Nam,1773611144.0,1773611144,74.3146,27.5209,10972.8,False,223.4
a3f793,EDV5365,United States,1773611145.0,1773611145,-84.0538,43.3631,1028.7,False,113.83
a0a9d1,UCA4364,United States,1773611145.0,1773611145,-77.7231,38.2318,5981.7,False,171.86
a38176,LXJ325,United States,1773611144.0,1773611144,-78.2818,44.4019,12832.08,False,204.47
89666a,ABY580,United Arab Emirates,1773610995.0,1773611002,30.7623,30.5438,7261.86,False,181.89
a7c70c,N60Y,United States,1773611061.0,1773611061,-81.8247,30.2853,228.6,False,49.48
400fe0,EZY96AV,United Kingdom,1773611145.0,1773611145,-0.7931,50.2701,9692.64,False,190.55
c01e28,ACA170,Canada,1773611051.0,1773611051,-91.8344,48.8302,10066.02,False,248.44
a2b176,UAL2208,United States,1773611145.0,1773611145,-83.3283,25.7964,10972.8,False,217.3
a714a0,N5552D,United States,1773611141.0,1773611144,-111.7306,34.3616,2827.02,False,89.94
e0b390,ARG1250,Argentina,1773611144.0,1773611144,-47.5625,-23.5231,7642.86,False,201.19
346516,FRO88,Spain,1773611145.0,1773611145,2.6026,39.9028,5486.4,False,164.38
a6a739,LXJ528,United States,1773611144.0,1773611145,-112.1202,42.6923,13708.38,False,191.9
c01e1a,FLE2854,Canada,1773611145.0,1773611145,-118.21,45.3449,11277.6,False,291.4
a0f935,N162B,United States,1773611145.0,1773611145,-84.4309,34.0849,1356.36,False,83.98
a0e607,AAL2845,United States,1773611145.0,1773611145,-99.9984,34.5687,9906.0,False,262.99
76cd45,SIA324,Singapore,1773611136.0,1773611139,76.1522,30.8919,10972.8,False,238.16
c010ec,ACA791,Canada,1773611144.0,1773611144,-81.2554,44.1802,7566.66,False,197.19
76cd47,SIA309,Singapore,1773611092.0,1773611092,103.9546,1.2948,373.38,False,70.52
4d00ee,LGL338C,Luxembourg,1773611144.0,1773611145,6.3657,49.6835,891.54,False,81.8
c010ea,ACA166,Canada,1773611145.0,1773611145,-79.8422,43.536,1043.94,False,102.98
e4814a,GLO1924,Brazil,1773611145.0,1773611145,-45.4397,-23.3734,7520.94,False,211.27
a1ec31,N223AL,United States,1773611108.0,1773611109,-98.8264,18.64,3627.12,False,58.19
8832b5,TLM211,Thailand,1773610839.0,1773610839,80.6209,13.7978,11277.6,False,250.42
abeb7c,SWA1536,United States,1773611143.0,1773611144,-95.202,29.5576,1569.72,False,140.56
4d00f6,LGL4RH,Luxembourg,1773611145.0,1773611145,3.0019,48.9755,9631.68,False,228.32
a1afec,MXY207,United States,1773611144.0,1773611144,-107.8415,38.3627,10591.8,False,209.26
7c77f9,QFA1216,Australia,1773611144.0,1773611145,116.0752,-29.4264,11117.58,False,260.92
a2396e,SWA3864,United States,1773611139.0,1773611141,-97.66,30.2024,,True,0.0
a9f461,AAL2633,United States,1773611144.0,1773611145,-84.2679,33.4725,10660.38,False,241.7
7c77f8,QFA840,Australia,1773611144.0,1773611144,149.3171,-32.3702,10172.7,False,224.02
7c77f6,QFA412,Australia,1773610912.0,1773610918,151.177,-33.9322,,True,0.0
a4f19e,N4178N,United States,1773611135.0,1773611140,-118.491,34.2066,213.36,False,0.0
a32c1e,SKW3675,United States,1773611144.0,1773611144,-117.5471,45.1566,9144.0,False,186.83
4d00ed,LGL6556,Luxembourg,1773611145.0,1773611145,6.4822,48.7008,7246.62,False,176.6
a033f9,DAL2378,United States,1773611143.0,1773611143,-78.399,31.1616,10675.62,False,243.69
a5cf19,UAL1580,United States,1773611144.0,1773611145,-119.0109,48.0152,11582.4,False,168.81
888214,VJC828,Viet Nam,1773611145.0,1773611145,127.696,27.4579,9448.8,False,257.75
e4948b,AZU2503,Brazil,1773611145.0,1773611145,-46.4035,-19.729,10957.56,False,224.46
e4948c,AZU2498,Brazil,1773610890.0,1773610923,-47.0161,-23.0931,1402.08,False,102.79
a22669,MXY8819,United States,1773611144.0,1773611144,-81.4412,40.9005,1059.18,False,74.6
7c77d9,FD244,Australia,1773611145.0,1773611145,149.8624,-33.8096,5791.2,False,131.15
c06c8f,CGPCW,Canada,1773611143.0,1773611143,-123.1653,49.1833,,True,14.4
8965cd,FDB9UR,United Arab Emirates,1773611145.0,1773611145,87.6886,23.2106,7993.38,False,201.2
c06050,CGKMH,Canada,1773611144.0,1773611144,-114.3513,51.1048,1188.72,False,31.9
a0df80,VTE3340,United States,1773611143.0,1773611144,-104.6873,39.8552,1630.68,False,78.2
a1afde,FDY395,United States,1773611141.0,1773611141,-77.4593,38.9686,30.48,False,0.0
a140a7,N18ZW,United States,1773611133.0,1773611133,-121.4523,38.6605,160.02,False,43.33
c010f6,ACA941,Canada,1773611145.0,1773611145,-79.9331,39.8861,10050.78,False,253.45
a8847f,RPA3587,United States,1773611144.0,1773611144,-77.4569,38.9679,,True,3.6
a20c44,ENY4328,United States,1773611145.0,1773611145,-83.9496,33.6767,3543.3,False,195.38
152069,SVR2950,Russian Federation,1773609883.0,1773611142,48.5539,45.0016,11277.6,False,4.12
7c77e4,FD212,Australia,1773611132.0,1773611134,148.158,-30.1394,4381.5,False,142.4
a2d6a2,ENY3544,United States,1773611145.0,1773611145,-92.7078,40.1304,10668.0,False,225.64
a99d89,AAL735,United States,1773611145.0,1773611145,-70.0314,44.6745,9144.0,False,245.33
8832cb,TLM213,Thailand,1773611135.0,1773611135,83.8416,20.2908,10668.0,False,282.79
ad3293,PWA95,United States,1773610972.0,1773610972,-80.2191,27.1758,,True,0.0
a99d87,ASA418,United States,1773611124.0,1773611128,-107.9521,43.6189,10363.2,False,172.46
8832d5,TLM219,Thailand,1773611145.0,1773611145,84.8828,19.8392,11224.26,False,276.51
aa59a5,AAL977,United States,1773611145.0,1773611145,-97.5659,32.9984,4922.52,False,176.78
a2d6a9,AAY1536,United States,1773611144.0,1773611144,-83.6507,41.1796,10363.2,False,196.52
a8d465,UAL1672,United States,1773611133.0,1773611142,-122.3841,37.6185,,True,0.0
a87196,NKS3064,United States,1773611144.0,1773611144,-83.6865,28.991,6720.84,False,218.36
76cd72,SIA319,Singapore,1773611144.0,1773611144,9.229,50.1642,10058.4,False,255.68
8965b3,,United Arab Emirates,1773611116.0,1773611117,81.8937,20.3954,11277.6,False,276.59
76cd74,SIA285,Singapore,1773611135.0,1773611144,149.0887,-37.9821,11887.2,False,296.83
a020a1,N107VS,United States,1773611145.0,1773611145,-73.4714,40.8793,480.06,False,101.01
8965b8,UAE9389,United Arab Emirates,1773611144.0,1773611144,2.9092,41.2381,10058.4,False,245.54
4d00ca,LGL58N,Luxembourg,1773611144.0,1773611144,6.3763,48.2152,7315.2,False,148.71
a52fe1,N433SP,United States,1773611144.0,1773611144,-73.2667,41.0442,670.56,False,42.95
a99d90,SGX719,United States,1773611144.0,1773611144,-78.6233,34.3783,10660.38,False,251.96
a789bc,DAL1208,United States,1773611145.0,1773611145,-92.3135,45.0456,6728.46,False,173.48
a27fdb,JSX650,United States,1773611144.0,1773611144,-115.4815,35.9369,5516.88,False,192.53
abf29f,SWA1758,United States,1773610979.0,1773610981,-98.4443,29.5108,464.82,False,78.4
8965c2,FDB3AB,United Arab Emirates,1773611145.0,1773611145,22.7182,47.4393,11277.6,False,235.86
a0d320,N152RM,United States,1773610997.0,1773610997,-119.6896,39.1436,1798.32,False,73.37
a39fb7,UAL513,United States,1773611144.0,1773611144,-104.6884,39.852,,True,12.35
4d00f1,LGL3754,Luxembourg,1773611144.0,1773611144,6.5844,49.615,1828.8,False,113.22
a4a300,N3981D,United States,1773611143.0,1773611145,-120.6096,37.1851,2522.22,False,57.97
a99d8d,XSR719,United States,1773611145.0,1773611145,-77.9801,42.4054,4998.72,False,179.28
4d00f4,LGL404,Luxembourg,1773611144.0,1773611144,6.509,49.7618,1188.72,False,83.35
a22642,ASA670,United States,1773611144.0,1773611144,-113.4483,41.8217,9753.6,False,177.61
7c0405,UTY3101,Australia,1773611145.0,1773611145,137.6376,-32.8009,9448.8,False,273.04
780d76,CXA825,China,1773610562.0,1773611145,88.9689,55.5462,10972.8,False,27.85
a5e949,ASA1041,United States,1773611139.0,1773611139,-157.4679,20.9211,1927.86,False,119.72
a21f57,FFT4280,United States,1773611145.0,1773611145,-84.7909,39.0084,2202.18,False,142.72
a5cf1b,UAL1847,United States,1773611145.0,1773611145,-100.3267,37.1029,10972.8,False,204.26
4d00db,LGL396B,Luxembourg,1773611144.0,1773611144,6.482,49.4364,2613.66,False,135.86
7cadf2,8M8,Australia,1773611144.0,1773611144,149.4208,-34.0728,2987.04,False,84.21
e4818b,TAM8085,Brazil,1773610868.0,1773610868,-10.6375,45.5973,8839.2,False,236.21
a0d374,AAL1915,United States,1773611144.0,1773611144,-88.7589,34.0683,9761.22,False,199.99
4852f4,KLM930,Kingdom of the Netherlands,1773611142.0,1773611142,4.7304,52.3231,,True,14.92
7c045f,JST664,Australia,1773611145.0,1773611145,141.167,-33.8022,10972.8,False,207.32
781462,CES270,China,1773611096.0,1773611096,75.7503,20.3528,10668.0,False,292.5
a74a5a,SWA8830,United States,1773611145.0,1773611145,-78.8083,39.8719,11978.64,False,212.63
a9b7f6,AAL1572,United States,1773611144.0,1773611145,-80.4246,25.7979,487.68,False,83.44
a47991,XFL636,United States,1773611145.0,1773611145,-115.2956,35.6774,8084.82,False,239.23
a9ed2e,N739HE,United States,1773611144.0,1773611144,-121.5736,37.1097,868.68,False,48.07
e48198,TAM3163,Brazil,1773611144.0,1773611144,-47.1122,-25.3133,10805.16,False,250.22
a1ec6e,JRE223,United States,1773611114.0,1773611114,-82.4914,28.4759,167.64,False,60.19
4852f6,KLM51B,Kingdom of the Netherlands,1773611145.0,1773611145,-0.0505,51.6437,10294.62,False,195.37
a7c76d,N600BW,United States,1773611144.0,1773611145,-104.0867,35.7769,12496.8,False,255.09
a2cffc,SWA382,United States,1773611140.0,1773611145,-117.1913,32.7306,,True,0.0
a7faad,JBU534,United States,1773611145.0,1773611145,-81.7526,32.4123,10058.4,False,238.14
a821ae,N623DA,United States,1773611051.0,1773611059,-122.2719,47.919,152.4,False,41.17
c010a8,ACA23,Canada,1773611019.0,1773611019,-123.1824,49.1975,,True,1.29
15201e,AFL1956,Russian Federation,,1773611009,,,,False,27.78
a8c121,UAL15,United States,1773610871.0,1773610922,-65.7466,48.676,9761.22,False,205.45
a9ed53,JRE739,United States,1773611134.0,1773611135,-92.1596,29.1955,10363.2,False,168.82
15201a,AFL2141,Russian Federation,1773610837.0,1773611141,39.7119,55.6255,7734.3,False,28.07
7c0460,JST972,Australia,1773611143.0,1773611144,139.0431,-37.1192,10972.8,False,179.59
a9da0d,N734BN,United States,1773611145.0,1773611145,-122.215,37.7281,0.0,False,39.93
a7b444,LXJ596,United States,1773611130.0,1773611136,-122.277,38.2229,,True,0.06
a1a3e9,N2045C,United States,1773611142.0,1773611142,-117.0725,33.5037,1005.84,False,63.74
a0d36d,UPS5282,United States,1773611145.0,1773611145,-83.791,38.7775,5791.2,False,239.13
ab540d,UAL2262,United States,1773611145.0,1773611145,-121.7885,41.9154,10660.38,False,252.94
a81abe,JBU521,United States,1773611144.0,1773611144,-72.8363,41.8329,9768.84,False,207.72
7c045c,JST094,Australia,1773611144.0,1773611144,153.555,-27.6756,2956.56,False,150.63
7c045d,JST229,Australia,1773611145.0,1773611145,173.524,-40.4118,11590.02,False,224.22
a403b3,DAL1692,United States,1773611144.0,1773611144,-91.5313,30.4243,10668.0,False,268.11
c010cb,ACA294,Canada,1773611143.0,1773611144,-109.9573,50.0012,10675.62,False,245.65
e4949a,TAM4603,Brazil,1773611144.0,1773611144,-45.2,-21.085,11582.4,False,229.76
780d8f,CAO8420,China,1773611144.0,1773611144,-156.4264,58.2134,10965.18,False,236.39
e4949f,AZU2433,Brazil,1773611131.0,1773611131,-48.7887,-27.4091,11871.96,False,252.2
c07374,FEX200,Canada,1773611144.0,1773611144,-80.5182,38.6721,11887.2,False,256.86
7c77ff,QFA417,Australia,1773611145.0,1773611145,147.0669,-36.6918,8534.4,False,170.79
a57f04,UAL718,United States,1773611145.0,1773611145,-114.7397,32.1628,10980.42,False,216.77
a033ff,DAL1452,United States,1773611145.0,1773611145,-112.5483,41.5774,5494.02,False,232.48
a7b46e,N596HP,United States,1773611142.0,1773611142,-86.8883,31.5866,2834.64,False,93.39
7c77fd,QFA702,Australia,1773611142.0,1773611142,144.8391,-37.6537,,True,4.89
ac6d0c,N90CG,United States,1773611144.0,1773611144,-122.2116,37.7299,,True,0.0
a0836a,N132JC,United States,1773611145.0,1773611145,-111.8991,33.4277,990.6,False,97.75
ab674b,,United States,1773610849.0,1773610849,-77.0426,38.8568,,True,0.9
a2e9fd,SWA9008,United States,1773611144.0,1773611144,-92.7401,35.3199,6682.74,False,228.11
e48175,GLO1127,Brazil,1773611143.0,1773611144,-46.6257,-23.9825,3779.52,False,160.51
152038,AFL653,Russian Federation,1773611128.0,1773611128,98.4691,14.7743,10363.2,False,232.9
a32c3e,AAL1397,United States,1773611145.0,1773611145,-84.7571,29.0516,10363.2,False,212.75
a81aef,N621LA,United States,1773611145.0,1773611145,-122.0376,37.7739,1783.08,False,124.65
a140ab,N180,United States,1773611145.0,1773611145,-122.9154,48.6686,868.68,False,49.6
a153de,EDV5299,United States,1773611145.0,1773611145,-77.0086,42.5386,4869.18,False,193.52
a393ae,N33CF,United States,1773611145.0,1773611145,-73.9889,40.3376,1722.12,False,59.66
a7ad7c,JIA5566,United States,1773611145.0,1773611145,-89.9703,30.2127,3337.56,False,172.03
a5991e,FTN4,United States,1773611145.0,1773611145,-111.0362,35.2513,10972.8,False,208.31
780d9e,CES553,China,1773610715.0,1773611139,88.982,55.533,9753.6,False,27.78
a57f11,UPS1124,United States,1773611144.0,1773611144,-76.894,41.672,8839.2,False,259.3
aa94ef,LN781HC,United States,1773611144.0,1773611144,-111.6887,40.1017,2004.06,False,85.84
a20027,CXK568,United States,1773611143.0,1773611143,-71.1473,42.1844,152.4,False,55.64
a33f67,,United States,1773611124.0,1773611124,-98.4105,29.2612,1036.32,False,52.27
a6f4fe,N5475K,United States,1773611143.0,1773611144,-97.2395,29.5556,1066.8,False,23.94
a273be,CXK146,United States,1773611039.0,1773611069,-77.9045,38.4598,495.3,False,38.89
a9f415,WMA126,United States,1773611108.0,1773611114,-80.2721,26.2191,899.16,False,83.97
a8712a,JBU88,United States,1773611145.0,1773611145,-73.8074,40.5708,9662.16,False,254.53
a33328,AAL306,United States,1773611145.0,1773611145,-76.7069,41.8209,9753.6,False,214.36
ac37cd,N88692,United States,1773611144.0,1773611145,-118.4348,34.5079,7315.2,False,127.62
c06c84,CGPCL,Canada,1773611144.0,1773611144,-121.7772,49.4768,5501.64,False,100.21
a33327,AAL3256,United States,1773611145.0,1773611145,-87.1699,37.8427,11277.6,False,272.52
c1e98f,TK187,Canada,1773611144.0,1773611144,-114.0163,51.134,,True,1.03
a8aac8,DAL748,United States,1773611144.0,1773611145,-111.4997,35.4624,9227.82,False,224.86
a3e911,FFT4171,United States,1773611144.0,1773611144,-80.4876,34.9996,10972.8,False,218.96
a66a84,SKW6213,United States,1773611142.0,1773611144,-103.1596,31.1179,9753.6,False,194.2
040190,ETH731,Ethiopia,1773611145.0,1773611145,19.3403,44.3805,10660.38,False,254.69
a7f44d,SKW5727,United States,1773611144.0,1773611144,-107.5662,38.6281,9563.1,False,191.21
a086ce,EDV5289,United States,1773611145.0,1773611145,-74.2333,41.1864,6096.0,False,154.4
c05372,ASB191,Canada,1773611144.0,1773611144,-114.8043,52.1648,2202.18,False,99.37
ac52ee,ASH4006,United States,1773611145.0,1773611145,-80.1402,33.4982,8465.82,False,231.26
a3e917,LXJ351,United States,1773611144.0,1773611145,-85.0846,33.3042,7315.2,False,202.24
a8c4e5,WUP664,United States,1773611145.0,1773611145,-78.9997,30.0525,13106.4,False,220.52
aceb61,SWA301,United States,1773611144.0,1773611144,-120.3687,45.7314,9448.8,False,258.84
a1594e,N1860,United States,1773611145.0,1773611145,-122.6634,45.6211,236.22,False,46.27
a38609,EJA326,United States,1773611145.0,1773611145,-82.6411,31.596,6751.32,False,214.29
aac59d,N79302,United States,1773611145.0,1773611145,-96.7758,31.7024,975.36,False,72.49
a7e122,N6069F,United States,1773611143.0,1773611144,-74.5284,41.2187,754.38,False,33.5
899082,EVA6090,Taiwan,1773611141.0,1773611141,121.2383,25.0932,,True,7.46
ac058a,DAL1932,United States,1773611144.0,1773611145,-93.4832,29.0345,9144.0,False,219.57
4d0101,CLX209,Luxembourg,1773611144.0,1773611144,-110.2673,52.8091,10058.4,False,335.3
a01f73,RPA4434,United States,1773611145.0,1773611145,-73.9647,40.8304,5562.6,False,180.08
c04034,CFYID,Canada,1773611144.0,1773611144,-89.9169,41.646,8229.6,False,193.53
89907c,EVA071,Taiwan,1773611141.0,1773611141,84.201,25.8506,10972.8,False,215.9
a6cd6d,N53742,United States,1773611105.0,1773611106,-118.4117,33.4074,449.58,False,35.82
89907e,EVA096,Taiwan,1773611118.0,1773611118,121.1997,25.0601,91.44,False,75.89
ac52ff,SWA2350,United States,1773611144.0,1773611145,-85.9722,35.5991,5791.2,False,186.91
89907b,EVA065,Taiwan,1773611143.0,1773611144,85.7267,25.397,10355.58,False,220.11
a2c90d,ENY3795,United States,1773611144.0,1773611144,-86.8473,31.995,9265.92,False,237.99
ad6bdc,JBU333,United States,1773611140.0,1773611140,-71.0148,42.3683,,True,0.0
aa5b92,AAL37,United States,1773611144.0,1773611144,-96.8446,32.5267,1752.6,False,122.41
adc2a4,NKS1474,United States,1773611143.0,1773611144,-79.2178,24.6542,11574.78,False,205.04
a32fa7,AAL3151,United States,1773611103.0,1773611103,-97.0491,32.9012,,True,8.23
a80d70,STY618,United States,1773611145.0,1773611145,-70.9334,42.601,5044.44,False,175.96
040197,ETH729,Ethiopia,1773611144.0,1773611144,7.3375,45.2292,8191.5,False,239.7
ad1258,CXK330,United States,1773611143.0,1773611145,-111.7979,33.0599,1554.48,False,50.28
a7b7fb,LXJ597,United States,1773611145.0,1773611145,-112.5899,36.7254,9281.16,False,230.16
a24c01,SWA4160,United States,1773611145.0,1773611145,-122.1612,44.0125,11574.78,False,195.79
a42a91,,United States,1773611038.0,1773611038,-115.1282,36.0803,,True,0.0
479301,WIF630,Norway,1773611144.0,1773611144,5.1803,60.2971,2255.52,False,156.22
040171,ETH707,Ethiopia,1773611144.0,1773611145,14.7434,45.8787,11277.6,False,254.33
e4a009,PSBAV,Brazil,1773611141.0,1773611141,-56.1713,-25.7869,8382.0,False,201.63
a92d50,N69016,United States,1773611139.0,1773611139,-122.9475,45.5346,,True,3.6
a2791e,MXY188,United States,1773611145.0,1773611145,-82.6639,26.1415,8199.12,False,227.62
a7ed98,N61NG,United States,1773610989.0,1773610989,-120.2273,39.22,3086.1,False,126.56
04015c,ETH3518,Ethiopia,1773611139.0,1773611144,-80.8467,24.3354,6096.0,False,184.69
c1e984,APT3,Canada,1773611144.0,1773611144,-113.9946,51.1179,,True,14.4
ad0b80,N94HB,United States,1773610909.0,1773610942,-96.6382,34.0792,1097.28,False,116.91
a50f17,N425KD,United States,1773611144.0,1773611145,-118.1638,34.5488,6096.0,False,122.53
c0405a,ROU1702,Canada,1773611145.0,1773611145,-105.934,40.0242,10073.64,False,207.35
a76901,N577GA,United States,1773611144.0,1773611144,-87.8027,33.3995,13106.4,False,227.79
a9ddb0,AAL57,United States,1773611143.0,1773611143,-80.377,25.7835,335.28,False,73.12
a7e146,CNS27,United States,1773611100.0,1773611104,-115.3301,42.4588,11582.4,False,213.02
a50f24,N425KS,United States,1773611142.0,1773611142,-77.4837,28.9948,8534.4,False,128.64
a00c26,N102AD,United States,1773611142.0,1773611144,-101.1426,35.3253,7620.0,False,197.17
c1e990,TK183,Canada,1773611141.0,1773611141,-114.0158,51.1347,,True,1.54
c04051,ROU1729,Canada,1773611145.0,1773611145,-71.9707,40.1308,10355.58,False,218.84
c04052,ROU1708,Canada,1773611144.0,1773611144,-96.789,43.3517,10668.0,False,259.16
a491f1,DAL2515,United States,1773611144.0,1773611144,-96.4912,35.2361,10058.4,False,278.29
c1e995,B125,Canada,1773611144.0,1773611144,-114.0157,51.1302,,True,3.6
a12c04,N175CT,United States,1773611145.0,1773611145,-116.5821,36.5176,13106.4,False,234.04
a8c4d8,UAL959,United States,1773611145.0,1773611145,-83.0124,45.4361,10972.8,False,191.27
899077,EVA382,Taiwan,1773611144.0,1773611145,121.0901,24.9738,853.44,False,89.0
aceb76,EDV5115,United States,1773611144.0,1773611144,-86.135,36.4071,8199.12,False,233.14
a3bc01,AXO340,United States,1773611144.0,1773611144,-81.4851,34.3147,4556.76,False,138.65
a78a88,N585X,United States,1773611145.0,1773611145,-116.7116,32.8647,1668.78,False,60.33
c0404f,ROU1879,Canada,1773610959.0,1773610959,-60.9874,14.5482,6256.02,False,198.84
a5a187,N462FA,United States,1773611140.0,1773611143,-75.9521,39.8738,472.44,False,44.59
a0cfb6,UPS5182,United States,1773611144.0,1773611144,-75.5025,39.815,830.58,False,82.22
89902f,EVA056,Taiwan,1773611004.0,1773611004,-131.6081,57.635,10058.4,False,291.6
a1a986,ENY3594,United States,1773611144.0,1773611144,-94.2705,36.2023,876.3,False,62.5
4bcd85,SXS3Q,Turkey,1773611145.0,1773611145,20.4183,45.1236,11277.6,False,232.63
a6977a,N52371,United States,1773611145.0,1773611145,-121.2571,44.5565,2255.52,False,43.78
a1f6cf,N2256S,United States,1773611144.0,1773611144,-85.1234,33.9588,1554.48,False,73.41
c07995,TSC273,Canada,1773611144.0,1773611144,-72.0542,38.8961,12192.0,False,221.62
c07993,TSC986,Canada,1773611144.0,1773611145,-76.4304,42.5732,12070.08,False,257.45
a5a10a,AAL1814,United States,1773611145.0,1773611145,-77.0916,43.0321,9136.38,False,201.78
a7076c,KOW552,United States,1773611144.0,1773611144,-74.3616,40.9334,4747.26,False,157.7
0d085c,AMX036,Mexico,1773610998.0,1773610998,-65.9759,42.0586,11277.6,False,283.59
8940bf,DHX832,Bahrain,1773611144.0,1773611145,91.8248,22.2226,9144.0,False,223.81
a9473b,N6971J,United States,1773611143.0,1773611143,-120.6268,37.8619,1592.58,False,56.03
a060ae,AAL2187,United States,1773611145.0,1773611145,-96.0279,31.7601,6713.22,False,188.63
a32fda,NJM304,United States,1773611144.0,1773611144,-79.2459,27.0196,6088.38,False,171.27
a7ed31,N61JD,United States,1773611132.0,1773611142,-77.6735,43.1281,,True,0.0
a4dad4,,United States,1773611129.0,1773611129,-118.3897,33.9398,,True,11.32
a887e0,NKS1632,United States,1773611145.0,1773611145,-95.213,38.8927,3116.58,False,150.53
a80d40,JBU1761,United States,1773611144.0,1773611144,-78.2719,32.5915,10988.04,False,215.81
040142,ETH715,Ethiopia,1773610972.0,1773611144,22.4694,50.2821,11277.6,False,227.62
a6710a,N514HR,United States,1773611145.0,1773611145,-118.9935,35.2246,3307.08,False,90.91
a48c07,UPS5133,United States,1773611145.0,1773611145,-85.0236,38.5194,8846.82,False,258.26
a6e75b,LXJ544,United States,1773611145.0,1773611145,-75.3652,40.049,3863.34,False,189.87
c016ee,CFIRT,Canada,1773611144.0,1773611144,-106.0288,51.8322,5242.56,False,137.57
406ec9,BAW7D,United Kingdom,1773611141.0,1773611145,-87.2947,64.292,11582.4,False,243.05
a13f7a,N18MV,United States,1773611145.0,1773611145,-77.9577,41.8702,10919.46,False,269.14
a18ce8,CSB7508,United States,1773611144.0,1773611144,-80.6319,33.0211,10972.8,False,255.09
c81959,ANZ267L,New Zealand,1773611145.0,1773611145,174.9409,-36.7685,2156.46,False,112.79
a00c85,JWZ6,United States,1773611145.0,1773611145,-80.4004,26.8186,1432.56,False,150.27
e4a075,PSVAS,Brazil,1773611140.0,1773611140,-43.7629,-22.1762,4960.62,False,189.13
c81976,ZKJTA,New Zealand,1773611068.0,1773611068,174.274,-39.1963,350.52,False,43.9
c05f5d,RS502,Canada,1773611145.0,1773611145,-106.0847,52.7411,2910.84,False,138.49
a2796f,FDX558,United States,1773611144.0,1773611144,-81.2548,41.2139,11285.22,False,277.78
4ca4ea,RYR943,Ireland,1773611144.0,1773611144,14.056,55.7152,10050.78,False,236.44
a0d6fb,SKW5853,United States,1773611144.0,1773611144,-100.1133,25.7788,,True,0.0
a40958,N3595W,United States,1773611010.0,1773611010,-77.5249,38.732,68.58,False,39.37
adc2dd,EJA986,United States,1773611144.0,1773611144,-80.8865,32.9873,13106.4,False,207.12
a5a11a,ASA477,United States,1773611145.0,1773611145,-75.0698,40.8693,2583.18,False,147.77
a3861f,AAL2046,United States,1773611145.0,1773611145,-83.5485,35.3232,9144.0,False,211.43
04014e,ETH605,Ethiopia,1773611144.0,1773611144,86.1101,22.708,11582.4,False,202.61
a3bafd,N34AH,United States,1773611144.0,1773611145,-119.1267,35.3886,3314.7,False,99.04
a00c7a,DAL1722,United States,1773611145.0,1773611145,-96.0161,30.3176,7391.4,False,236.87
04014c,ETH751,Ethiopia,1773611144.0,1773611145,11.6795,46.4855,11277.6,False,254.14
4d012d,CLX8,Luxembourg,1773611126.0,1773611136,-78.6895,26.3455,10256.52,False,228.89
a2af2a,AAY2504,United States,1773611145.0,1773611145,-83.3607,27.6613,6400.8,False,227.43
4075a2,CFE76D,United Kingdom,1773611144.0,1773611144,-3.0006,55.8045,2415.54,False,141.94
4d012b,CLX17G,Luxembourg,1773611145.0,1773611145,-116.1156,35.2481,9448.8,False,234.25
4d012e,CLX65,Luxembourg,1773611145.0,1773611145,12.6278,48.8529,10668.0,False,250.49
c003ac,NOJ62,Canada,1773611144.0,1773611144,-79.3116,42.8656,5943.6,False,213.95
a6cd42,N5373U,United States,1773611113.0,1773611113,-117.4896,46.2902,1402.08,False,40.8
899053,EVA262,Taiwan,1773611143.0,1773611144,120.2082,23.1436,8831.58,False,241.49
040156,ETH3640,Ethiopia,1773611144.0,1773611144,21.7145,60.6381,9448.8,False,261.4
a38633,AAL2308,United States,1773611145.0,1773611145,-79.2799,36.6696,5044.44,False,217.92
aa6e81,UAL300,United States,1773611145.0,1773611145,-123.0001,37.5466,4213.86,False,195.73
ab4732,AAL175,United States,1773611135.0,1773611135,-104.6674,35.4288,10363.2,False,204.99
89900e,EVA088,Taiwan,1773611145.0,1773611145,114.03,22.2602,11003.28,False,281.06
4d0117,CLX244,Luxembourg,1773611145.0,1773611145,-118.3701,33.6531,3108.96,False,170.65
ac4d05,CMD7,United States,1773611144.0,1773611144,-120.3922,34.9555,708.66,False,64.58
a073c9,N1280G,United States,1773611145.0,1773611145,-118.4957,34.3321,822.96,False,68.48
4d0115,CLX9937,Luxembourg,1773611145.0,1773611145,17.8324,45.4353,9448.8,False,253.3
a469ba,N38368,United States,1773611134.0,1773611134,-121.095,44.1116,1303.02,False,67.38
7c79bb,,Australia,,1773611123,,,,False,2.83
4d0119,CLX56,Luxembourg,1773610910.0,1773611145,38.6141,41.9462,9753.6,False,244.2
a79d78,ASA257,United States,1773611140.0,1773611144,-124.2015,36.5247,10424.16,False,241.09
899019,CAL012,Taiwan,1773611144.0,1773611145,-100.6896,49.2548,10668.0,False,270.37
a6c120,AAL2635,United States,1773610841.0,1773611133,-117.5859,34.0603,,True,0.0
a7ed52,N61KM,United States,1773611143.0,1773611144,-81.3954,32.5714,1234.44,False,59.43
a7da21,EJM871,United States,1773611144.0,1773611144,-87.547,31.5756,10721.34,False,196.23
a1463a,AAL2291,United States,1773611144.0,1773611145,-111.5615,33.0618,3322.32,False,130.12
ad129d,N941TW,United States,1773611145.0,1773611145,-121.6431,37.2122,1927.86,False,46.07
70620f,NMA302,Kuwait,1773611144.0,1773611144,13.2199,42.9661,11269.98,False,224.93
a78a52,AAL2412,United States,1773611144.0,1773611144,-80.6465,34.1897,10363.2,False,229.38
a0bcb2,AAL1886,United States,1773611145.0,1773611145,-103.5642,40.6789,10355.58,False,242.71
a216c4,EDG35,United States,1773611145.0,1773611145,-80.55,25.7926,891.54,False,97.3
a32fd5,SKW3894,United States,1773611145.0,1773611145,-117.2125,33.5055,7688.58,False,213.0
a0000d,N1AL,United States,1773610880.0,1773610880,-118.4936,34.2074,,True,0.19
a2c92b,AAY1535,United States,1773611145.0,1773611145,-82.9448,31.4792,10972.8,False,215.93
400e13,EZY17EQ,United Kingdom,1773611143.0,1773611143,-0.181,51.1523,,True,4.63
7c79b6,YBS,Australia,1773610854.0,1773610856,151.4799,-27.2663,1752.6,False,89.92
a336a2,N306LM,United States,1773611144.0,1773611144,-81.0083,27.5343,2423.16,False,77.21
a78a38,N585TV,United States,1773611144.0,1773611145,-97.657,30.1661,335.28,False,59.17
a06cf3,N1264U,United States,1773611145.0,1773611145,-118.175,33.6839,944.88,False,41.12
49d3d3,TVS53B,Czech Republic,1773611144.0,1773611144,8.4896,44.4253,10972.8,False,213.17
04012b,ETH735,Ethiopia,1773611145.0,1773611145,13.2897,44.8174,11277.6,False,251.55
a02681,DAL1769,United States,1773611142.0,1773611143,-78.0933,33.6958,11277.6,False,252.86
4d010b,ICV81L,Luxembourg,1773611144.0,1773611144,-106.3323,42.3745,10058.4,False,330.74
a203a9,ENY4038,United States,1773611144.0,1773611144,-87.3536,30.7887,1775.46,False,130.96
c05f94,ROU1636,Canada,1773611145.0,1773611145,-80.7052,29.9247,5791.2,False,144.46
a68485,SKW6280,United States,1773611066.0,1773611066,-111.9958,33.4374,,True,0.51
e4a041,PSFHN,Brazil,1773611144.0,1773611144,-48.9886,-27.5768,2308.86,False,110.11
c0799a,TSC426,Canada,1773611144.0,1773611144,-83.8906,28.3886,12192.0,False,226.48
a2b608,N274HA,United States,1773611145.0,1773611145,-120.9015,36.6769,2560.32,False,73.5
aa886b,N778TC,United States,1773611145.0,1773611145,-120.536,39.5002,2560.32,False,95.2
899031,EVA035,Taiwan,1773611144.0,1773611144,121.0353,25.0631,1531.62,False,133.47
a0267b,DAL2460,United States,1773611144.0,1773611144,-79.642,27.9046,6941.82,False,201.26
a5031a,AAL1835,United States,1773611145.0,1773611145,-107.9676,32.1632,10058.4,False,255.8
a3cf6d,UAL1701,United States,1773611142.0,1773611143,-81.8056,36.6951,10363.2,False,204.45
a62312,N495EC,United States,1773611144.0,1773611145,-79.8234,29.1978,13716.0,False,231.79
acfe09,EDV5306,United States,1773611144.0,1773611144,-77.8595,43.1746,8374.38,False,243.3
76ccd0,SIA7369,Singapore,1773611144.0,1773611144,23.7405,45.1578,9448.8,False,240.96
abe501,SWA4003,United States,1773611144.0,1773611144,-94.6819,33.9973,11277.6,False,247.49
a8bf09,N6627W,United States,1773611138.0,1773611138,-118.1897,47.6488,640.08,False,31.59
abde0b,DAL622,United States,1773611144.0,1773611144,-109.4176,32.6157,10668.0,False,242.93
0d081c,VOI3532,Mexico,1773611144.0,1773611144,-98.4016,20.1464,7414.26,False,195.73
5140b3,TGZ774,Georgia,1773611032.0,1773611143,33.7086,34.7037,1882.14,False,156.08
48ad87,LOT1KE,Poland,1773611144.0,1773611144,4.5724,51.0802,929.64,False,71.32
a5aca0,N465EP,United States,1773611145.0,1773611145,-122.2454,47.3165,152.4,False,39.1
7502cd,XAX809,Malaysia,1773611138.0,1773611143,101.4238,2.5739,2819.4,False,140.13
a75634,DAL457,United States,1773611142.0,1773611145,-73.781,40.6343,,True,0.0
c06627,CGMRU,Canada,1773611142.0,1773611143,-114.376,51.1039,,True,0.06
c029dd,ACA981,Canada,1773611144.0,1773611144,-93.5845,30.1182,10668.0,False,202.69
407666,EZY78WH,United Kingdom,1773611144.0,1773611144,0.4208,50.8356,2743.2,False,126.54
ab3ee2,ASH6217,United States,1773611145.0,1773611145,-102.648,31.1891,9753.6,False,201.72
7c04c3,A75,Australia,1773611145.0,1773611145,139.5138,-35.0389,8016.24,False,152.3
a5b3a7,AAL2838,United States,1773611144.0,1773611144,-82.3726,34.6145,8862.06,False,208.04
407667,EZY62BL,United Kingdom,1773611145.0,1773611145,5.7849,47.2458,10972.8,False,211.3
a5acac,N465FA,United States,1773611145.0,1773611145,-74.9847,40.6126,716.28,False,40.86
346183,VLG8TU,Spain,1773611145.0,1773611145,9.4383,44.6394,11277.6,False,242.35
76cce5,SIA24,Singapore,1773610931.0,1773610931,-73.7647,40.6326,,True,49.39
76cce2,SIA21,Singapore,1773611144.0,1773611145,16.7239,47.9407,11887.2,False,252.1
44819b,SUPP108,Belgium,1773611136.0,1773611136,4.4876,50.8963,,True,5.4
a3999e,ATN3390,United States,1773611143.0,1773611144,-100.4966,35.3356,10203.18,False,194.53
406f76,BAW133,United Kingdom,1773611144.0,1773611144,10.3454,47.4389,11879.58,False,257.18
ac5ec1,N89653,United States,1773611088.0,1773611089,-121.7116,45.6947,975.36,False,39.73
40631b,EZY83VD,United Kingdom,1773611144.0,1773611144,-1.8836,47.0298,11582.4,False,217.72
a3866a,UPS908,United States,1773611144.0,1773611144,-98.8473,32.7566,10370.82,False,194.18
400cd8,EZY57QD,United Kingdom,1773611144.0,1773611144,-8.5422,39.2662,6164.58,False,187.03
781ffb,,China,,1773611124,,,,False,217.17
486494,KLM1038,Kingdom of the Netherlands,1773611145.0,1773611145,4.7281,52.5393,952.5,False,77.31
aab202,AAL109,United States,1773611143.0,1773611144,-71.0172,42.3703,,True,1.03
507c6f,UZB632,Uzbekistan,1773610987.0,1773611026,49.9951,53.1067,10660.38,False,27.99
a2af80,N272SF,United States,1773611144.0,1773611144,-103.6106,36.2007,13106.4,False,164.82
a2668b,MXY742,United States,1773611144.0,1773611144,-83.0395,28.2644,10355.58,False,228.96
c06615,CGMRC,Canada,1773611145.0,1773611145,-112.4357,41.2639,3817.62,False,93.15
a7da9f,TFF927,United States,1773611145.0,1773611145,-73.4928,40.6825,1196.34,False,145.68
a64996,JBU494,United States,1773611143.0,1773611144,-81.3156,28.4123,,True,0.06
ad0b05,N94CD,United States,1773610854.0,1773610854,-79.5702,35.9882,739.14,False,79.14
a3b028,DAL2720,United States,1773611134.0,1773611134,-81.7854,30.774,3268.98,False,149.92
c07973,ACA1038,Canada,1773610967.0,1773610973,-85.1959,46.0995,10668.0,False,241.94
c07971,ACA585,Canada,1773611144.0,1773611144,-82.4214,46.1259,9753.6,False,209.36
ad250a,N946SH,United States,1773611145.0,1773611145,-117.1495,34.2291,5273.04,False,133.72
a826bb,N624ST,United States,1773611143.0,1773611144,-122.4275,45.6277,137.16,False,27.34
a2c990,N279SW,United States,1773611144.0,1773611144,-81.7253,41.3756,2240.28,False,149.79
0d083b,SLI465,Mexico,1773611144.0,1773611144,-89.6691,13.4456,10972.8,False,215.6
c05f57,CGKCS,Canada,1773611145.0,1773611145,-114.9659,52.0457,2499.36,False,59.87
a80ca9,KAP131,United States,1773611144.0,1773611144,-65.5581,18.2393,2316.48,False,75.62
aa2744,TCN753,United States,1773611145.0,1773611145,-98.3928,30.0662,5288.28,False,182.54
ac5ed9,SWA2635,United States,1773611131.0,1773611131,-87.9004,42.9518,,True,4.12
a50350,N422CS,United States,1773611144.0,1773611144,-80.3576,25.9094,335.28,False,73.71
aa6db4,EAL3172,United States,1773611145.0,1773611145,-91.2142,39.3378,11681.46,False,294.73
486483,KLM29T,Kingdom of the Netherlands,1773611145.0,1773611145,17.0418,46.9439,11887.2,False,235.41
4ca4ee,RYR34FU,Ireland,1773611144.0,1773611144,7.4964,43.6098,10363.2,False,204.22
a336ef,N306PP,United States,1773611144.0,1773611144,-122.5581,47.1527,800.1,False,51.14
a12030,UCA3255,United States,1773611144.0,1773611144,-77.4544,38.9512,,True,4.12
4ca4ec,RYR45VB,Ireland,1773611145.0,1773611145,-0.6674,51.0482,3268.98,False,124.61
a1dcf2,,United States,,1773611141,,,,False,63.8
a37335,DAL1517,United States,1773611145.0,1773611145,-97.71,39.3537,9136.38,False,216.19
c07966,ACA667,Canada,1773611144.0,1773611145,-67.8753,45.5167,9144.0,False,199.52
a4dc67,N412JS,United States,1773611144.0,1773611144,-78.9605,36.7621,7048.5,False,163.94
a24c73,UAL1693,United States,1773610895.0,1773610900,-85.56,41.2895,2705.1,False,148.79
407642,TOM219,United Kingdom,1773611145.0,1773611145,-16.9756,15.4607,8862.06,False,248.59
7502d9,MXD158,Malaysia,1773611123.0,1773611123,153.1204,-27.3926,,True,10.29
ac0543,VTE3084,United States,1773611144.0,1773611144,-93.4742,32.2507,6705.6,False,191.01
a7a616,DAL1037,United States,1773611145.0,1773611145,-80.7492,35.4726,9753.6,False,230.15
abd204,SWA2087,United States,1773611144.0,1773611144,-80.4869,38.4885,10355.58,False,200.02
a00062,N1DW,United States,1773611137.0,1773611142,-80.0127,26.0366,1798.32,False,120.95
507c95,FKH8062,Uzbekistan,1773610838.0,1773610839,113.6678,23.2645,8412.48,False,222.31
a959b4,EJA701,United States,1773611143.0,1773611144,-109.5019,39.9649,13106.4,False,227.36
aba8eb,N850SC,United States,1773611100.0,1773611106,-81.096,31.1921,4869.18,False,167.44
a336e3,AAL2837,United States,1773611144.0,1773611144,-77.2386,38.9291,1455.42,False,115.69
a4dc5a,N412JD,United States,1773611144.0,1773611144,-78.2379,38.4214,12496.8,False,208.04
a3b02e,DAL878,United States,1773611142.0,1773611142,-73.8585,40.7689,,True,0.06
a24c5a,N2470B,United States,1773610832.0,1773610912,-118.939,34.2222,853.44,False,54.62
a336f0,EDV5406,United States,1773610887.0,1773610887,-79.6213,43.6799,,True,8.23
ad98d9,N9752C,United States,1773611142.0,1773611144,-121.3515,38.6537,304.8,False,42.37
a5b3ad,ASA601,United States,1773611145.0,1773611145,-122.5803,46.9221,4457.7,False,174.4
a4ef90,N417QS,United States,1773611144.0,1773611144,-115.5368,31.0488,12496.8,False,231.43
a336df,AAL3137,United States,1773611144.0,1773611145,-90.2448,32.6246,10972.8,False,187.66
0d0866,VOI761,Mexico,1773611144.0,1773611145,-100.1438,26.0412,10972.8,False,229.91
ab8e6c,SKW5938,United States,1773611143.0,1773611144,-122.3861,37.6221,,True,3.86
aba8ff,SCX8711,United States,1773611144.0,1773611145,-88.3524,12.8568,11887.2,False,252.04
84657c,ANA987,Japan,1773611145.0,1773611145,139.9486,36.4667,7475.22,False,214.9
a589d5,EJA456,United States,1773611144.0,1773611144,-118.4062,35.1,12192.0,False,193.19
c05f01,JZA107,Canada,1773611145.0,1773611145,-75.7962,45.1633,1447.8,False,113.95
a06e20,N127EJ,United States,1773610912.0,1773610912,-82.5667,27.4056,38.1,False,54.57
a8b1f0,N66AR,United States,1773611140.0,1773611140,-90.7734,31.4642,2804.16,False,103.45
acf207,AAL1492,United States,1773611145.0,1773611145,-94.0107,35.0222,10972.8,False,188.61
a52951,N4311A,United States,1773611145.0,1773611145,-147.7802,64.8523,304.8,False,51.98
a37389,AAL3045,United States,1773611142.0,1773611144,-78.3458,29.4648,11277.6,False,239.29
a3e967,N351KB,United States,1773611145.0,1773611145,-91.719,31.2714,5097.78,False,120.43
ac188c,N879HZ,United States,1773611145.0,1773611145,-121.9017,37.5819,1097.28,False,46.44
a76909,GJS4548,United States,1773611143.0,1773611144,-77.5761,38.836,1516.38,False,127.18
ab7b67,N839SP,United States,1773611145.0,1773611145,-123.3374,44.516,457.2,False,46.71
a0be05,EDV5130,United States,1773611145.0,1773611145,-93.9202,35.1864,8130.54,False,237.2
a51633,LXJ427,United States,1773611145.0,1773611145,-94.4682,42.1342,12496.8,False,257.4
3006b5,DLA1KY,Italy,1773611144.0,1773611144,16.4001,51.1177,2346.96,False,134.61
a7da5f,FFT4135,United States,1773611144.0,1773611145,-79.3509,26.2911,6332.22,False,226.63
ad3872,AVA219,United States,1773611032.0,1773611143,-81.2971,28.434,,True,0.0
40768d,EZY87UW,United Kingdom,1773611145.0,1773611145,-2.0788,54.1813,8679.18,False,195.87
ad3870,DAL2193,United States,1773611145.0,1773611145,-82.2309,33.695,4488.18,False,211.79
ac5efa,SWA3997,United States,1773611145.0,1773611145,-83.35,29.6951,10363.2,False,232.7
0d0805,AMX595,Mexico,1773611145.0,1773611145,-95.2566,20.4382,12184.38,False,204.3
c05f0a,JZA184,Canada,1773611145.0,1773611145,-121.8139,49.1404,5745.48,False,221.43
7c3a3c,LSE,Australia,1773611144.0,1773611144,153.1041,-27.6549,533.4,False,41.42
a64955,PXT504,United States,1773611143.0,1773611143,-122.2148,37.7183,,True,12.35
7c6796,VOZ1232,Australia,1773611144.0,1773611144,152.0181,-26.2722,8839.2,False,195.59
ac65fb,SWA4493,United States,1773611027.0,1773611030,-117.2321,37.3469,11277.6,False,263.71
34744c,VLG9MC,Spain,1773611145.0,1773611145,3.3268,43.2931,9433.56,False,264.64
ab8260,N8401M,United States,1773611145.0,1773611145,-72.8439,41.1625,1234.44,False,80.47
a2b698,AAY538,United States,1773611145.0,1773611145,-84.9821,39.7702,10675.62,False,205.29
aa2701,AAL1606,United States,1773611111.0,1773611113,-71.0167,42.3562,,True,0.0
abd230,SWA287,United States,1773611144.0,1773611145,-86.6227,41.5351,10972.8,False,204.27
a6360b,SCM5,United States,1773611144.0,1773611144,-102.4799,39.5064,9753.6,False,111.3
a443e8,DAL360,United States,1773611007.0,1773611007,-84.4387,33.6376,,True,0.77
c05f0e,JZA160,Canada,1773611143.0,1773611143,-123.4015,49.2225,510.54,False,99.54
ab8266,N8401T,United States,1773611144.0,1773611144,-113.0536,40.794,2613.66,False,50.43
4791ac,NOZ2EV,Norway,1773607134.0,1773611145,24.4814,55.1032,12192.0,False,218.85
7c6782,VOZ1101,Australia,1773611145.0,1773611145,153.4127,-27.2379,1981.2,False,146.23
407687,EZY53HN,United Kingdom,1773611144.0,1773611144,1.5931,41.8673,8930.64,False,185.67
347454,IBE0441,Spain,1773611145.0,1773611145,-3.0776,42.1054,9144.0,False,190.23
407686,EZY42AH,United Kingdom,1773611145.0,1773611145,13.487,51.3398,11590.02,False,224.74
407689,EZY13TU,United Kingdom,1773610851.0,1773610852,-2.7209,51.386,,True,0.0
89909f,EVA206,Taiwan,1773611144.0,1773611145,116.5665,21.4147,11277.6,False,284.65
c05f09,JZA24,Canada,1773610956.0,1773610956,-117.9417,57.1499,10668.0,False,207.12
0d080e,SLI2604,Mexico,1773610883.0,1773610883,-99.2749,20.4711,9494.52,False,205.0
a2fcee,CNS12,United States,1773611144.0,1773611144,-82.5945,28.1433,1036.32,False,121.29
a7e178,PTJ8,United States,1773611144.0,1773611144,-121.1617,37.8466,373.38,False,74.05
400ceb,EFW3MG,United Kingdom,1773611043.0,1773611043,-0.1651,51.1543,,True,3.09
a76935,TCN577,United States,1773611144.0,1773611144,-113.3615,35.8642,8625.84,False,237.66
ad3893,N951CC,United States,1773611142.0,1773611143,-117.9492,35.5096,1699.26,False,48.48
e48987,GLO1999,Brazil,1773611144.0,1773611144,-46.464,-15.0985,10904.22,False,236.22
502dac,SWR1886,Latvia,1773611145.0,1773611145,18.2325,46.4914,10668.0,False,218.53
a9cc41,NKS584,United States,1773611145.0,1773611145,-81.6752,26.3067,3032.76,False,148.37
add667,AAL1832,United States,1773611144.0,1773611144,-104.6901,39.6289,2979.42,False,90.58
abdcfd,ASH6182,United States,1773611144.0,1773611144,-98.4123,26.6727,10454.64,False,248.7
c051cc,TSC612,Canada,1773611145.0,1773611145,-72.3198,45.0027,9540.24,False,224.28
a87696,N6441D,United States,1773611144.0,1773611144,-117.4038,46.6449,1356.36,False,57.07
a05b1a,UCA4932,United States,1773611145.0,1773611145,-77.3502,39.1366,2994.66,False,183.12
ad734a,JBU174,United States,1773611046.0,1773611046,-80.1948,26.0771,144.78,False,76.14
acb688,JLG918,United States,1773611140.0,1773611140,-111.048,29.0933,,True,0.0
a038fb,FFL1078,United States,1773611144.0,1773611145,-122.427,37.3437,1036.32,False,67.24
a3e8a3,N351BF,United States,1773611105.0,1773611108,-84.2145,39.6085,502.92,False,49.52
c051e4,ACA9XC,Canada,1773611134.0,1773611139,-73.7433,45.4604,,True,0.0
a74386,N56717,United States,1773610998.0,1773610998,-98.4545,29.7184,586.74,False,51.57
a2182e,WMN234,United States,1773611144.0,1773611144,-79.5077,34.1318,12496.8,False,253.83
47a743,NOZ418,Norway,1773611145.0,1773611145,9.8576,61.0403,10119.36,False,216.42
a145b7,EDV5250,United States,1773611142.0,1773611144,-73.7863,40.6236,,True,0.0
a48084,JNY39,United States,1773611145.0,1773611145,-94.2859,33.4344,13723.62,False,265.07
ac668d,SWA1057,United States,1773611144.0,1773611144,-97.179,30.0864,10363.2,False,193.0
a4e38f,LXJ414,United States,1773611145.0,1773611145,-96.4545,35.0521,13716.0,False,228.6
a9e65d,N737PM,United States,1773611145.0,1773611145,-117.508,33.7659,1188.72,False,48.22
a1f822,RPA5793,United States,1773611144.0,1773611144,-72.948,41.1896,7010.4,False,225.54
502da9,BTI98R,Latvia,1773608965.0,1773611143,16.8769,55.7727,10668.0,False,225.59
78029e,CSS111,China,1773611145.0,1773611145,9.5836,53.0985,9753.6,False,232.87
acb670,N918X,United States,1773610989.0,1773610994,-109.4699,34.0086,10652.76,False,201.42
ac4052,N889LV,United States,1773611143.0,1773611143,-74.1421,41.8503,2872.74,False,121.83
78029c,CYZ206,China,1773611145.0,1773611145,134.5082,34.4583,6248.4,False,176.68
ad7f96,SWA2643,United States,1773611145.0,1773611145,-103.0361,37.4694,8229.6,False,281.57
a1f81f,N226JM,United States,1773611145.0,1773611145,-122.3001,47.5273,,True,9.26
ad7f99,N969WR,United States,1773611142.0,1773611142,-115.7695,35.2216,5280.66,False,196.32
3a3cad,VT586,France,1773611145.0,1773611145,-148.8002,-16.8993,4876.8,False,138.7
750403,MXD206,Malaysia,1773611145.0,1773611145,101.7929,2.7922,2674.62,False,141.35
a06e71,RPA4348,United States,1773611145.0,1773611145,-74.0054,40.4232,3284.22,False,144.35
ac536c,SWA3379,United States,1773611145.0,1773611145,-95.7165,31.4922,7132.32,False,170.32
7c52fc,QLK428D,Australia,1773611144.0,1773611144,150.4111,-34.1131,4000.5,False,171.56
7c52fb,QLK160D,Australia,1773611144.0,1773611144,151.182,-33.9298,,True,1.54
a8bf5f,KAP821,United States,1773611144.0,1773611145,-70.8374,42.2401,1341.12,False,58.25
a97c49,CKS533,United States,1773611145.0,1773611145,-155.6108,60.3981,9441.18,False,262.09
c051ec,NOJ605,Canada,1773611140.0,1773611140,-64.3681,42.7584,10972.8,False,228.31
ae43dd,BGST343,United States,1773611144.0,1773611144,-102.3084,33.1223,7010.4,False,144.1
3c496e,TUI409,Germany,1773611145.0,1773611145,9.0981,52.2528,2148.84,False,135.65
add66c,DAL3063,United States,1773611139.0,1773611139,-88.693,30.7364,2705.1,False,134.96
a8bf72,VAR663,United States,1773611144.0,1773611144,-112.7071,33.4046,609.6,False,56.63
adb014,AAL2350,United States,1773611145.0,1773611145,-97.4688,28.6421,10972.8,False,217.99
a2a38e,UAL2127,United States,1773611145.0,1773611145,-80.916,35.6531,10668.0,False,281.3
a21833,RPA5809,United States,1773611145.0,1773611145,-83.772,40.2605,9761.22,False,258.88
50840a,UTN9126,Ukraine,1773611145.0,1773611145,30.862,35.1858,10972.8,False,232.71
ad10e9,ASA676,United States,1773611132.0,1773611137,-118.2421,38.9035,10363.2,False,197.01
aa60bb,ENY3596,United States,1773611144.0,1773611144,-82.2961,25.2018,7292.34,False,200.23
508429,SEU7356,Ukraine,1773611144.0,1773611144,26.3333,37.3007,10972.8,False,222.31
76cda8,SIA328,Singapore,1773611145.0,1773611145,76.6577,26.4101,11582.4,False,217.25
ad6040,DAL1550,United States,1773611145.0,1773611145,-81.0405,35.4493,9753.6,False,216.0
0a8040,GGT60,Bahamas,1773611145.0,1773611145,-98.2953,29.492,1287.78,False,125.39
ac538f,SWA835,United States,1773611144.0,1773611144,-94.1411,35.9715,11277.6,False,260.14
e40144,FAB2585,Brazil,1773611126.0,1773611126,-49.6531,-7.1963,12192.0,False,212.48
acf0da,AAL2747,United States,1773611145.0,1773611145,-105.2262,33.4335,10355.58,False,203.32
a25eee,N252AB,United States,1773611027.0,1773611077,-86.9968,30.6175,175.26,False,41.78
407630,EXS11MG,United Kingdom,1773611145.0,1773611145,-5.5766,54.5524,8785.86,False,214.1
8881de,VJC896,Viet Nam,,1773611142,,,11887.2,False,451.48
780da9,CSN487,China,1773611145.0,1773611145,-81.0937,44.8782,7406.64,False,237.36
a813aa,BYF30,United States,1773611144.0,1773611145,-122.2492,37.5106,,True,1.8
a385c8,DAL2008,United States,1773611145.0,1773611145,-111.9764,40.7836,,True,10.8
76cdb1,SIA479,Singapore,1773611145.0,1773611145,102.9304,0.8782,5402.58,False,195.63
ab58b2,DAL2205,United States,1773611145.0,1773611145,-101.2733,35.7767,10668.0,False,281.17
76cdb5,SIA388,Singapore,1773611144.0,1773611144,76.8824,30.6039,11582.4,False,240.66
a12bcd,OMD279,United States,1773611145.0,1773611145,-96.9496,43.6383,12504.42,False,254.77
76cdb2,SIA392,Singapore,1773611144.0,1773611144,84.1045,19.528,11582.4,False,234.63
a31216,UAL313,United States,1773611145.0,1773611145,-95.2949,30.0073,297.18,False,69.97
a62f93,UAL1255,United States,1773611144.0,1773611144,-117.1615,47.3622,3931.92,False,206.29
76cdb6,SIA352,Singapore,1773611145.0,1773611145,78.189,29.1085,10972.8,False,239.95
394a01,AFR50M,France,1773611144.0,1773611144,-77.4578,38.9482,,True,5.92
a670a3,DAL294,United States,1773611145.0,1773611145,-87.7834,41.1273,12192.0,False,243.42
a05b78,DAL2244,United States,1773611145.0,1773611145,-107.2358,41.4509,9448.8,False,252.19
a826e9,UPS94,United States,1773611145.0,1773611145,-86.3536,38.7565,8374.38,False,235.86
394a09,AFR256,France,1773611145.0,1773611145,20.3853,44.0289,9448.8,False,256.58
76cdad,SIA304,Singapore,1773611143.0,1773611143,75.4699,31.1285,11582.4,False,225.21
a06262,N12382,United States,1773610932.0,1773610936,-123.0036,44.9028,-38.1,False,29.84
c01761,WEN3491,Canada,1773611144.0,1773611144,-122.6482,49.2807,6111.24,False,140.74
76cdaf,SIA312,Singapore,1773611144.0,1773611145,73.552,27.8699,11582.4,False,221.18
c0174d,,Canada,1773611070.0,1773611070,-79.6329,43.6709,,True,7.2
0d06e5,SLI2711,Mexico,1773611144.0,1773611144,-97.9909,27.5887,11582.4,False,188.8
a4d040,NAC2765,United States,1773611144.0,1773611144,-154.1761,68.1146,11277.6,False,240.76
a86315,N64CA,United States,1773611145.0,1773611145,-111.6719,33.6495,731.52,False,45.99
76cdc2,SIA212,Singapore,1773611145.0,1773611145,149.7493,-33.5602,9067.8,False,230.85
a37eca,N324SP,United States,1773611144.0,1773611144,-123.1374,44.9527,1242.06,False,59.52
a6101d,N490AE,United States,1773611143.0,1773611143,-87.3194,39.4798,525.78,False,54.53
8881d7,VJC1806,Viet Nam,1773611145.0,1773611145,96.4847,15.2366,10058.4,False,261.08
a97c2d,N710BG,United States,1773611144.0,1773611144,-83.708,41.0068,13716.0,False,275.9
ab58c1,N830EC,United States,1773611144.0,1773611144,-89.9759,30.5327,10668.0,False,237.63
aa1345,N74846,United States,1773611077.0,1773611129,-86.4273,30.7081,792.48,False,50.97
394a12,AFR196,France,1773611145.0,1773611145,87.0164,23.5376,10668.0,False,272.84
add691,N991CE,United States,1773611145.0,1773611145,-82.9246,26.8632,10972.8,False,239.01
4ca565,RYR3TQ,Ireland,1773611144.0,1773611144,0.4135,42.2611,11277.6,False,246.11
a706ea,ASA1420,United States,1773611145.0,1773611145,-97.7182,32.5028,10668.0,False,251.81
ad10ec,AAL828,United States,1773611145.0,1773611145,-82.2098,34.3883,7734.3,False,247.31
a6e6e2,RDN088,United States,1773611144.0,1773611144,-96.6939,41.5414,11277.6,False,252.63
a6101e,N490AF,United States,1773611145.0,1773611145,-122.5534,38.7642,1280.16,False,54.37
a8d92f,XBKWW,United States,1773610980.0,1773610994,-116.9539,32.5323,274.32,False,34.07
a7f3c5,N611PL,United States,1773611145.0,1773611145,-114.9407,36.0538,3482.34,False,147.11
0d06f6,SLI2523,Mexico,1773611144.0,1773611144,-97.6283,18.5952,7924.8,False,207.38
a4e382,N414FJ,United States,1773611144.0,1773611144,-104.2946,39.617,12504.42,False,277.6
a3b05d,FFT2614,United States,1773611145.0,1773611145,-110.887,32.2442,3307.08,False,157.8
a385b2,N326ME,United States,1773610960.0,1773610961,-122.2182,47.4978,,True,0.06
a5fc87,EDV5416,United States,1773611144.0,1773611145,-81.0914,37.772,10675.62,False,269.57
a6235b,ASA1076,United States,1773611088.0,1773611088,-156.9033,21.1825,3489.96,False,208.04
a33859,N30626,United States,1773611138.0,1773611138,-98.9638,28.9865,1165.86,False,57.7
aa0c51,N7468N,United States,1773611042.0,1773611042,-111.9069,32.9997,480.06,False,37.36
a37ec4,AAL2047,United States,1773611112.0,1773611136,-73.8738,40.7763,,True,0.0
a37eb0,AAL2026,United States,1773611144.0,1773611144,-81.7954,25.418,10363.2,False,213.21
a85c3e,JBU1501,United States,1773611144.0,1773611144,-73.7843,40.6237,,True,25.72
a97c13,N710AF,United States,1773611144.0,1773611144,-97.382,29.8495,2080.26,False,76.48
adb04a,N981QS,United States,1773611100.0,1773611100,-73.7207,45.4711,,True,3.6
a13efc,N18GU,United States,1773611145.0,1773611145,-82.8353,42.0775,11894.82,False,261.4
aba8b2,N850PW,United States,1773611145.0,1773611145,-83.3192,37.2061,9448.8,False,177.95
a826f1,SKW5252,United States,1773610988.0,1773610989,-118.4074,33.9516,15.24,False,56.47
aa1f5a,SKW6385,United States,1773611145.0,1773611145,-88.8222,39.3007,10363.2,False,186.15
8881f5,VJC1802,Viet Nam,1773611144.0,1773611145,100.4785,13.7409,10675.62,False,255.26
a06e97,N127KC,United States,1773610884.0,1773610884,-111.8545,41.7842,,True,1.8
a33843,JBU2486,United States,1773611124.0,1773611126,-73.764,40.6336,-121.92,False,49.58
a4d04c,RPA4643,United States,1773611144.0,1773611144,-75.6462,39.8212,830.58,False,81.8
a86eb2,OLV642,United States,1773611144.0,1773611144,-82.1857,26.113,5394.96,False,168.54
781540,CES260,China,1773610523.0,1773611145,82.718,56.8211,11277.6,False,272.91
400d5a,BAW872,United Kingdom,1773611145.0,1773611145,19.0387,47.5607,1127.76,False,104.16
a92e10,N6907N,United States,1773611144.0,1773611144,-118.2047,33.8068,274.32,False,60.2
75046f,MAS039,Malaysia,1773611144.0,1773611144,102.6398,2.7924,6027.42,False,183.93
a62ee6,GTI8373,United States,1773611145.0,1773611145,-114.6153,50.8021,10058.4,False,316.9
a69869,GJS4390,United States,1773611145.0,1773611145,-76.1683,36.9421,518.16,False,116.57
a31e96,N30SN,United States,1773611144.0,1773611144,-81.3235,26.2354,4320.54,False,171.36
a5ae2f,SWA3283,United States,1773610856.0,1773610856,-104.6777,39.8613,,True,10.29
ac7941,N9022J,United States,1773611145.0,1773611145,-122.3119,38.2138,2468.88,False,44.35
899000,CAL063,Taiwan,1773611145.0,1773611145,82.0713,25.984,10972.8,False,226.98
a372e0,ENY3825,United States,1773611145.0,1773611145,-95.5914,38.2679,6294.12,False,242.06
a6ce36,ASA503,United States,1773611144.0,1773611144,-102.9979,32.5995,9753.6,False,202.62
ac7944,N9022M,United States,1773611065.0,1773611097,-81.1198,29.3235,144.78,False,30.19
a55e5c,N445N,United States,1773611144.0,1773611144,-112.6655,33.418,12893.04,False,195.52
a42b45,DAL2050,United States,1773611145.0,1773611145,-81.1614,39.8933,10660.38,False,259.86
c01734,ACA3,Canada,1773611093.0,1773611114,-127.4062,50.8507,9753.6,False,216.6
acaf0b,EDV5166,United States,1773611145.0,1773611145,-76.8174,42.9535,9448.8,False,260.62
a385ee,EDV4984,United States,1773611145.0,1773611145,-81.7023,41.4547,10058.4,False,260.27
aba956,N850WK,United States,1773611144.0,1773611144,-122.2601,39.0959,5539.74,False,181.63
ad36a8,SWA2594,United States,1773611145.0,1773611145,-99.4152,39.866,11887.2,False,259.01
aa38f3,N758NF,United States,1773610977.0,1773610977,-122.2186,47.5053,-91.44,False,2.12
ab5975,DAL267,United States,1773611143.0,1773611143,-73.3928,40.4827,861.06,False,130.38
a5521c,ASA1319,United States,1773611144.0,1773611144,-71.0123,42.3508,,True,3.34
a43e5e,UAL2270,United States,1773610964.0,1773611052,-97.6717,30.2003,,True,0.0
ac6622,SWA887,United States,1773611144.0,1773611144,-83.0226,39.9969,1584.96,False,119.95
a98eb4,SGX715,United States,1773611137.0,1773611145,-80.3891,36.5551,4251.96,False,202.81
ad7f11,PGR1969,United States,1773611144.0,1773611144,-113.7517,37.4417,10058.4,False,198.27
a18284,DAL753,United States,1773611144.0,1773611144,-112.9802,33.6325,10363.2,False,221.25
a4586b,N3796G,United States,1773611141.0,1773611144,-121.8569,39.6771,640.08,False,83.69
a42b32,DAL1693,United States,1773611144.0,1773611144,-85.8838,35.532,4892.04,False,159.76
aacfe9,SKW6095,United States,1773611092.0,1773611092,-87.8988,42.9408,,True,10.29
c01725,ACA33,Canada,1773611141.0,1773611141,151.1714,-33.9408,,True,0.0
a4453e,UAL1961,United States,1773611144.0,1773611144,-106.9029,40.518,8763.0,False,244.23
780e79,DKH1358,China,1773610942.0,1773610942,114.285,23.643,10096.5,False,251.66
780e6f,CSH850,China,1773611138.0,1773611140,113.915,23.4934,10088.88,False,249.82
ac4c21,SWA2180,United States,1773611143.0,1773611143,-82.5319,27.9839,,True,0.0
a7b8e1,N597RB,United States,1773611145.0,1773611145,-111.0799,32.3774,4823.46,False,168.71
780e6e,CSH862,China,1773611145.0,1773611145,115.6127,21.4804,10668.0,False,246.5
780235,CPA714,China,1773610940.0,1773610942,113.9338,22.3139,,True,0.0
a635da,KPO5,United States,1773611145.0,1773611145,-112.5314,39.8204,12184.38,False,245.53
a385da,AAY2599,United States,1773611145.0,1773611145,-76.6855,42.3952,6858.0,False,188.51
a43e60,UAL2451,United States,1773611144.0,1773611145,-100.3615,30.2503,10668.0,False,272.5
a7ee35,N61UP,United States,1773610856.0,1773610856,-75.1929,39.9506,15.24,False,6.55
780233,CPA037,China,1773611067.0,1773611067,114.0577,21.5265,4975.86,False,222.85
394a0c,AFR1M,France,1773611144.0,1773611144,-73.7842,40.6262,,True,6.69
4ca56d,RYR91BU,Ireland,1773611145.0,1773611145,-3.03,42.5345,10972.8,False,208.23
a44540,UAL1268,United States,1773611144.0,1773611145,-80.2124,30.8429,7315.2,False,160.63
4ca56c,RYR6ZN,Ireland,1773611145.0,1773611145,7.8453,43.1842,10911.84,False,217.03
c0173f,ACA1373,Canada,1773611144.0,1773611144,-82.4818,31.2207,10668.0,False,253.57
a768fd,LXJ577,United States,1773611144.0,1773611144,-81.4258,30.202,13708.38,False,227.72
ad7f42,N969TD,United States,1773611145.0,1773611145,-120.7715,36.9539,6697.98,False,125.73
4074b2,EZY37LP,United Kingdom,1773611145.0,1773611145,-3.0497,56.0575,1196.34,False,83.58
aba94f,N850WC,United States,1773611143.0,1773611144,-112.4445,37.3879,9448.8,False,182.94
4ca56b,RYR4KJ,Ireland,1773611145.0,1773611145,-0.6224,39.1525,11277.6,False,220.72
ac7968,AAL2443,United States,1773611144.0,1773611144,-92.1483,35.3156,11894.82,False,256.22
4074b5,EZY12WT,United Kingdom,1773611145.0,1773611145,3.6906,47.9883,11590.02,False,214.68
4074b6,EZY68WG,United Kingdom,1773611145.0,1773611145,4.7883,47.7953,11590.02,False,217.63
a6ce58,EDV5152,United States,1773611144.0,1773611144,-83.0131,35.8656,9151.62,False,217.48
c01755,ACA2,Canada,1773611144.0,1773611144,-79.6306,43.6523,281.94,False,73.87
c01753,ACA112,Canada,1773611145.0,1773611145,-97.9109,49.1725,10668.0,False,269.09
750459,AXM14,Malaysia,1773611144.0,1773611144,100.7024,3.4109,5913.12,False,189.78
abefba,SWA8831,United States,1773611145.0,1773611145,-107.304,32.091,12496.8,False,255.49
ab5993,AAL1988,United States,1773611131.0,1773611145,-93.2568,32.3283,6705.6,False,181.84
a80e46,UPS5966,United States,1773611144.0,1773611144,-96.1654,40.4003,10363.2,False,241.11
c01759,ACA923,Canada,1773611143.0,1773611143,-88.6433,32.677,11277.6,False,278.06
acc955,CNS423,United States,1773611144.0,1773611145,-81.6508,33.0986,3360.42,False,135.69
a622bc,ASA1429,United States,1773611144.0,1773611144,-116.3885,33.3827,7376.16,False,219.02
04020b,SKK074,Ethiopia,1773611130.0,1773611133,28.111,-26.341,2339.34,False,85.1
7c050f,A99,Australia,1773611145.0,1773611145,150.8643,-33.7557,1005.84,False,69.79
a6988a,N524HS,United States,1773611145.0,1773611145,-112.7628,33.2316,3200.4,False,73.72
ad36c8,AAL2915,United States,1773611144.0,1773611144,-82.6898,29.907,9448.8,False,241.28
a7b8d7,EJA597,United States,1773611142.0,1773611142,-74.0624,40.8507,,True,4.12
ac5f67,CXK1057,United States,1773611144.0,1773611145,-111.7028,33.2855,914.4,False,56.4
75045c,AYG8812,Malaysia,1773611145.0,1773611145,102.7931,2.7981,7505.7,False,203.25
abdcb7,ASH3986,United States,1773611145.0,1773611145,-98.5401,30.9358,8839.2,False,258.77
a44533,DAL1764,United States,1773611143.0,1773611145,-77.936,27.0743,10972.8,False,210.03
ac6645,SWA2218,United States,1773611144.0,1773611144,-105.4154,38.5937,8534.4,False,256.53
78023d,CPA140,China,1773610931.0,1773610931,116.1792,7.9602,10363.2,False,255.8
a2189e,N234NX,United States,1773611141.0,1773611141,-106.1805,43.1828,3246.12,False,54.65
ad2fd0,AAL948,United States,1773611144.0,1773611144,-83.6957,37.9202,11582.4,False,196.84
040211,ETH697,Ethiopia,1773611144.0,1773611144,77.973,13.2289,9128.76,False,216.1
a1f890,N226P,United States,1773611144.0,1773611144,-114.8742,34.9832,8839.2,False,136.69
ab80a2,N840JA,United States,1773611142.0,1773611142,-117.2441,34.1033,,True,7.72
ac5326,SWA4192,United States,1773611145.0,1773611145,-79.2175,36.8805,10980.42,False,204.55
ac5f5f,ASA743,United States,1773611144.0,1773611145,-121.1043,42.7398,11277.6,False,267.18
abefdd,SWA9004,United States,1773611144.0,1773611144,-122.4587,47.3307,2484.12,False,142.37
7c52f8,QLK581D,Australia,1773611144.0,1773611144,138.0615,-34.9431,4053.84,False,120.35
a4f5a0,ASA450,United States,1773611004.0,1773611006,-82.8719,40.0012,388.62,False,86.65
a3e8dc,DAL1820,United States,1773611145.0,1773611145,-85.2865,28.1074,10668.0,False,222.12
75043e,AXM112,Malaysia,1773610922.0,1773610922,104.9712,4.5132,10812.78,False,244.18
ab80b2,JRE840,United States,1773611145.0,1773611145,-95.8683,29.6559,2804.16,False,160.89
ae093f,GRZLY39,United States,1773611144.0,1773611145,-117.8197,35.6916,11582.4,False,176.82
ab2c72,SCX419,United States,1773611145.0,1773611145,-92.4484,42.8597,10668.0,False,203.33
a515ad,AAL3168,United States,1773611144.0,1773611144,-77.3463,36.3639,10066.02,False,252.27
acc961,DAL2545,United States,1773611144.0,1773611144,-83.4809,35.0407,7520.94,False,208.73
78158e,,China,1773611142.0,1773611142,90.6413,55.8858,10363.2,False,215.63
a9cc7a,EJA730,United States,1773611144.0,1773611144,-90.5345,38.627,13708.38,False,250.56
acc960,,United States,,1773611118,,,,False,2.83
ac6668,SWA2327,United States,1773611144.0,1773611145,-111.6968,33.3183,2209.8,False,112.28
a50ed9,TIV425,United States,1773611142.0,1773611142,-122.2124,37.7298,,True,0.0
a44591,DAL736,United States,1773611144.0,1773611145,-106.9403,39.9832,9753.6,False,195.77
750449,MAS88,Malaysia,1773611144.0,1773611145,140.8019,35.4419,2522.22,False,96.19
ab93db,EJA845,United States,1773611145.0,1773611145,-121.5053,47.8743,3253.74,False,140.01
a9839c,NJM712,United States,1773611107.0,1773611116,-85.5696,42.8736,556.26,False,63.6
abdcdc,ASH6139,United States,1773611045.0,1773611045,-95.3025,29.9935,243.84,False,74.08
a3cee7,N34426,United States,1773611138.0,1773611138,-86.5751,31.0045,944.88,False,51.42
a7b8a1,JIA5583,United States,1773611027.0,1773611027,-97.0348,32.8852,,True,4.89
abdcda,ASH6190,United States,1773611145.0,1773611145,-80.2433,40.2486,9448.8,False,250.64
34134d,IBE0591,Spain,1773611144.0,1773611144,-1.7098,44.0061,10965.18,False,208.95
3c70c9,GEC8386,Germany,1773611144.0,1773611145,23.6065,45.3433,9448.8,False,239.74
ac6679,N89877,United States,1773611145.0,1773611145,-123.11,45.6069,243.84,False,43.52
a9969b,FFT1358,United States,1773611144.0,1773611144,-115.8124,35.5408,4145.28,False,169.48
abe3c8,SWA2997,United States,1773611145.0,1773611145,-83.474,40.801,10904.22,False,206.14
a14700,UAL336,United States,1773611144.0,1773611144,-94.4605,44.3755,10668.0,False,257.37
a31e9b,N30ST,United States,1773610942.0,1773610942,-81.7882,26.141,76.2,False,54.99
a4f5c7,N419CF,United States,1773611143.0,1773611143,-97.1457,32.2086,655.32,False,50.37
a5f09a,LXJ482,United States,1773611144.0,1773611144,-111.0766,36.1621,13106.4,False,210.0
aab0ba,SWA2821,United States,1773611145.0,1773611145,-84.8767,33.2396,2453.64,False,163.03
acfcc2,N936JG,United States,1773608884.0,1773611142,-119.0409,35.4262,,True,0.0
a2fe8f,SKW3777,United States,1773611138.0,1773611138,-111.977,40.7894,,True,3.6
a9e67b,N737QS,United States,1773611144.0,1773611144,-75.0087,36.9209,12489.18,False,262.93
a7081a,DAL894,United States,1773611144.0,1773611144,-116.9604,32.6667,4678.68,False,186.25
a55218,AAL1763,United States,1773611019.0,1773611019,-111.9971,33.4368,,True,0.0
a648e1,CSI504,United States,1773611028.0,1773611028,-97.8182,30.989,647.7,False,67.87
acc985,N923CD,United States,1773611145.0,1773611145,-84.0767,31.8671,2606.04,False,96.48
4074e4,BAW22B,United Kingdom,1773611144.0,1773611144,-63.0226,49.4922,12192.0,False,215.07
06e00f,RWD711,Rwanda,1773611145.0,1773611145,3.5343,44.2446,11277.6,False,260.24
750424,MXD178,Malaysia,1773611097.0,1773611103,142.7612,-34.843,10363.2,False,216.26
479227,NOZ11G,Norway,1773611145.0,1773611145,4.3016,55.005,10668.0,False,259.35
ad6c3b,AAL1916,United States,1773610842.0,1773610844,-59.9165,13.8451,6240.78,False,220.61
a0275c,AAL3085,United States,1773611143.0,1773611144,-110.067,38.9312,10668.0,False,202.38
a074bc,N1287E,United States,1773611145.0,1773611145,-118.7669,34.1584,1188.72,False,56.41
c05494,CGGAT,Canada,1773611088.0,1773611088,-75.9259,45.4361,175.26,False,19.55
ab838e,N84099,United States,1773611145.0,1773611145,-123.1379,38.8418,2537.46,False,60.52
a862e8,N64AF,United States,1773611135.0,1773611135,-73.1783,44.4758,289.56,False,45.38
aaa05d,N784LA,United States,1773611144.0,1773611144,-74.2085,40.9994,1249.68,False,32.25
4cafc4,RYR58YJ,Ireland,1773611145.0,1773611145,-1.586,52.973,4724.4,False,143.47
ad1365,CAP824,United States,1773611144.0,1773611144,-82.5788,27.3123,739.14,False,43.12
a5a278,EJA462,United States,1773611134.0,1773611142,-84.2162,40.037,899.16,False,70.49
c05488,JZA7982,Canada,1773611144.0,1773611145,-74.391,45.9558,3703.32,False,126.4
ab839d,AAL2296,United States,1773611145.0,1773611145,-87.0283,37.5681,11887.2,False,288.3
3474cd,WFL8623,Spain,1773611144.0,1773611145,79.2696,28.415,11887.2,False,265.22
4cafcc,SAS1558,Ireland,1773611145.0,1773611145,16.1886,59.4285,8153.4,False,233.98
4cafcd,SAS588,Ireland,1773611145.0,1773611145,3.1135,50.4485,11582.4,False,252.55
ad6cfc,N964WF,United States,1773610873.0,1773610873,-121.9678,36.9724,381.0,False,60.77
4cafca,MSA9784,Ireland,1773611144.0,1773611144,10.164,43.2085,9776.46,False,219.28
a00d5b,AAL238,United States,1773611145.0,1773611145,-78.3295,41.7089,10668.0,False,258.85
a8b2e8,N66LP,United States,1773611143.0,1773611144,-115.0155,36.268,853.44,False,20.81
0c21b7,CMP240,Panama,1773611127.0,1773611135,-80.5722,14.6498,10363.2,False,233.1
0c21b6,CMP229,Panama,1773611144.0,1773611144,-87.5673,35.6124,10972.8,False,198.64
a01459,N104JA,United States,1773611143.0,1773611144,-112.7607,42.278,2956.56,False,53.39
a742ec,SWA547,United States,1773611144.0,1773611144,-121.9261,37.3656,,True,0.0
a26738,JSX177,United States,1773611145.0,1773611145,-122.2182,37.7067,,True,13.38
400f02,EZY81NL,United Kingdom,1773611144.0,1773611145,-0.7711,46.2555,11597.64,False,211.99
a91b40,VYR686,United States,1773611145.0,1773611145,-98.112,44.9053,10972.8,False,212.15
717c83,SVA260,Saudi Arabia,1773611145.0,1773611145,31.3087,30.5251,10675.62,False,231.74
44d1a5,TFL4AK,Belgium,1773611145.0,1773611145,-2.7046,45.5441,11582.4,False,228.0
a80287,NKS3006,United States,1773611145.0,1773611145,-79.5664,35.3857,10660.38,False,230.04
89916c,CAL073,Taiwan,1773611144.0,1773611144,84.3105,25.1511,11582.4,False,211.98
781602,CES788,China,1773611145.0,1773611145,13.2778,47.7249,10972.8,False,247.62
a12d10,N175PL,United States,1773611145.0,1773611145,-99.5559,27.3447,7620.0,False,150.65
71c012,JNA501,Republic of Korea,1773611135.0,1773611145,126.6981,35.0896,6096.0,False,195.24
a9e5ac,N737GK,United States,1773610985.0,1773610985,-115.198,36.2106,,True,3.86
a8b2b6,N66JP,United States,1773611100.0,1773611142,-120.672,35.3029,579.12,False,62.45
0c21a3,CMP394,Panama,1773611125.0,1773611125,-80.6226,15.1929,10668.0,False,232.22
4ba9e4,THY735,Turkey,1773611145.0,1773611145,50.231,22.4012,10972.8,False,195.27
0c21a8,CMP765,Panama,1773611138.0,1773611140,-75.1631,4.42,10668.0,False,235.29
0c21a7,CMP423,Panama,1773611144.0,1773611145,-75.3016,3.8438,10668.0,False,232.52
71c010,KAL646,Republic of Korea,1773611144.0,1773611144,121.0401,22.0131,10668.0,False,287.11
4ba9e1,THY7CG,Turkey,1773611144.0,1773611144,28.7695,41.987,5623.56,False,186.8
71c009,KAL085,Republic of Korea,1773611144.0,1773611144,-89.5536,48.8913,10668.0,False,260.77
a7e24a,EDV5013,United States,1773611145.0,1773611145,-73.4845,40.3597,5265.42,False,210.52
71c008,KAL908,Republic of Korea,1773611145.0,1773611145,26.2916,44.9814,10058.4,False,250.57
4cafb3,RYR7389,Ireland,1773611145.0,1773611145,-9.1256,41.7897,10972.8,False,203.28
4ba9f6,THY6542,Turkey,1773611144.0,1773611144,28.4867,42.3348,7970.52,False,213.41
71c000,TWB102,Republic of Korea,1773611145.0,1773611145,120.8947,25.1839,11277.6,False,259.77
502d27,BTI2WK,Latvia,1773611144.0,1773611144,18.4328,57.449,8839.2,False,231.36
a4dbef,DAL46,United States,1773611144.0,1773611144,-73.7794,40.6338,,True,5.66
a742c2,AAL3006,United States,1773611138.0,1773611143,-97.0456,32.8971,,True,0.0
a0b1ab,N144BF,United States,1773610846.0,1773610847,-70.7431,41.9203,30.48,False,26.23
502d3f,BTI3U9,Latvia,1773611145.0,1773611145,23.7023,57.9576,7589.52,False,213.92
406fdb,EZY78WC,United Kingdom,1773611144.0,1773611144,-8.6973,41.4125,1905.0,False,128.13
406fda,EZY89WL,United Kingdom,1773611145.0,1773611145,-3.5017,50.9039,5059.68,False,170.65
a2a429,N27AF,United States,1773611143.0,1773611144,-108.3582,43.7119,12329.16,False,287.84
a5c895,AAL1018,United States,1773611145.0,1773611145,-102.2317,32.2328,10066.02,False,264.07
a55e9f,EJM445,United States,1773611145.0,1773611145,-115.9887,35.4767,12496.8,False,213.03
a17ad2,AVA9341,United States,1773611108.0,1773611108,-73.6858,5.5444,8069.58,False,205.57
ad0074,JBU688,United States,1773611142.0,1773611145,-103.3575,42.0106,10066.02,False,243.32
c81838,ZKKSD,New Zealand,1773611080.0,1773611080,174.45,-36.6349,289.56,False,46.31
899160,CAL061,Taiwan,1773611144.0,1773611144,78.5039,29.019,11582.4,False,233.61
47a7a8,NOZ1055,Norway,1773609674.0,1773611141,20.5178,55.2357,11590.02,False,4.12
a48d25,N3924K,United States,1773611107.0,1773611114,-117.6221,33.9758,213.36,False,43.74
a2544a,N24932,United States,1773611144.0,1773611145,-118.4734,34.2063,487.68,False,47.87
a9f8e8,N7412J,United States,1773611145.0,1773611145,-117.5739,33.9591,518.16,False,39.38
06a38c,QTR3271,Qatar,1773611144.0,1773611144,6.6515,49.5952,11277.6,False,262.64
44d1a2,JAF32A,Belgium,1773611144.0,1773611144,-1.1262,47.009,10972.8,False,224.93
a91b2b,TAI583,United States,1773611145.0,1773611145,-79.7705,37.6567,9616.44,False,211.49
502d47,ASL11N,Latvia,1773611145.0,1773611145,13.4129,53.0966,11277.6,False,232.69
a0144e,RPA4384,United States,1773611144.0,1773611144,-77.1207,39.0525,1463.04,False,131.73
a02792,EJA109,United States,1773611145.0,1773611145,-103.7805,38.2399,13098.78,False,224.12
a29aa5,SKW3851,United States,1773611144.0,1773611144,-121.9294,37.3685,,True,0.0
4076b1,TOM8BH,United Kingdom,1773611144.0,1773611144,-8.9691,42.7713,10980.42,False,219.96
c04d98,JZA7947,Canada,1773610892.0,1773610892,-65.7452,48.4775,10363.2,False,184.16
a8c5a5,N6641W,United States,1773611145.0,1773611145,-121.343,38.3675,2865.12,False,94.11
a2b739,N274VF,United States,1773611145.0,1773611145,-76.5662,42.086,2865.12,False,64.91
a6e89f,AAL1456,United States,1773611142.0,1773611142,-97.0356,32.886,,True,7.72
7000a5,KMF9012,Afghanistan,1773611144.0,1773611145,29.0206,40.9476,5189.22,False,207.35
a6e89b,DAL1167,United States,1773611145.0,1773611145,-83.4242,29.8957,9631.68,False,235.87
a06dfd,FRG743,United States,1773611144.0,1773611144,-96.4608,30.6761,7924.8,False,127.67
89913f,EVA050,Taiwan,1773611144.0,1773611145,-121.0152,46.5555,11887.2,False,298.17
a9dea0,N735LH,United States,1773611133.0,1773611133,-122.2152,47.486,,True,5.14
a12d67,SKW3301,United States,1773611143.0,1773611144,-105.1747,31.538,9144.0,False,205.57
75049f,AXM38,Malaysia,1773611144.0,1773611145,101.7981,2.5,800.1,False,128.37
ac05b3,FDX978,United States,1773611145.0,1773611145,-99.0028,36.5126,10972.8,False,212.99
4caff7,RYR54QG,Ireland,1773611145.0,1773611145,8.5285,44.6637,11277.6,False,250.51
407797,EZY23YM,United Kingdom,1773611144.0,1773611144,-0.099,52.0857,1981.2,False,132.63
c05411,CGFVS,Canada,1773611145.0,1773611145,-79.7299,43.0497,708.66,False,36.03
3964ec,TVF12GR,France,1773610901.0,1773610907,2.4018,48.7274,91.44,False,66.78
8990a5,CAL5382,Taiwan,1773611145.0,1773611145,-80.4695,25.7796,815.34,False,88.04
407796,EZY65MR,United Kingdom,1773611145.0,1773611145,9.6265,51.589,11574.78,False,220.88
01024c,MSC2916,Egypt,1773611143.0,1773611143,21.6935,39.0932,10965.18,False,210.53
7503fd,AXM64,Malaysia,1773611126.0,1773611126,101.5661,2.5128,1821.18,False,143.75
a8c713,N665CW,United States,1773611145.0,1773611145,-121.8645,37.8673,1645.92,False,68.5
71c080,HL8080,Republic of Korea,1773611113.0,1773611113,-74.1696,40.6952,,True,2.83
3964ef,TVF73KC,France,1773611119.0,1773611121,2.4027,48.7276,99.06,False,69.89
a23a71,CXK188,United States,1773611145.0,1773611145,-111.6821,33.3277,769.62,False,37.59
a697db,ASA6,United States,1773611145.0,1773611145,-104.8739,42.4492,10668.0,False,211.49
a697da,N524AR,United States,1773611145.0,1773611145,-117.907,34.0926,1043.94,False,51.74
8990a0,CAL5138,Taiwan,1773611144.0,1773611145,-122.1667,36.0487,11277.6,False,251.34
a54aaa,AAL3079,United States,1773611144.0,1773611145,-87.0348,44.7117,10363.2,False,208.47
a79dad,TWY590,United States,1773611144.0,1773611145,-73.4474,41.1854,1089.66,False,127.72
407793,EZY14DB,United Kingdom,1773611144.0,1773611144,-4.2424,45.9333,11582.4,False,219.91
a1349d,EJA177,United States,1773611145.0,1773611145,-85.2482,41.7776,6263.64,False,234.07
a431af,N37CL,United States,1773611144.0,1773611144,-73.9869,40.8745,297.18,False,74.0
407794,EZY89KJ,United Kingdom,1773611144.0,1773611145,11.1372,49.7135,11597.64,False,222.92
c017d7,ASP822,Canada,1773611144.0,1773611144,-94.3938,51.5128,12192.0,False,220.87
a54aae,ASA1435,United States,1773611145.0,1773611145,-119.9382,34.9681,10972.8,False,212.89
a00199,N1SG,United States,1773611145.0,1773611145,-88.383,29.5515,10568.94,False,205.78
aba9e7,SWA3643,United States,1773611144.0,1773611144,-85.3316,36.052,11582.4,False,191.62
a3746d,N3210P,United States,1773611145.0,1773611145,-96.4262,30.6325,3916.68,False,67.39
71c079,AAR212,Republic of Korea,1773611131.0,1773611131,-125.6932,40.7294,11277.6,False,275.13
010256,LMU627,Egypt,1773611144.0,1773611145,21.9899,49.4592,11590.02,False,230.74
010259,MSC820,Egypt,1773611145.0,1773611145,22.3708,37.0142,11277.6,False,254.81
a3b11e,AAL2089,United States,1773611145.0,1773611145,-80.744,34.6721,10668.0,False,238.35
ac4ca8,SWA2441,United States,1773611142.0,1773611144,-97.6778,30.1988,,True,11.32
a4943f,UAL2852,United States,1773611144.0,1773611145,-80.107,25.7447,1516.38,False,138.03
ad6ca0,N964SP,United States,1773611145.0,1773611145,-97.436,30.8386,1767.84,False,48.69
a63774,N5YR,United States,1773611143.0,1773611144,-85.4223,32.6412,556.26,False,42.63
ac66d5,DAL2814,United States,1773611144.0,1773611144,-79.6773,42.3304,10066.02,False,252.98
01023b,MSC2932,Egypt,1773611144.0,1773611144,25.6762,38.6065,10980.42,False,222.86
a4dd65,AAL386,United States,1773611144.0,1773611144,-84.2097,43.9427,9761.22,False,225.24
aa153f,ASI560,United States,1773611145.0,1773611145,-112.3275,33.7565,1341.12,False,51.95
c04d0a,WEN3521,Canada,1773611144.0,1773611144,-105.356,50.5343,6103.62,False,134.83
a36130,DAL2785,United States,1773611144.0,1773611144,-74.0551,40.2037,10668.0,False,249.5
86803b,SKY511,Japan,1773611145.0,1773611145,139.7915,35.5339,,True,7.72
a23a80,N2425M,United States,1773611145.0,1773611145,-116.7201,32.9152,1463.04,False,38.24
aad96c,N79893,United States,1773611144.0,1773611144,-121.5299,38.0114,762.0,False,42.85
a60a1c,VAR489,United States,1773610908.0,1773611144,-111.3435,32.6287,1470.66,False,71.2
a1d1d0,SWA136,United States,1773611145.0,1773611145,-107.6398,35.0256,9311.64,False,210.59
40643b,EZY94XU,United Kingdom,1773611145.0,1773611145,-3.3753,53.4257,10043.16,False,244.42
40643a,EZY32WK,United Kingdom,1773611145.0,1773611145,-8.5586,42.0891,6827.52,False,189.31
a3612a,DAL638,United States,1773611145.0,1773611145,-81.2873,36.2497,10972.8,False,208.81
4b8399,0000,Turkey,1773611145.0,1773611145,27.2917,37.5553,4572.0,False,42.3
40643c,EZY26QB,United Kingdom,1773611144.0,1773611144,-3.9028,46.5038,11582.4,False,206.37
a23a6c,N24242,United States,1773611145.0,1773611145,-118.1932,34.0252,350.52,False,20.54
34628d,IBE0118,Spain,1773611145.0,1773611145,-38.5284,-4.9697,11285.22,False,253.96
a49441,UAL2690,United States,1773611143.0,1773611144,-95.2562,29.9936,464.82,False,80.25
010248,NIA7499,Egypt,1773611144.0,1773611145,18.6027,44.7472,11277.6,False,232.74
ac79ef,N9027H,United States,1773611145.0,1773611145,-121.1489,38.9542,1584.96,False,50.77
a5ea08,EJA480,United States,1773611145.0,1773611145,-103.8891,33.2187,13106.4,False,196.64
010249,SVI3655,Egypt,,1773611145,,,6400.8,False,508.13
a1caf4,N21412,United States,1773610890.0,1773610890,-73.432,40.7418,-22.86,False,36.06
c06738,WJA2817,Canada,1773611144.0,1773611144,-82.5382,32.0475,11277.6,False,228.83
c80578,VOL03,New Zealand,1773611132.0,1773611133,176.3162,-38.0731,518.16,False,43.66
ac53b2,SWA335,United States,1773611144.0,1773611145,-91.4788,35.0689,10972.8,False,209.87
406445,EZY97DU,United Kingdom,1773611144.0,1773611144,4.2234,51.8308,10363.2,False,208.37
406444,EZY62YE,United Kingdom,1773611144.0,1773611144,7.227,47.6456,11597.64,False,222.02
a00171,N1QS,United States,1773611144.0,1773611144,-149.5661,-17.0892,1546.86,False,49.14
3964e0,TVF52VN,France,1773611144.0,1773611145,-1.4837,46.7322,3436.62,False,119.38
010282,LMU611,Egypt,1773611145.0,1773611145,29.6388,41.1685,10180.32,False,240.24
010281,,Egypt,,1773610988,,,,False,247.15
406440,EZY64GJ,United Kingdom,1773611144.0,1773611144,-2.2701,51.4532,1943.1,False,123.99
40775c,RUK60WZ,United Kingdom,1773611144.0,1773611144,-5.3963,48.7286,10980.42,False,210.51
7801c7,CPA953,China,1773611087.0,1773611087,113.7264,22.1796,1051.56,False,101.32
a1479f,N1816T,United States,1773611145.0,1773611145,-75.0644,40.095,518.16,False,61.86
3964e8,TVF7309,France,1773611145.0,1773611145,4.4424,40.8161,12192.0,False,204.02
868088,SKY001,Japan,1773611144.0,1773611144,138.8786,35.6788,10104.12,False,187.76
ad73a9,AAL1534,United States,1773611144.0,1773611144,-101.8236,44.0859,10668.0,False,246.11
aabf80,AAL9606,United States,1773611142.0,1773611142,-97.0469,32.896,,True,0.06
c017ed,JZA881,Canada,1773611133.0,1773611133,-79.6083,43.6745,,True,8.23
ac1988,UAL1728,United States,1773611143.0,1773611143,-102.9071,37.1668,11269.98,False,205.49
71c098,TWB701,Republic of Korea,1773611144.0,1773611144,126.8293,36.3087,6096.0,False,198.83
a36110,ABX1445,United States,1773611144.0,1773611145,-81.7211,34.7294,12496.8,False,234.65
a85d1b,SKW5422,United States,1773611145.0,1773611145,-115.449,35.2244,9144.0,False,244.93
a4ca56,N40798,United States,1773611144.0,1773611144,-118.5156,34.1584,708.66,False,42.58
01025f,RSX3123,Egypt,1773611145.0,1773611145,21.3785,48.8218,10972.8,False,221.8
4241c9,VPCSN,United Kingdom,1773611144.0,1773611145,18.2043,46.9601,11277.6,False,232.65
ac4ccf,N892AN,United States,1773611145.0,1773611145,-103.1939,35.0228,8564.88,False,247.65
c06751,WJA2582,Canada,1773611143.0,1773611144,-78.1389,35.1406,11582.4,False,220.91
a1caba,N2140D,United States,1773611145.0,1773611145,-120.3341,34.6525,1402.08,False,74.05
a26793,ENY4334,United States,1773611145.0,1773611145,-97.0965,37.1064,3680.46,False,142.55
a73d45,ASA90,United States,1773611145.0,1773611145,-125.2756,49.4794,9753.6,False,194.88
3ce690,PTN82X,Germany,1773611145.0,1773611145,-4.4618,55.4635,678.18,False,56.29
010263,MSC2981,Egypt,1773611110.0,1773611112,25.8867,35.5657,10668.0,False,254.34
010266,MSC2912,Egypt,1773611144.0,1773611144,27.3814,37.459,10972.8,False,224.63
3007f2,DLA39H,Italy,1773611127.0,1773611132,15.4431,46.9964,,True,0.0
ade9c0,JBU2301,United States,1773611145.0,1773611145,-75.4643,37.4709,10370.82,False,213.52
71c089,JJA2504,Republic of Korea,1773611145.0,1773611145,121.2088,25.4577,10058.4,False,256.12
3951c1,AFR6740,France,1773611145.0,1773611145,-7.4599,51.8776,9753.6,False,191.4
ac4cd4,DAL2037,United States,1773611144.0,1773611145,-84.4281,33.6436,,True,0.0
7c4209,VOZ9454,Australia,1773611140.0,1773611140,115.9706,-31.9442,,True,0.0
71c084,KAL432,Republic of Korea,1773611144.0,1773611144,126.7838,34.1584,12496.8,False,254.57
a0017b,N1RB,United States,1773611144.0,1773611144,-115.7591,36.0616,11582.4,False,218.57
abf96c,SWA2016,United States,1773611145.0,1773611145,-114.1198,32.777,10363.2,False,228.13
7c4e55,PRB,Australia,1773611145.0,1773611145,151.7577,-27.4138,899.16,False,52.51
c06758,SYB2166,Canada,1773611145.0,1773611145,-113.9079,51.3242,2133.6,False,102.66
a5adf1,UAL2411,United States,1773611144.0,1773611144,-83.4828,29.7447,9753.6,False,227.42
a9d2f2,N732EW,United States,1773611143.0,1773611144,-119.719,35.9956,1935.48,False,69.86
01020a,MSR648,Egypt,1773611143.0,1773611144,32.5586,29.6372,6560.82,False,165.46
a4dd19,N412RV,United States,1773611009.0,1773611009,-122.7718,45.2374,-15.24,False,31.59
ab967b,DAL1899,United States,1773611145.0,1773611145,-77.6866,34.7156,8229.6,False,259.6
7503c2,MXD820,Malaysia,1773611145.0,1773611145,127.1319,34.4042,10668.0,False,231.57
ab7c74,N8392N,United States,1773611144.0,1773611144,-118.2083,34.879,3200.4,False,77.53
ac53be,SKW6032,United States,1773610928.0,1773610928,-122.3848,37.6197,,True,0.0
a75710,JIA5528,United States,1773611145.0,1773611145,-95.2609,37.3488,10363.2,False,205.4
a8028a,JIA5085,United States,1773611144.0,1773611144,-77.0353,38.8295,228.6,False,83.23
a55db1,N445FD,United States,1773611144.0,1773611144,-92.0559,35.8506,12542.52,False,212.75
aa88d2,AAL3328,United States,1773611144.0,1773611144,-83.5258,29.9963,10668.0,False,235.89
acff5c,CXK579,United States,1773611145.0,1773611145,-117.8073,34.0868,518.16,False,37.08
c06709,ACA334,Canada,1773611142.0,1773611142,-73.7532,45.4671,,True,10.8
ac066b,AAL898,United States,1773611145.0,1773611145,-82.6517,30.7228,10058.4,False,235.29
71c031,JJA1401,Republic of Korea,1773611145.0,1773611145,126.3941,37.2279,5768.34,False,219.08
aca3a3,AAL1015,United States,1773611015.0,1773611015,-112.0008,33.4371,,True,0.77
a564a8,LKF44,United States,1773611145.0,1773611145,-85.9356,38.0391,13716.0,False,227.71
717c94,KNE698,Saudi Arabia,1773611002.0,1773611002,31.6695,29.2373,10058.4,False,235.95
ad398c,N951NB,United States,1773611016.0,1773611016,-116.8251,47.777,,True,2.83
a577d4,SWA2289,United States,1773611144.0,1773611145,-78.1906,35.3345,8534.4,False,221.85
7503d6,MXD823,Malaysia,1773611143.0,1773611144,126.1382,34.0856,10363.2,False,217.24
a35a98,ENY4095,United States,1773611145.0,1773611145,-97.5261,34.7965,8092.44,False,237.19
ac9018,N9086K,United States,1773610842.0,1773610842,-119.7751,39.1819,1676.4,False,45.25
a05c0d,N122KM,United States,1773611144.0,1773611144,-120.7675,37.7375,274.32,False,46.31
a35a92,DAL2902,United States,1773611145.0,1773611145,-78.722,36.7744,8229.6,False,267.34
86ef4a,ANA830,Japan,1773611144.0,1773611144,136.4196,33.7331,11879.58,False,302.51
010209,MSR802,Egypt,1773611145.0,1773611145,4.0767,48.8915,8602.98,False,237.15
a7e279,JIA5542,United States,1773611145.0,1773611145,-92.2245,30.8441,9448.8,False,289.7
aca3d1,SWA1271,United States,1773611145.0,1773611145,-121.8112,41.3215,11269.98,False,247.08
a48d94,N3927R,United States,1773611144.0,1773611144,-116.8842,32.7877,1043.94,False,49.6
ab703e,SKW3804,United States,1773611145.0,1773611145,-80.7471,42.7136,8778.24,False,205.12
a9225e,EJA688,United States,1773611145.0,1773611145,-80.4185,27.3208,2735.58,False,152.37
c0670f,ASP642,Canada,1773611145.0,1773611145,-108.1809,38.5643,12192.0,False,189.07
484b2a,TRA7J,Kingdom of the Netherlands,1773611145.0,1773611145,-0.1752,47.851,10972.8,False,232.35
c0671b,ACA321,Canada,1773611127.0,1773611127,-114.0124,51.1312,,True,0.06
ad60b7,JBU858,United States,1773611142.0,1773611144,-93.8131,29.7512,10066.02,False,273.52
ab20e6,AAY2873,United States,1773611145.0,1773611145,-81.3351,29.186,1531.62,False,122.28
a3bd57,N340AJ,United States,1773611125.0,1773611143,-82.9482,24.1906,5791.2,False,119.04
a3bd58,JXA340,United States,1773611144.0,1773611145,-115.1395,35.9784,,True,0.0
a564ab,AAL1894,United States,1773611144.0,1773611144,-79.1312,35.6589,3307.08,False,186.66
a06f22,EJA127,United States,1773611144.0,1773611144,-77.1077,35.3999,13716.0,False,257.66
c06724,ACA1508,Canada,1773611107.0,1773611107,-79.6126,43.6798,,True,0.0
abc035,SWA4249,United States,1773611144.0,1773611144,-117.1898,32.7312,,True,0.0
71c045,KAL568,Republic of Korea,1773610500.0,1773611122,29.0033,42.9717,9448.8,False,253.86
48520d,TRA49P,Kingdom of the Netherlands,1773611145.0,1773611145,2.2228,49.9335,12192.0,False,247.28
a0d911,CNS821,United States,1773611145.0,1773611145,-74.296,40.5258,640.08,False,114.75
71c044,KAL273,Republic of Korea,1773611145.0,1773611145,-49.0857,-21.4025,8595.36,False,247.39
ad0022,SKW5117,United States,1773610907.0,1773610909,-113.6617,37.5549,4533.9,False,179.84
a20639,N23AT,United States,1773611145.0,1773611145,-121.7981,37.3088,190.5,False,35.19
a25fca,,United States,1773611143.0,1773611143,-118.3587,34.1968,,True,8.23
485207,KLM21X,Kingdom of the Netherlands,1773611145.0,1773611145,-0.2003,39.5998,2781.3,False,130.56
a8c796,JBU856,United States,1773611145.0,1773611145,-72.9626,38.5983,10561.32,False,222.07
346350,VOE7ZT,Spain,1773611145.0,1773611145,6.1061,44.0317,11277.6,False,238.19
a0764f,N129NB,United States,1773611001.0,1773611001,-152.1252,61.4073,1295.4,False,24.45
4b1a23,EZS94NJ,Switzerland,1773611144.0,1773611145,5.917,46.1072,1440.18,False,97.86
7c6811,SH922,Australia,1773611144.0,1773611144,144.5547,-38.3263,3657.6,False,129.99
a18f61,N2XC,United States,1773611145.0,1773611145,-117.8628,47.9455,1851.66,False,49.91
485206,KLM21M,Kingdom of the Netherlands,1773611145.0,1773611145,14.6616,51.4563,7985.76,False,215.37
c0059b,CFCDE,Canada,1773611144.0,1773611144,-80.8443,34.1209,13716.0,False,257.56
48ae26,LOT6291,Poland,1773611145.0,1773611145,88.1822,22.8287,12496.8,False,279.97
a266bf,N254EA,United States,1773611145.0,1773611145,-112.0766,33.7916,1676.4,False,46.48
48ae22,LOT29,Poland,1773611145.0,1773611145,-79.2276,27.5586,10965.18,False,226.66
adc43a,N9863L,United States,1773611144.0,1773611144,-73.479,40.8005,365.76,False,53.29
a0765e,KPO129,United States,1773611144.0,1773611144,-85.6989,30.7158,12192.0,False,207.21
a06f83,UPS5804,United States,1773611144.0,1773611144,-102.644,40.4295,9144.0,False,216.48
a9d44c,AAL1134,United States,1773611061.0,1773611063,-75.0129,12.9601,10157.46,False,227.65
a37fb0,JBU1579,United States,1773611145.0,1773611145,-79.245,29.2616,10972.8,False,213.32
485e2f,KLM741,Kingdom of the Netherlands,1773610887.0,1773610895,-73.8635,5.5131,7315.2,False,218.1
e580b4,,Brazil,1773611144.0,1773611144,-149.7778,61.4882,548.64,False,36.06
a20645,EJM23,United States,1773611145.0,1773611145,-106.9433,36.873,12192.0,False,211.41
acf1ac,JSX491,United States,1773611073.0,1773611073,-112.3168,37.5382,11277.6,False,270.35
a0b321,N144SE,United States,1773611145.0,1773611145,-118.145,34.1627,1432.56,False,68.97
a5ea84,N480VR,United States,1773611128.0,1773611128,-122.3821,37.6116,,True,8.23
485e2d,KLM616,Kingdom of the Netherlands,1773611144.0,1773611144,-121.9787,45.7074,3482.34,False,206.03
a8b474,N660CJ,United States,1773610995.0,1773611143,-111.0563,29.0907,,True,4.12
a24cb1,N2472U,United States,1773611144.0,1773611144,-74.805,40.2593,259.08,False,54.21
a73169,N5625K,United States,1773611144.0,1773611144,-122.159,48.1216,457.2,False,59.73
a026fc,AMX691,United States,1773611145.0,1773611145,-96.6849,17.5405,11582.4,False,220.64
750523,,Malaysia,1773611001.0,1773611002,100.4212,4.3574,10911.84,False,223.14
a60a9b,LXJ489,United States,1773611145.0,1773611145,-88.2587,34.9928,13106.4,False,193.95
ad5a4b,N96FA,United States,1773611145.0,1773611145,-119.0479,35.612,2720.34,False,63.83
a399b9,EDV4993,United States,1773611140.0,1773611143,-83.3098,30.9719,746.76,False,101.83
4b1a2d,EZS95HV,Switzerland,1773611145.0,1773611145,9.5461,47.4535,9395.46,False,203.85
a72a9b,N56095,United States,1773611144.0,1773611144,-121.7457,39.4731,2240.28,False,75.16
a1e608,N221PL,United States,1773611145.0,1773611145,-89.6823,30.304,2133.6,False,81.53
48ae07,LOT6523,Poland,1773611145.0,1773611145,26.0069,45.574,11269.98,False,252.82
a1df26,N22FA,United States,1773611144.0,1773611144,-118.5141,34.0371,640.08,False,82.98
a279cb,JSX120,United States,1773611144.0,1773611144,-118.4525,34.129,2057.4,False,129.12
347659,IBE0107,Spain,1773611145.0,1773611145,-48.0191,-22.8569,12192.0,False,248.71
485e30,KLM272,Kingdom of the Netherlands,1773611145.0,1773611145,-79.3639,37.1235,11277.6,False,271.19
06a2ec,QTR6W,Qatar,1773611145.0,1773611145,-2.218,40.0856,7757.16,False,245.73
347658,VLG5FA,Spain,1773611144.0,1773611144,-4.2194,41.2356,10683.24,False,250.68
a37fa1,UAL1798,United States,1773611145.0,1773611145,-105.2026,31.6611,8534.4,False,194.18
a516b6,,United States,1773611128.0,1773611128,-87.9039,42.9413,,True,5.4
a01fee,AAL307,United States,1773611145.0,1773611145,-73.6701,40.6307,3878.58,False,142.58
601839,TUA927,Turkmenistan,1773611143.0,1773611144,29.155,41.0027,2377.44,False,139.57
a55f31,SWA4001,United States,1773611143.0,1773611143,-101.0614,30.87,10363.2,False,196.54
4b1a1d,EZS24QM,Switzerland,1773611145.0,1773611145,5.2078,51.7011,7040.88,False,188.16
4b1a1f,EZS19QH,Switzerland,1773611124.0,1773611128,6.0854,46.222,441.96,False,69.12
49d414,TVS3213,Czech Republic,1773611145.0,1773611145,18.7494,46.5978,11582.4,False,228.63
4b1a1b,EZS404N,Switzerland,1773611145.0,1773611145,7.2491,46.3246,7879.08,False,205.83
add790,NKS3034,United States,1773611145.0,1773611145,-74.8476,39.2181,3238.5,False,192.63
a7e1cd,FFT2631,United States,1773611144.0,1773611144,-103.2972,38.6789,9753.6,False,190.09
4b1a24,EZS63EM,Switzerland,1773611145.0,1773611145,7.414,45.5641,7924.8,False,192.93
4b1a25,EZS36VZ,Switzerland,1773611145.0,1773611145,5.3695,45.4623,6012.18,False,209.72
4b1a27,EZS47FK,Switzerland,1773611144.0,1773611144,7.4842,47.6546,472.44,False,72.26
347645,IBB19UF,Spain,1773611132.0,1773611132,-13.9417,28.7964,11254.74,False,190.82
a18f3b,AVL160,United States,1773611145.0,1773611145,-77.9793,38.3216,1173.48,False,51.97
347647,IBB96WE,Spain,1773611144.0,1773611144,-6.7038,39.5885,11582.4,False,222.86
a4ca66,AAL851,United States,1773611145.0,1773611145,-112.0076,33.4398,,True,7.2
a120af,CXK276,United States,1773611144.0,1773611144,-118.0914,33.768,381.0,False,41.83
a2a3b6,UAL60,United States,1773611145.0,1773611145,145.3023,-37.4468,2948.94,False,149.21
4b1a66,EZS68LY,Switzerland,1773611144.0,1773611144,5.69,45.8929,3002.28,False,153.65
a0bf8c,UAL664,United States,1773610842.0,1773610878,-87.9317,41.9759,,True,0.0
507c45,UZB274,Uzbekistan,1773610568.0,1773611095,46.8901,40.8988,10675.62,False,258.65
7c683e,,Australia,1773610981.0,1773610981,115.9643,-31.9348,,True,4.12
a20675,N23DC,United States,1773611139.0,1773611139,-84.5308,33.7786,289.56,False,59.63
a1701b,FDX509,United States,1773611143.0,1773611144,-91.1786,35.1019,7673.34,False,219.63
502ce6,BTI3LR,Latvia,1773610808.0,1773611145,24.9548,55.6982,2819.4,False,197.3
502ce8,SWR53Q,Latvia,1773611145.0,1773611145,15.6453,54.9091,11277.6,False,222.98
a4462e,DAL933,United States,1773611145.0,1773611145,-100.5922,31.3812,10972.8,False,188.14
502ce7,BTI36D,Latvia,1773611144.0,1773611144,24.248,57.7896,6705.6,False,206.33
a79dfa,LXJ590,United States,1773611145.0,1773611145,-97.0549,32.8409,441.96,False,48.87
a7daa6,TWY605,United States,1773611145.0,1773611145,-117.2169,32.4264,10972.8,False,217.15
a373c0,N321TR,United States,1773611144.0,1773611144,-97.9357,45.0163,8229.6,False,133.63
c05efc,JZA342,Canada,1773610925.0,1773610926,-116.8006,49.9399,5928.36,False,163.82
49d421,TVQ6613,Czech Republic,1773611144.0,1773611145,19.5987,45.882,9860.28,False,223.14
7c3b15,LYF,Australia,1773611069.0,1773611077,153.5591,-28.8223,502.92,False,39.18
a91ab7,NKS3036,United States,1773611145.0,1773611145,-78.0742,38.0835,10378.44,False,209.85
a791c0,AAL3082,United States,1773611144.0,1773611144,-82.1921,25.5816,10355.58,False,217.11
ab3fc4,AAL128,United States,1773611145.0,1773611145,-117.7874,44.6877,11269.98,False,313.0
a97d59,N710PG,United States,1773611144.0,1773611144,-98.6866,29.6572,845.82,False,59.54
40772f,EZY67UP,United Kingdom,1773611145.0,1773611145,4.4621,45.7371,11582.4,False,219.7
010290,NMA696,Egypt,1773609126.0,1773611139,31.9162,54.6912,5905.5,False,28.01
7c6842,NWK1600,Australia,1773611145.0,1773611145,114.654,-28.2637,10355.58,False,261.29
502cc8,ASL37M,Latvia,1773611144.0,1773611145,19.2669,45.6211,6431.28,False,197.9
76cee2,SIA336,Singapore,1773610841.0,1773610846,74.0419,26.6262,9753.6,False,225.65
a24cf6,CMF143,United States,1773611145.0,1773611145,-72.0344,43.0848,1577.34,False,81.06
a1cc46,MXY532,United States,1773611144.0,1773611144,-82.5928,31.7721,10972.8,False,222.68
40772e,EZY27FN,United Kingdom,1773611145.0,1773611145,22.5972,37.4559,10972.8,False,206.56
a19691,RPA5743,United States,1773611145.0,1773611145,-80.8549,41.5465,10058.4,False,259.95
a2afe1,N272WC,United States,1773611144.0,1773611144,-118.1716,33.8234,182.88,False,37.05
400db2,EZY73RG,United Kingdom,1773611145.0,1773611145,2.8694,49.3755,11574.78,False,209.25
405d0f,EZY82ZV,United Kingdom,1773611145.0,1773611145,10.7054,46.0552,9669.78,False,220.92
a17032,CVU92,United States,1773611145.0,1773611145,-113.5703,36.0158,3131.82,False,78.36
ac1934,EJA879,United States,1773611144.0,1773611144,-82.077,46.3394,13106.4,False,211.31
407731,EXS5WZ,United Kingdom,1773611140.0,1773611140,-1.7043,55.037,,True,0.0
a00cef,VJA102,United States,1773611144.0,1773611144,-74.0699,40.847,,True,1.29
a671f2,SKW6212,United States,1773611143.0,1773611144,-114.7367,34.01,8953.5,False,221.25
ac5fad,DAL369,United States,1773611144.0,1773611144,-95.478,43.4952,10363.2,False,210.03
478097,WIF54G,Norway,1773611145.0,1773611145,9.0631,61.121,7315.2,False,124.44
a013e8,DAL2067,United States,1773611143.0,1773611144,-83.2732,37.1146,10668.0,False,258.34
a1e644,N221RW,United States,1773611145.0,1773611145,-82.114,34.9221,10668.0,False,281.86
49d42b,TVS2BC,Czech Republic,1773611145.0,1773611145,14.0343,50.1746,3154.68,False,175.39
400db1,EZY73JM,United Kingdom,1773611144.0,1773611145,2.7048,49.564,11590.02,False,199.52
aa2792,N7530M,United States,1773611144.0,1773611144,-118.3082,34.1278,487.68,False,52.08
a84a50,EJA633,United States,1773611144.0,1773611144,-71.0198,42.3469,-60.96,False,54.99
76cef1,SIA325,Singapore,1773611145.0,1773611145,16.1741,48.5569,9441.18,False,251.79
a6bae4,N5325B,United States,1773611144.0,1773611144,-117.7673,33.4633,2423.16,False,63.07
478091,WIF1K,Norway,1773611144.0,1773611144,10.0719,60.4576,4876.8,False,101.55
a4460d,UAL679,United States,1773611143.0,1773611145,-98.9529,42.0078,10363.2,False,224.19
a146f9,UAL1006,United States,1773611117.0,1773611131,-104.6846,39.8614,1562.1,True,5.4
a814f2,N62LV,United States,1773611144.0,1773611144,-80.301,29.4643,13106.4,False,266.57
aa0d5c,N747JJ,United States,1773610880.0,1773611083,-118.9871,43.9576,12496.8,False,228.11
ab3fcc,AAL2850,United States,1773611035.0,1773611035,-81.3147,28.4284,,True,0.0
7c4e23,PPX,Australia,1773611144.0,1773611144,152.9607,-26.8879,845.82,False,56.14
a5f162,EDV5463,United States,1773611144.0,1773611144,-73.7937,40.8859,487.68,False,75.81
a98415,N712GD,United States,1773611145.0,1773611145,-96.6975,30.0857,2217.42,False,105.31
76ceec,SIA25,Singapore,1773611144.0,1773611145,101.7413,2.7175,10668.0,False,245.58
76ceea,SIA11,Singapore,1773611145.0,1773611145,-122.9313,36.3109,9136.38,False,246.96
a97d34,MVJ71,United States,1773611144.0,1773611144,-91.4431,29.6175,13106.4,False,204.74
507c56,UZB204,Uzbekistan,1773609053.0,1773611145,15.4413,53.5292,10668.0,False,227.41
a61173,EDV5055,United States,1773611145.0,1773611145,-74.6011,39.6899,7924.8,False,192.81
461e1f,FIN871,Finland,1773611143.0,1773611143,24.9499,60.3278,,True,11.32
461e1b,FIN1BL,Finland,1773611112.0,1773611143,24.4101,60.2146,5097.78,False,140.35
507c50,UZB553,Uzbekistan,1773611144.0,1773611144,84.5154,21.137,12496.8,False,263.47
c052d3,WJA2451,Canada,1773611145.0,1773611145,-97.5933,38.5204,10668.0,False,254.44
a3e9b2,DAL2800,United States,1773610979.0,1773610979,-107.6563,40.0199,9761.22,False,200.15
ac1951,RPA5717,United States,1773611138.0,1773611138,-73.8781,40.7794,,True,0.0
a73143,N5624G,United States,1773611144.0,1773611144,-118.0445,34.0957,365.76,False,49.82
c052d5,WJA2173,Canada,1773611142.0,1773611142,-90.0093,27.5014,11582.4,False,226.15
4b1a5f,EZS82FA,Switzerland,1773611139.0,1773611139,6.1027,46.2312,,True,4.63
abdf22,EJA864,United States,1773611144.0,1773611144,-96.1769,40.2096,13106.4,False,227.9
a7ede5,XSN06,United States,1773611145.0,1773611145,-120.2986,39.2991,3672.84,False,75.78
47808d,WIF779,Norway,1773611144.0,1773611144,14.55,67.2414,1325.88,False,66.09
a399de,DAL476,United States,1773611144.0,1773611144,-71.1243,42.1951,4114.8,False,164.8
a19679,KOW201,United States,1773611144.0,1773611145,-119.3647,39.8866,14317.98,False,249.81
a37fd3,JBU499,United States,1773611145.0,1773611145,-83.2319,32.2986,10668.0,False,219.05
ab4758,DRL82,United States,1773610601.0,1773611142,-96.2391,36.0302,1463.04,False,86.36
a7ef30,N610EP,United States,1773611145.0,1773611145,-94.4471,35.2268,13716.0,False,189.13
a1c03b,N21145,United States,1773611145.0,1773611145,-122.5279,37.9606,1112.52,False,45.27
a5a30a,SWA3276,United States,1773611145.0,1773611145,-96.6209,31.7962,7010.4,False,231.82
aa6333,CKS5928,United States,1773611145.0,1773611145,-86.5515,38.0285,7848.6,False,209.31
040105,ETH607,Ethiopia,1773611144.0,1773611144,75.9037,12.8888,10363.2,False,232.63
a3c3e6,UAL1981,United States,1773611001.0,1773611001,-109.0293,39.5176,9448.8,False,216.31
040103,UGD111,Ethiopia,1773611145.0,1773611145,3.0361,38.7656,12496.8,False,279.47
ac04a3,N87358,United States,1773611145.0,1773611145,-78.3595,35.2227,3329.94,False,101.99
750596,MAS123,Malaysia,1773611144.0,1773611144,135.7582,-33.3665,11277.6,False,287.3
750598,MAS128,Malaysia,1773611028.0,1773611028,101.7774,2.6248,655.32,False,91.89
e499ce,PSKMO,Brazil,1773611145.0,1773611145,-42.126,-18.9994,8229.6,False,140.17
c05eb1,ACA117,Canada,1773610939.0,1773610939,-84.0377,46.2688,9761.22,False,221.52
aa0cbe,N747CA,United States,1773611144.0,1773611144,-118.4438,34.209,1508.76,False,75.51
4075df,EZY52WB,United Kingdom,1773611145.0,1773611145,-0.1099,51.1592,335.28,False,68.52
89911c,CAL6595,Taiwan,1773611144.0,1773611144,119.9089,21.3105,9753.6,False,232.37
a14802,N1819M,United States,1773611143.0,1773611144,-120.7546,37.438,1249.68,False,80.07
89911b,CAL5874,Taiwan,1773611144.0,1773611144,120.9525,24.8649,1417.32,False,112.66
a1d368,JBU223,United States,1773611138.0,1773611138,-118.4231,33.9459,,True,0.64
a43f7d,FFT3107,United States,1773611144.0,1773611144,-108.1156,37.874,10370.82,False,218.85
ac17e6,AAL75,United States,1773611145.0,1773611145,-104.7552,40.5974,11574.78,False,234.86
7c66dc,JTE122,Australia,1773611144.0,1773611144,116.1832,-31.8449,1905.0,False,141.9
a360b7,JBU394,United States,1773611145.0,1773611145,-91.0339,43.823,10668.0,False,230.08
ac4d1a,DAL532,United States,1773611144.0,1773611144,-81.0904,42.0198,8465.82,False,241.87
461e17,FIN4HX,Finland,1773611145.0,1773611145,24.9565,60.3179,,True,8.23
a2b6ff,SKW116X,United States,1773611145.0,1773611145,-99.7046,36.3498,9715.5,False,271.14
a8fc06,UAL1033,United States,1773611143.0,1773611144,-81.7418,11.8685,9753.6,False,236.48
c05eac,ACA1281,Canada,1773611144.0,1773611145,-111.1247,38.1759,10119.36,False,248.9
a240dc,SWA2101,United States,1773611134.0,1773611134,-122.3813,37.6156,,True,1.03
899133,EVA693,Taiwan,1773610988.0,1773610998,-119.7937,52.3356,10363.2,False,179.3
502d7b,BTI92L,Latvia,1773608452.0,1773611142,16.5454,55.555,10454.64,False,222.87
a8fc09,UAL1315,United States,1773611145.0,1773611145,-92.4868,38.8228,10058.4,False,211.31
a4a99c,EJM4,United States,1773611144.0,1773611144,-99.7251,44.5358,12192.0,False,227.08
a67f76,N518DD,United States,1773611142.0,1773611142,-91.392,31.1425,13723.62,False,281.23
c05eb6,ACA115,Canada,1773611145.0,1773611145,-98.3899,50.3611,9753.6,False,222.53
c05ee5,ACA969,Canada,1773611145.0,1773611145,-79.4916,43.5566,2994.66,False,121.91
a386fb,JBU1441,United States,1773611145.0,1773611145,-78.2501,37.911,10972.8,False,206.71
c05ee1,ACA1207,Canada,1773611074.0,1773611074,-73.7534,45.4605,,True,4.37
ac04ae,SWA1742,United States,1773611144.0,1773611144,-92.8289,32.8357,10972.8,False,199.75
a78c43,ASA273,United States,1773611145.0,1773611145,-122.3172,47.5383,480.06,False,87.46
a80321,UPS17,United States,1773611145.0,1773611145,15.9995,48.4552,9753.6,False,242.93
39a207,FPO4UD,France,1773611144.0,1773611144,9.6834,47.5251,11277.6,False,230.12
a81658,N620BB,United States,1773611138.0,1773611138,-73.1408,40.8303,152.4,False,63.95
a3133d,N298AL,United States,1773611145.0,1773611145,-77.6595,35.3554,13716.0,False,271.36
a7ef51,LXJ610,United States,1773611061.0,1773611061,-80.4266,25.6435,,True,18.52
c05edd,ACA1114,Canada,1773611123.0,1773611138,-79.6178,43.6792,,True,0.0
899104,CAL5233,Taiwan,1773610846.0,1773610846,121.2298,25.0838,,True,46.3
a4f6fe,EJA419,United States,1773611144.0,1773611144,-82.6951,29.6592,5379.72,False,200.89
ab2d65,N81916,United States,1773611121.0,1773611121,-117.1448,33.4165,830.58,False,52.48
ad1db5,N944TH,United States,1773611145.0,1773611145,-114.5922,35.651,1973.58,False,52.16
ac04c3,SKW5235,United States,1773611144.0,1773611144,-120.3013,34.5,7010.4,False,221.02
ac04c2,SKW5307,United States,1773611145.0,1773611145,-119.2316,34.9051,6827.52,False,219.73
a7ef3c,N610FA,United States,1773611145.0,1773611145,-75.3379,40.2414,335.28,False,63.01
750574,MXD161,Malaysia,1773611049.0,1773611144,96.5527,19.8894,12496.8,False,118.33
750593,MXD191,Malaysia,1773611145.0,1773611145,116.2859,-31.4267,6949.44,False,192.69
e47fa6,TAM3009,Brazil,1773611144.0,1773611144,-46.6829,-22.2982,8572.5,False,233.77
c01860,JZA824,Canada,1773611135.0,1773611135,-73.7571,45.4558,,True,5.14
ac04be,ASH6226,United States,1773611145.0,1773611145,-95.285,29.9195,830.58,False,122.77
a82973,JWZ98,United States,1773611144.0,1773611144,-98.0802,45.3246,13106.4,False,238.32
a6cf4a,N538MT,United States,1773611145.0,1773611145,-81.8694,31.0726,6096.0,False,120.79
c065b7,VN04T,Canada,1773611132.0,1773611144,-111.6014,52.9186,5486.4,False,114.62
ac5442,DAL1584,United States,1773611145.0,1773611145,-81.3406,37.3378,9753.6,False,240.7
75057a,MAS149,Malaysia,1773611145.0,1773611145,143.8441,-36.7537,7924.8,False,201.28
a80306,N615TM,United States,1773611145.0,1773611145,-119.1504,34.3173,1501.14,False,77.02
4075c1,UBT796,United Kingdom,1773611145.0,1773611145,0.1254,51.174,1173.48,False,76.85
a0ac92,UCA4237,United States,1773611143.0,1773611143,-94.6496,30.345,2987.04,False,128.3
a79326,N5876U,United States,1773611145.0,1773611145,-117.3356,33.2324,784.86,False,42.48
0c20f5,,Panama,,1773610955,,,,False,237.11
a0639a,N124LT,United States,1773611145.0,1773611145,-118.9073,33.6901,1356.36,False,128.71
a4463e,DAL1928,United States,1773611132.0,1773611132,-84.4191,33.6366,,True,6.94
abe4b9,SWA8833,United States,1773611145.0,1773611145,-76.3774,39.4692,12192.0,False,200.32
300990,LSI125,Italy,1773611145.0,1773611145,23.6284,42.974,9448.8,False,264.94
ac3a38,SWA3975,United States,1773610961.0,1773610998,-118.3368,38.4517,10668.0,False,239.14
ad8769,AAL3098,United States,1773610806.0,1773610831,-67.5468,18.7837,11582.4,False,199.59
ad24ab,AAL1267,United States,1773611144.0,1773611144,-75.752,40.801,3855.72,False,199.95
aceaa6,N931PA,United States,1773611144.0,1773611144,-117.0348,33.0246,1303.02,False,66.88
aab1af,SWA941,United States,1773611138.0,1773611144,-92.3756,32.3046,11582.4,False,173.8
add734,JBU701,United States,1773611144.0,1773611145,-117.4896,33.9733,4213.86,False,171.36
a85188,JIA5564,United States,1773611144.0,1773611144,-88.4599,30.7863,4137.66,False,174.74
a3cff5,AVA060,United States,1773611118.0,1773611118,-75.6074,5.5687,10027.92,False,237.27
e47ffc,PPBCR,Brazil,1773610629.0,1773610836,-45.7123,-16.4009,13716.0,False,204.24
ad5a10,N96CS,United States,1773610986.0,1773611001,-121.639,37.9306,-7.62,False,7.28
ab7add,N839MA,United States,1773611144.0,1773611144,-156.831,20.8151,2278.38,False,86.91
a82903,EDV5225,United States,1773610846.0,1773610964,-82.0305,31.5531,2438.4,False,134.69
a4a95b,N4QP,United States,1773611145.0,1773611145,-122.6481,47.6125,655.32,False,45.81
aac4ed,UAL160,United States,1773611145.0,1773611145,-96.5428,31.6207,8839.2,False,228.09
4ba9d0,THY62Y,Turkey,1773611143.0,1773611144,79.9913,28.0081,11277.6,False,271.03
ab7af5,JTZ839,United States,1773611144.0,1773611144,-81.2659,29.9991,13716.0,False,198.21
405bfc,BAW248,United Kingdom,1773611144.0,1773611144,-42.1904,-20.0067,10058.4,False,246.3
ad6125,N961PC,United States,1773611142.0,1773611144,-95.5918,31.0692,2461.26,False,95.04
c05ea2,ACA144,Canada,1773611144.0,1773611144,-97.2384,49.6477,10058.4,False,253.67
3461ce,VOE3UV,Spain,1773610962.0,1773610962,10.906,43.6129,1584.96,False,103.82
a30063,N2928L,United States,1773611145.0,1773611145,-121.5396,37.0722,1988.82,False,61.54
3461cb,IBE0113,Spain,1773611123.0,1773611144,-54.5746,-16.0352,12192.0,False,249.24
a67f3b,VAR518,United States,1773611144.0,1773611144,-112.1056,32.7558,2286.0,False,70.49
a3bcd9,N34VJ,United States,1773611145.0,1773611145,-116.3466,47.1911,2606.04,False,133.07
e486c1,TAM3111,Brazil,1773611144.0,1773611144,-48.8266,-20.6953,10050.78,False,244.53
e486c3,TAM3809,Brazil,1773611145.0,1773611145,-43.4385,-14.7853,10965.18,False,232.6
a6cf38,N538M,United States,1773611145.0,1773611145,-91.2068,34.3501,11262.36,False,259.11
c078c1,CGTSY,Canada,1773610916.0,1773610916,-122.2606,49.3623,838.2,False,37.45
c078c2,TSC539,Canada,1773611145.0,1773611145,-75.0492,44.9253,4046.22,False,169.58
a26801,SKW3717,United States,1773611138.0,1773611139,-112.3968,37.0537,10668.0,False,274.58
abe4db,SWA2046,United States,1773611144.0,1773611144,-78.8336,33.6744,11582.4,False,214.53
a01507,RKJ104,United States,1773611069.0,1773611069,-108.529,35.7007,11666.22,False,244.19
4075ff,BAW749,United Kingdom,1773611144.0,1773611144,-0.0074,51.3515,2857.5,False,109.7
ab2169,UAL625,United States,1773611144.0,1773611144,-80.6837,37.9363,10675.62,False,257.67
a7ef08,SKW3925,United States,1773611145.0,1773611145,-121.6901,47.1546,5059.68,False,154.53
ad6116,AAL2314,United States,1773611144.0,1773611144,-83.7514,35.958,10972.8,False,192.19
a56661,UAL557,United States,1773611145.0,1773611145,-86.9889,34.3686,9121.14,False,215.31
a2e045,UAL2163,United States,1773611145.0,1773611145,-113.0244,34.5586,10553.7,False,232.48
a769d9,EJA577,United States,1773611144.0,1773611144,-79.3642,37.7315,3589.02,False,142.8
0101b9,,Egypt,1773611118.0,1773611127,30.7038,30.8273,8763.0,False,209.28
a2f375,N29DJ,United States,1773611142.0,1773611144,-118.8518,34.021,685.8,False,48.05
75053f,MAS117,Malaysia,1773611142.0,1773611142,100.6447,3.3681,9083.04,False,234.0
a67f4b,N518BL,United States,1773611144.0,1773611144,-87.2166,30.5828,548.64,False,44.5
a516f1,MAD427,United States,1773611144.0,1773611144,-82.1688,31.1509,12496.8,False,234.92
a43367,N37WA,United States,1773611145.0,1773611145,-71.2439,42.1337,53.34,False,52.0
ab215f,N816TR,United States,1773611139.0,1773611139,-73.3561,41.4749,213.36,False,43.55
acb772,N9185H,United States,1773611144.0,1773611144,-122.5739,45.3922,960.12,False,50.42
750541,MAS527,Malaysia,1773611053.0,1773611053,101.839,2.5331,1303.02,False,106.45
a57997,AAL972,United States,1773611145.0,1773611145,-75.6429,39.2962,2948.94,False,172.29
750543,XAX601,Malaysia,1773611144.0,1773611144,100.9269,3.1645,4792.98,False,184.05
a61cac,EJA493,United States,1773611145.0,1773611145,-77.0244,38.1474,12115.8,False,234.58
a992a4,N716DB,United States,1773611145.0,1773611145,-118.8905,34.2086,1188.72,False,117.31
a55b7a,SWA836,United States,1773611144.0,1773611144,-80.169,37.0182,11887.2,False,199.72
7c68b8,QLK1992,Australia,1773611145.0,1773611145,153.1239,-27.3855,,True,0.45
acbffd,AAL1460,United States,1773611074.0,1773611097,-117.1782,32.7297,-7.62,True,3.86
4ba8cf,TKJ6NC,Turkey,1773611080.0,1773611145,30.9308,33.5669,11277.6,False,223.93
a67b75,JIA5329,United States,1773611144.0,1773611144,-71.0246,42.6921,6050.28,False,182.58
a6d234,DAL683,United States,1773611145.0,1773611145,-110.1366,32.4799,10058.4,False,248.39
abd018,DAL958,United States,1773611145.0,1773611145,-77.4712,41.7356,11887.2,False,263.67
a4f2ee,GTI8523,United States,1773611145.0,1773611145,-173.7378,58.238,10668.0,False,251.92
a69582,EJA523,United States,1773611144.0,1773611144,-82.7786,39.8519,12496.8,False,206.86
a98bc2,JRE714,United States,1773611144.0,1773611145,-82.7143,28.0343,487.68,False,90.2
a95884,N701CN,United States,1773611144.0,1773611145,-98.2913,30.1396,3909.06,False,111.44
7c68ae,QLK1963,Australia,1773611144.0,1773611144,153.1077,-27.4335,373.38,False,92.79
7c68ad,QLK1901,Australia,1773611145.0,1773611145,150.5391,-34.5777,9144.0,False,218.62
a68e8b,VOI5609,United States,1773611144.0,1773611145,-110.5816,30.1241,11887.2,False,247.95
4caea0,RYR9DY,Ireland,1773611140.0,1773611140,-10.8025,37.6597,11582.4,False,218.29
a67b81,ASA635,United States,1773611144.0,1773611145,-118.4049,36.4398,10363.2,False,202.62
7c68a8,QLK1881,Australia,1773611145.0,1773611145,152.4942,-26.7427,5250.18,False,172.9
a31b9e,525C0063,United States,1773611145.0,1773611145,-104.9712,31.7351,10652.76,False,245.61
4b8e47,PGT590,Turkey,1773611144.0,1773611144,30.9853,32.787,11277.6,False,227.43
abdc76,ASH6198,United States,1773611145.0,1773611145,-96.1121,28.2487,10012.68,False,204.7
7c68a4,QLK1921,Australia,1773611144.0,1773611145,151.4182,-25.2397,8968.74,False,191.43
a15739,N186CS,United States,1773611145.0,1773611145,-122.5408,37.844,830.58,False,45.24
a097ce,UAL1914,United States,1773611144.0,1773611145,-79.6774,27.278,3840.48,False,156.45
a765ec,JIA5176,United States,1773611144.0,1773611144,-73.4416,44.1872,4434.84,False,157.55
4ba8f6,TKJ6780,Turkey,1773611145.0,1773611145,37.2991,40.2087,12192.0,False,220.7
a80b35,N61705,United States,1773611144.0,1773611144,-118.3967,34.8869,4061.46,False,73.16
4ba8f5,TKJ2KL,Turkey,1773610887.0,1773611142,32.5579,35.7901,7985.76,False,227.61
ad2f7d,N949KE,United States,1773611145.0,1773611145,-123.2093,45.0587,426.72,False,47.61
abef98,,United States,1773611096.0,1773611096,-82.5296,27.9836,,True,8.75
a9a862,N721MM,United States,1773611144.0,1773611144,-148.9592,59.0833,13106.4,False,252.17
4caeb1,NOS37KJ,Ireland,1773611141.0,1773611144,31.732,29.8711,10972.8,False,204.14
ab9387,DAL31,United States,1773611144.0,1773611144,-84.447,33.733,2773.68,False,136.85
c001da,ASP827,Canada,1773611144.0,1773611144,-93.2705,38.1261,13716.0,False,217.22
a8cec7,FFT1790,United States,1773611145.0,1773611145,-104.8077,39.8306,3284.22,False,153.33
a43b85,DAL874,United States,1773611144.0,1773611145,-104.8274,38.1048,10058.4,False,284.87
a752ea,JBU726,United States,1773611144.0,1773611145,-77.9874,34.4102,7848.6,False,219.48
ad83f3,LYM303,United States,1773611144.0,1773611144,-96.8674,33.134,1249.68,False,142.4
aa10ba,SKW6355,United States,1773611143.0,1773611143,-101.6993,35.6315,8846.82,False,268.88
ab30f0,AAL1297,United States,1773611145.0,1773611145,-81.1439,36.3772,8671.56,False,242.86
a44262,DAL1638,United States,1773611144.0,1773611145,-77.0971,35.3857,10988.04,False,201.52
a99ed2,JIA5131,United States,1773611144.0,1773611144,-97.6947,32.2232,3848.1,False,187.5
a45592,DAL2187,United States,1773611145.0,1773611145,-86.321,36.0327,10675.62,False,217.19
ac50d1,DAL1036,United States,1773611144.0,1773611144,-87.9818,44.4871,10058.4,False,225.91
a81e98,DLX622,United States,1773611144.0,1773611144,-120.5626,37.5914,4602.48,False,143.87
ad70ba,SWA3673,United States,1773611144.0,1773611144,-98.9299,30.8905,11148.06,False,182.52
a92b0c,DAL1946,United States,1773611144.0,1773611144,-65.9772,18.4628,480.06,False,94.76
400afe,EFW75H,United Kingdom,1773611141.0,1773611141,-0.2057,51.1488,,True,6.69
400afd,EFW8HZ,United Kingdom,1773611144.0,1773611144,-8.3765,42.2478,10881.36,False,218.86
400afc,EFW7ZP,United Kingdom,1773611144.0,1773611144,5.5493,47.0262,10363.2,False,206.87
400afb,EFW98HU,United Kingdom,1773611145.0,1773611145,0.6827,41.7183,10972.8,False,201.21
a79b80,EJM5,United States,1773611145.0,1773611145,-118.6543,37.3452,12496.8,False,218.43
abdc96,ASH6212,United States,1773611144.0,1773611145,-96.037,30.6539,7246.62,False,227.03
acfc56,DAL2627,United States,1773611142.0,1773611142,-82.0454,30.5397,1638.3,False,114.54
c05d7b,WJA2965,Canada,1773611145.0,1773611145,-86.225,35.3013,11277.6,False,266.89
aa7f8d,CKS240,United States,1773611144.0,1773611144,-98.0179,52.3359,9753.6,False,237.25
406d8e,EZY13MN,United Kingdom,1773611145.0,1773611145,1.15,50.9939,11247.12,False,211.96
a44258,UAL348,United States,1773611142.0,1773611142,-74.1741,40.6968,,True,4.37
c001e2,ASP869,Canada,1773611144.0,1773611144,-77.913,40.6453,6248.4,False,200.43
acacf6,N916AA,United States,1773611145.0,1773611145,-87.2379,41.4911,13411.2,False,238.84
a885f4,UAL1210,United States,1773611144.0,1773611144,-111.3352,33.9346,4023.36,False,164.15
a4556d,EDV5314,United States,1773611144.0,1773611144,-91.2858,31.6975,5425.44,False,168.86
406d95,EZY84PK,United Kingdom,1773611144.0,1773611144,-8.3073,41.5518,10972.8,False,209.96
aa600a,JBU1823,United States,1773611144.0,1773611144,-88.2113,29.5937,9745.98,False,213.55
a63ef3,N501PG,United States,1773611145.0,1773611145,-102.3805,38.8346,13106.4,False,235.22
407fc1,WUK9697,United Kingdom,1773611144.0,1773611145,17.0616,43.6214,10972.8,False,222.31
a25d36,SWA1195,United States,1773611144.0,1773611144,-99.2017,34.4394,9860.28,False,268.6
a81e38,FFT3882,United States,1773611145.0,1773611145,-112.1408,33.4057,1546.86,False,125.75
a0baa1,SKW5387,United States,1773611144.0,1773611144,-86.7622,41.2599,6705.6,False,171.0
407faf,TOM891,United Kingdom,1773611059.0,1773611059,30.3218,31.1283,8534.4,False,229.11
a68214,N5184J,United States,1773611144.0,1773611144,-117.4412,33.9505,,True,2.83
a55b49,UPS5794,United States,1773611144.0,1773611144,-91.5094,34.422,9753.6,False,185.92
a1edb8,N223SB,United States,1773611144.0,1773611145,-108.0522,45.4936,3284.22,False,94.68
ad369d,N950WB,United States,1773611047.0,1773611047,-84.303,33.8713,,True,7.2
a56e79,N4490W,United States,1773611145.0,1773611145,-122.4664,37.0907,1478.28,False,82.85
c027e8,CFPCX,Canada,1773611145.0,1773611145,-123.2051,49.1888,-99.06,False,0.0
4caee6,RYR54MB,Ireland,1773611145.0,1773611145,3.9256,48.8056,11582.4,False,210.84
4caee8,RYR5UK,Ireland,1773611144.0,1773611144,-2.0213,37.7679,10668.0,False,226.62
4caee4,RYR2981,Ireland,1773611144.0,1773611144,-6.4725,48.7748,10972.8,False,212.92
a214a0,N233LA,United States,1773611144.0,1773611144,-118.4504,34.2646,411.48,False,32.96
a06abb,N126HR,United States,1773611144.0,1773611144,-83.5241,31.7686,6096.0,False,220.03
4caee5,RYR4XQ,Ireland,1773611144.0,1773611144,5.2417,53.0575,11582.4,False,213.79
aa9990,ENY3486,United States,1773611145.0,1773611145,-84.175,38.6314,11277.6,False,250.0
781754,QDA9928,China,1773611144.0,1773611144,103.6281,3.5356,9570.72,False,242.92
76bd46,TGW808,Singapore,1773611144.0,1773611144,140.3946,35.7771,,True,6.43
a9a824,N721K,United States,1773611145.0,1773611145,-118.9055,33.6375,4290.06,False,186.69
a5622d,N446PA,United States,1773611144.0,1773611144,-122.9628,45.5169,259.08,False,51.84
a3970f,AAY2840,United States,1773611144.0,1773611144,-82.2891,26.1236,5311.14,False,175.04
a5d86c,N476LP,United States,1773611145.0,1773611145,-112.4274,33.1452,1363.98,False,41.83
a01130,N103PT,United States,1773611145.0,1773611145,-90.3124,30.16,548.64,False,68.34
a83839,FFT3083,United States,1773611079.0,1773611079,-84.4122,33.6358,,True,1.03
aab07a,RPA3561,United States,1773611145.0,1773611145,-77.9419,35.5965,10363.2,False,205.29
a6cb01,LXJ537,United States,1773611144.0,1773611145,-110.3439,34.3364,13098.78,False,192.87
a95859,N701AV,United States,1773610915.0,1773610915,-103.9053,40.4763,2004.06,False,100.35
a39723,EDV5067,United States,1773611145.0,1773611145,-73.7085,40.5939,1737.36,False,117.42
aa36e7,N75733,United States,1773611145.0,1773611145,-117.1023,32.8017,304.8,False,44.19
c05114,PAG663,Canada,1773610879.0,1773610879,-94.5721,52.145,7002.78,False,129.19
a7c8f5,JTL600,United States,1773611128.0,1773611143,-122.6298,50.5652,11582.4,False,172.98
aa23b3,RPA3633,United States,1773611144.0,1773611144,-80.9054,41.6467,8336.28,False,241.83
06432b,APK7577,Nigeria,1773611145.0,1773611145,0.3997,49.1625,8229.6,False,248.31
a5d87a,GTI8238,United States,1773611144.0,1773611144,7.8277,51.2976,8907.78,False,240.49
a3d2f3,N3455L,United States,1773611145.0,1773611145,-81.0798,37.0759,5486.4,False,116.93
76bd4b,TGW29,Singapore,1773611145.0,1773611145,115.9768,-31.7762,1752.6,False,143.35
76bd4a,TGW897,Singapore,1773611069.0,1773611069,104.3352,2.722,7520.94,False,213.29
a03765,AAL529,United States,1773611144.0,1773611144,-71.1195,42.6937,3939.54,False,193.44
a8e8a0,UAL908,United States,1773611145.0,1773611145,-84.9217,43.0909,6096.0,False,215.89
a07dcd,UAL1855,United States,1773610864.0,1773610878,-112.4094,37.5679,9441.18,False,245.0
a4f2d3,LAE2525,United States,1773611139.0,1773611144,-122.3001,47.462,,True,1.03
a097f4,CSB7507,United States,1773611144.0,1773611144,-84.6422,35.6799,11285.22,False,219.96
a8252d,VAR624,United States,1773611145.0,1773611145,-112.781,33.3241,777.24,False,60.84
ac7809,EJA902,United States,1773611145.0,1773611145,-82.5381,39.7927,4030.98,False,212.56
71ba02,KAL005,Republic of Korea,1773611143.0,1773611144,-124.8983,41.2937,11277.6,False,272.77
a645ff,N503KJ,United States,1773611144.0,1773611144,-115.9062,36.4469,13098.78,False,207.11
ac5e01,SWA2279,United States,1773611144.0,1773611144,-105.8776,37.6208,8534.4,False,254.04
a632cd,N499PA,United States,1773611145.0,1773611145,-81.2305,32.0915,9753.6,False,229.4
71ba05,KAL928,Republic of Korea,1773611144.0,1773611144,26.0357,42.9456,10058.4,False,260.95
a44298,N3739W,United States,1773611145.0,1773611145,-121.796,37.6219,1615.44,False,51.17
4caeca,RYR90VW,Ireland,1773611145.0,1773611145,4.6383,50.5806,1493.52,False,139.42
4caecc,RYR17NG,Ireland,1773611144.0,1773611144,10.4089,47.2762,10340.34,False,245.32
a01112,AAL179,United States,1773611145.0,1773611145,-97.6741,46.3889,10355.58,False,220.59
a44291,DAL449,United States,1773611145.0,1773611145,-88.772,35.5592,9845.04,False,271.03
a1573d,N186CW,United States,1773611143.0,1773611144,-80.4658,29.4676,5128.26,False,181.24
a68e7c,AAL2341,United States,1773611144.0,1773611144,-99.2297,33.0444,10386.06,False,191.22
7c68d4,QLK1954,Australia,1773611144.0,1773611144,138.3356,-34.953,1920.24,False,127.34
347288,IBE07DZ,Spain,1773611145.0,1773611145,-3.5383,40.1967,1691.64,False,126.88
a88700,DAL8955,United States,1773611144.0,1773611144,-118.5907,47.7255,11582.4,False,175.12
a18ada,AAY2186,United States,1773611054.0,1773611056,-81.731,30.4867,198.12,False,80.87
aa0b10,RPA3545,United States,1773611145.0,1773611145,-79.7619,40.1065,9753.6,False,211.57
aa6ba4,UAL889,United States,1773611145.0,1773611145,-124.1805,40.5885,11582.4,False,277.0
a1e1b1,ASA963,United States,1773611064.0,1773611064,-158.0354,22.6151,8747.76,False,195.43
a51425,RPA4475,United States,1773611144.0,1773611144,-84.2292,40.2819,7924.8,False,201.85
a0baca,UPS5542,United States,1773611145.0,1773611145,-86.6223,39.9276,9151.62,False,239.64
ab9f38,SCX1813,United States,1773611144.0,1773611144,-88.0497,41.0046,11887.2,False,210.7
aa98cd,JRE782,United States,1773610972.0,1773610973,-111.389,40.3194,3390.9,False,93.05
a56dc1,WUP449,United States,1773611145.0,1773611145,-89.8527,30.4731,5120.64,False,186.85
a191bf,N20XH,United States,1773611145.0,1773611145,-84.0036,34.1154,1188.72,False,71.38
ac76a7,AAL2300,United States,1773611145.0,1773611145,-84.1521,32.123,11582.4,False,222.44
48b228,AMQ9I,Poland,1773611144.0,1773611144,27.1215,36.6331,6096.0,False,214.84
a0c1d7,EJA148,United States,1773611145.0,1773611145,-115.0502,36.2143,13708.38,False,267.22
ab0969,AAL2759,United States,1773611145.0,1773611145,-84.7501,38.8622,12496.8,False,294.74
a1314e,AAL2016,United States,1773611145.0,1773611145,-85.7651,40.748,8526.78,False,202.73
7802d8,CSC9361,China,1773611144.0,1773611145,131.186,32.9495,10058.4,False,276.5
a36a21,AAL9791,United States,1773611144.0,1773611144,-106.0703,34.5116,8839.2,False,245.13
a3cd58,DAL2815,United States,1773611142.0,1773611142,-84.4281,33.6375,,True,0.0
a1f4cd,ENY3385,United States,1773611145.0,1773611145,-87.5557,32.3797,10363.2,False,193.15
a38439,JBU1069,United States,1773611145.0,1773611145,-75.5132,40.0321,10363.2,False,209.98
abef16,SWA3391,United States,1773611145.0,1773611145,-71.2817,42.4864,2651.76,False,154.86
86e474,JAL061,Japan,1773611144.0,1773611144,-124.1995,36.93,10363.2,False,243.89
3e1211,CHX71,Germany,1773611144.0,1773611144,13.9362,51.7981,594.36,False,64.55
a347eb,N310MG,United States,1773610945.0,1773610954,-120.7675,38.7185,769.62,False,52.23
a49d22,DAL2887,United States,1773611144.0,1773611144,-83.8942,35.8631,10058.4,False,205.78
39bda1,AFR1462,France,1773611145.0,1773611145,14.0776,57.2282,11277.6,False,246.27
39bda3,AFR7524,France,1773611142.0,1773611142,-4.4007,48.4519,68.58,False,62.96
a4da13,RPA4710,United States,1773611144.0,1773611144,-85.5204,36.6948,6096.0,False,175.93
39bda4,AFR52MV,France,1773611144.0,1773611144,8.1616,57.6057,10668.0,False,258.82
a0cdf3,AAL1482,United States,1773611145.0,1773611145,-99.281,33.9066,7620.0,False,266.01
ac76b6,PDT6118,United States,1773611145.0,1773611145,-80.2569,35.0189,4732.02,False,186.43
4ca2c9,EIN549,Ireland,1773611144.0,1773611144,0.6831,50.9006,10980.42,False,194.88
a24a0a,ASA189,United States,1773611145.0,1773611145,-123.3656,47.9337,7345.68,False,201.9
ab43a1,N825CA,United States,1773611145.0,1773611145,-103.0861,35.3186,12496.8,False,267.26
4ca2c1,RYR79FL,Ireland,1773611144.0,1773611144,6.6605,44.6478,10363.2,False,216.74
4ca2ad,RYR73PV,Ireland,1773611144.0,1773611144,-6.2405,53.5253,2484.12,False,168.51
a24a16,AERT4,United States,1773611144.0,1773611144,-151.2744,60.5959,205.74,False,60.53
a74d1f,N57LW,United States,1773611143.0,1773611144,-121.3489,38.1648,1036.32,False,64.61
a49d16,DAL1778,United States,1773611144.0,1773611144,-79.2902,28.0883,11277.6,False,220.59
aae967,TWY206,United States,1773610927.0,1773610927,-115.4583,38.513,13106.4,False,228.33
a0379b,N113CS,United States,1773611144.0,1773611145,-78.0235,33.7591,13716.0,False,273.77
347256,VOE2MX,Spain,1773611145.0,1773611145,6.1357,47.0555,8534.4,False,171.94
39bdb3,AFR1197,France,1773611145.0,1773611145,2.7102,49.0006,518.16,False,58.83
a837a7,UAL1971,United States,1773611145.0,1773611145,-106.5845,34.5482,9144.0,False,191.29
39bdb4,AFR1886,France,1773610838.0,1773610838,-3.3537,55.9471,,True,0.51
347258,VOE1SP,Spain,1773611144.0,1773611144,-5.8287,42.5879,6758.94,False,139.62
a24a31,MXY500,United States,1773611145.0,1773611145,-75.4407,37.8634,10972.8,False,200.62
4ca2ca,EIN595,Ireland,1773611144.0,1773611144,-3.8843,43.7468,10363.2,False,199.15
ad8fa4,JBU752,United States,1773611145.0,1773611145,-75.6646,37.7911,11277.6,False,248.71
48b204,IGA626,Poland,1773611145.0,1773611145,-72.0104,45.1343,10668.0,False,280.49
ab9f4f,GPD848,United States,1773611131.0,1773611132,-79.9516,27.3021,1211.58,False,120.55
39bdb9,AFR15RN,France,1773611145.0,1773611145,-2.1524,41.3447,10668.0,False,248.15
c05d08,JZA856,Canada,1773611145.0,1773611145,-83.729,40.712,11277.6,False,263.38
39bdb1,AFR97PG,France,1773611045.0,1773611048,-2.2848,53.365,,True,0.19
c0771c,CGTCT,Canada,1773611145.0,1773611145,-112.832,51.8932,1577.34,False,78.94
a1311e,SKW3290,United States,1773611144.0,1773611144,-115.7035,34.0227,8122.92,False,244.85
c00da8,FLE702,Canada,1773611145.0,1773611145,-121.8442,49.105,3642.36,False,175.61
a68dd1,JTZ521,United States,1773611144.0,1773611144,-80.4316,34.7005,4945.38,False,196.6
ad3616,EJA950,United States,1773611144.0,1773611144,-82.9417,34.4373,7909.56,False,223.72
a1f4aa,N225MC,United States,1773611144.0,1773611144,-122.7905,48.6401,502.92,False,75.69
a3cd6b,DAL850,United States,1773611037.0,1773611037,-77.0403,38.8531,,True,2.57
a837a5,UAL1948,United States,1773611145.0,1773611145,-108.7256,29.6107,10972.8,False,211.74
a837a3,UAL2297,United States,1773611145.0,1773611145,-91.0471,47.1297,9464.04,False,196.79
4ca2bf,RYR62EH,Ireland,1773611145.0,1773611145,-6.1933,36.0109,10972.8,False,218.02
347245,CND5997,Spain,1773611145.0,1773611145,-65.0586,17.3657,12192.0,False,217.48
c80478,ZKEOJ,New Zealand,1773610957.0,1773610957,170.1597,-45.9689,312.42,False,35.5
7c4395,NMV,Australia,1773611145.0,1773611145,151.6984,-33.0427,2918.46,False,61.41
347247,IBS15EP,Spain,1773611145.0,1773611145,-3.3858,40.2684,1165.86,False,109.5
a37d8d,DAL1413,United States,1773611144.0,1773611144,-78.7236,28.4081,10020.3,False,245.77
ad1c16,DAL2857,United States,1773611144.0,1773611144,-77.095,40.269,1424.94,False,150.61
3c8207,AP1,Germany,1773611115.0,1773611126,9.2137,48.6916,,True,4.37
ab0993,N810CE,United States,1773610905.0,1773610954,-118.7902,34.8226,1417.32,False,57.1
a37d8a,DAL1116,United States,1773611145.0,1773611145,-117.907,33.9477,5684.52,False,190.05
406d7a,BAW33,United Kingdom,1773611145.0,1773611145,7.8687,50.2389,10660.38,False,254.26
a9dbd8,N734VX,United States,1773611144.0,1773611144,-117.8142,33.5613,952.5,False,63.31
c8178e,ZKTTL,New Zealand,1773611144.0,1773611144,176.0124,-38.7794,1866.9,False,52.74
0b4145,TGLMV,Guatemala,1773611143.0,1773611143,-89.4486,15.1484,2286.0,False,87.41
a52715,CAP5033,United States,1773611145.0,1773611145,-149.8809,61.218,350.52,False,39.35
86dd4c,JAL77,Japan,1773611126.0,1773611126,121.0227,14.5109,,True,7.72
a441c9,DAL2905,United States,1773611108.0,1773611112,-117.0499,36.8996,10972.8,False,197.19
406135,EZY71ZX,United Kingdom,1773611145.0,1773611145,-0.0135,51.1725,701.04,False,66.51
a40797,AAL3187,United States,1773611145.0,1773611145,-111.9721,40.7973,,True,6.43
ac6fed,FFL695,United States,1773611145.0,1773611145,-78.1838,38.6401,5631.18,False,214.48
a2b45b,UAL1964,United States,1773611145.0,1773611145,-113.8779,34.7505,8534.4,False,212.59
ac297b,FDX5281,United States,1773611145.0,1773611145,140.3819,35.7999,,True,14.92
0b411c,TGLES,Guatemala,1773611145.0,1773611145,-90.1367,14.8222,1828.8,False,74.66
7802fd,CSS126,China,1773608467.0,1773611143,21.9348,52.5774,10058.4,False,251.86
ac0f77,N8763X,United States,1773611144.0,1773611145,-118.4759,34.179,510.54,False,53.47
406d77,BAW243,United Kingdom,1773611144.0,1773611144,-84.4432,33.4845,12184.38,False,214.6
a79b93,N59FH,United States,1773611144.0,1773611145,-83.6696,33.3407,3368.04,False,162.12
405a47,EFW3XB,United Kingdom,1773611139.0,1773611139,-0.174,51.1559,,True,5.4
405a49,BAW864,United Kingdom,1773611145.0,1773611145,14.2425,50.1049,,True,7.46
a12a9d,UAL1387,United States,1773611144.0,1773611144,-114.5108,33.5503,9448.8,False,256.26
a12a9e,UAL589,United States,1773611144.0,1773611144,-110.9292,33.3824,10363.2,False,213.79
abef54,SWA1763,United States,1773611144.0,1773611145,-82.6362,30.7449,11277.6,False,219.76
a8bbff,DAL8844,United States,1773611145.0,1773611145,-81.8136,41.4378,556.26,False,67.19
a992c7,N716EM,United States,1773611145.0,1773611145,-118.2555,34.1316,3329.94,False,129.08
a24a65,N247EA,United States,1773611145.0,1773611145,-112.159,32.7827,3192.78,False,32.22
acacaa,,United States,,1773611119,,,,False,56.47
acc6d1,AAL1213,United States,1773611142.0,1773611144,-81.4138,37.7025,11277.6,False,261.59
a12a80,UAL2489,United States,1773611136.0,1773611136,-74.1804,40.7009,,True,0.0
a12a81,UAL2364,United States,1773611145.0,1773611145,-79.8665,33.7106,10668.0,False,239.82
ad83b2,AAL2183,United States,1773611144.0,1773611144,-96.398,30.1223,10058.4,False,274.29
a8d5db,EDV4953,United States,1773611130.0,1773611131,-84.4284,33.6342,,True,6.43
ac5cd7,AAL2596,United States,1773611144.0,1773611144,-65.6465,19.0119,11582.4,False,199.09
0acac2,AVA073,Colombia,1773611144.0,1773611144,-88.6179,12.7805,10668.0,False,253.08
abe320,N865TN,United States,1773611048.0,1773611048,-84.5215,33.7776,,True,0.0
ac0f6c,SWA4106,United States,1773611144.0,1773611144,-157.2186,20.8388,2415.54,False,127.29
347219,IBE0683,Spain,1773611144.0,1773611144,4.0254,41.845,10972.8,False,208.45
7c436e,NLS,Australia,1773611144.0,1773611144,150.9626,-33.9062,259.08,False,45.17
406d4d,VIR25B,United Kingdom,1773611144.0,1773611144,-1.5896,52.8434,8260.08,False,205.25
c1e5f9,SER568,Canada,1773611139.0,1773611143,-123.1926,49.1996,,True,0.06
a6d27b,GJS4431,United States,1773611144.0,1773611144,-77.2627,41.3687,7620.0,False,253.0
a1a796,N20543,United States,1773611144.0,1773611144,-117.2023,32.822,571.5,False,45.06
a1449d,LKF81,United States,1773611144.0,1773611144,-97.2514,41.4631,12496.8,False,230.85
ad2f75,JSX760,United States,1773611145.0,1773611145,-116.7844,34.9049,10934.7,False,183.03
a4b7c7,N403AA,United States,1773611144.0,1773611144,-86.2429,29.5696,8061.96,False,175.52
ad2f71,JBU1801,United States,1773611144.0,1773611145,-80.5339,30.2622,10363.2,False,236.13
a992cf,SKW5055,United States,1773611066.0,1773611068,-95.3067,30.0072,259.08,False,65.85
a0bafa,WMA3216,United States,1773611141.0,1773611143,-80.1553,26.0208,914.4,False,82.7
a3711a,JBU451,United States,1773611145.0,1773611145,-79.4847,36.5656,10972.8,False,213.51
a9dbc7,N734VE,United States,1773611144.0,1773611144,-111.8487,41.7883,1242.06,False,31.93
a12a7c,UAL2091,United States,1773611144.0,1773611144,-79.8114,37.1816,7010.4,False,208.5
a12a7d,UAL235,United States,1773611142.0,1773611142,-89.8657,33.4909,9144.0,False,208.96
ab8c6d,EJA843,United States,1773611143.0,1773611144,-94.8527,36.5107,13716.0,False,266.03
a12a7f,UAL800,United States,1773611144.0,1773611144,-75.3409,45.5752,9753.6,False,210.62
abef79,SWA1275,United States,1773611143.0,1773611145,-93.701,31.2263,8534.4,False,211.62
4caf26,RYR36AK,Ireland,1773611145.0,1773611145,-3.233,46.7548,11277.6,False,252.99
acad53,DAL481,United States,1773611143.0,1773611144,-88.5706,34.6419,9144.0,False,220.76
a2519f,MXY329,United States,1773611144.0,1773611144,-83.622,32.3579,10972.8,False,204.7
4caf28,RYR3348,Ireland,1773611144.0,1773611144,-5.1461,35.8344,7940.04,False,229.05
4caf29,RYR945,Ireland,1773611144.0,1773611144,8.7341,42.9,9144.0,False,228.05
a07302,,United States,,1773611145,,,,False,0.0
4ba956,THY1,Turkey,1773611144.0,1773611145,-70.0433,44.3029,9753.6,False,229.43
a07304,N128SK,United States,1773611145.0,1773611145,-95.019,36.1087,4069.08,False,208.91
4ba955,THY5KM,Turkey,1773611144.0,1773611144,-76.9082,46.0855,10363.2,False,211.39
aabacd,N7903G,United States,1773611144.0,1773611145,-112.5719,33.1948,2590.8,False,34.53
c1e5ba,WLD 60,Canada,1773611145.0,1773611145,-123.1905,49.1946,,True,10.8
4caf20,ITY1321,Ireland,1773611144.0,1773611144,11.0282,44.239,3870.96,False,173.11
a6cad3,JIA5119,United States,1773611144.0,1773611144,-78.0472,39.7056,7627.62,False,215.93
a19f29,SWA240,United States,1773611145.0,1773611145,-90.3509,42.692,8229.6,False,243.96
aca114,N9124Y,United States,1773611145.0,1773611145,-122.7256,47.9288,975.36,False,69.6
ab579f,N83SP,United States,1773611145.0,1773611145,-121.0831,37.488,6416.04,False,208.56
0acb8a,NSE8606,Colombia,1773611144.0,1773611144,-74.1893,4.7258,3025.14,False,69.86
a441fb,DAL2310,United States,1773611145.0,1773611145,-82.4226,36.448,10972.8,False,202.88
aa0a72,N746SP,United States,1773611086.0,1773611086,-89.3268,32.7687,11894.82,False,231.86
3a4dc0,THT8,France,1773611114.0,1773611114,-117.3072,37.8482,10668.0,False,233.72
c1e5c2,CHA281,Canada,1773611070.0,1773611070,-73.7396,45.4632,,True,8.23
c1e5c4,,Canada,1773611095.0,1773611095,-73.7394,45.4635,,True,8.23
c1e5d7,TOW915,Canada,1773611145.0,1773611145,-123.182,49.1893,,True,7.72
ab4489,DAL2398,United States,1773611144.0,1773611144,-77.1019,36.6171,10668.0,False,263.16
c05bd6,ACA116,Canada,1773611145.0,1773611145,-123.1205,49.177,541.02,False,86.6
a73a47,JBU246,United States,1773611144.0,1773611145,-79.8564,26.1705,3124.2,False,153.92
c062aa,CGLJL,Canada,1773611145.0,1773611145,-114.1128,51.6976,1402.08,False,60.98
c00e6c,FLE621,Canada,1773611145.0,1773611145,-81.5801,44.8604,10858.5,False,216.32
c05bd2,ACA693,Canada,1773611141.0,1773611144,-64.0906,47.1901,9753.6,False,175.99
c05bd5,ACA143,Canada,1773611144.0,1773611144,-93.3745,49.6299,10370.82,False,227.08
a97a35,N71FD,United States,1773611144.0,1773611144,-75.4296,39.3445,373.38,False,82.58
a1094c,EDV5089,United States,1773611145.0,1773611145,-79.4552,35.173,9418.32,False,243.68
4caf35,RYR28BT,Ireland,1773611144.0,1773611144,-8.857,43.0085,11582.4,False,221.59
a441ef,UAL1393,United States,1773611139.0,1773611145,-122.3799,37.606,,True,0.0
c05bcf,ACA140,Canada,1773611145.0,1773611145,-89.1795,48.1796,10058.4,False,236.22
c1e5bf,WLD61,Canada,1773611107.0,1773611107,-123.1907,49.1843,,True,0.0
a86d51,GTI752,United States,1773611145.0,1773611145,-95.7584,31.5212,10683.24,False,205.32
4caf1e,ITY2130,Ireland,1773611145.0,1773611145,10.1808,43.6391,9144.0,False,233.29
c05bcb,ACA108,Canada,1773611143.0,1773611144,-83.3008,46.2374,9448.8,False,235.38
a10967,EJA166,United States,1773611071.0,1773611071,-73.1957,44.4992,175.26,False,53.19
4caf1f,ITY1752,Ireland,1773611145.0,1773611145,13.6026,40.7992,6332.22,False,210.35
ab3d9a,SKW3868,United States,1773611142.0,1773611142,-77.4569,38.9667,,True,2.57
4caf1c,ITY1297,Ireland,1773611143.0,1773611144,14.0714,40.7712,1173.48,False,97.19
86eea0,ANA216,Japan,1773611134.0,1773611134,42.3793,41.3539,10668.0,False,268.61
aa6ade,AAL3278,United States,1773611145.0,1773611145,-84.5094,39.7048,3162.3,False,123.09
a3c192,FFT1654,United States,1773611145.0,1773611145,-84.3782,29.1475,11277.6,False,225.74
347309,AEA9172,Spain,1773610947.0,1773610948,-13.9567,28.7725,11277.6,False,209.05
4caf1d,ITY1431,Ireland,1773611145.0,1773611145,11.0175,42.4774,7261.86,False,219.48
a07f60,EDV5322,United States,1773611145.0,1773611145,-78.5718,36.0619,1196.34,False,89.18
a0996b,FDX104,United States,1773611144.0,1773611144,-89.997,32.1827,10066.02,False,214.52
add445,ENRGY90,United States,1773610903.0,1773610903,-106.5646,35.044,1668.78,False,72.02
a441f5,UAL2313,United States,1773610868.0,1773610868,-122.3948,37.6178,,True,5.4
7cf497,,Australia,1773611140.0,1773611140,151.1686,-33.9346,,True,1.03
add441,N990SP,United States,1773611145.0,1773611145,-102.4189,33.187,13106.4,False,206.56
7cf493,CAR40,Australia,1773611142.0,1773611142,151.171,-33.9456,,True,8.23
4072ea,VIR19Z,United Kingdom,1773611144.0,1773611144,-122.2794,37.6714,2225.04,False,124.29
a4e181,RPA4646,United States,1773611145.0,1773611145,-78.3724,36.8853,10485.12,False,250.34
aac1e7,N79203,United States,1773611145.0,1773611145,-120.7598,36.7163,2072.64,False,59.68
a07f1b,N131CA,United States,1773611145.0,1773611145,-117.1802,32.8292,480.06,False,40.51
acb468,PDT5820,United States,1773611144.0,1773611144,-70.2918,43.2978,2781.3,False,132.47
acc799,SWA298,United States,1773611144.0,1773611144,-84.714,34.7694,9364.98,False,242.04
c0025a,WJA2653,Canada,1773611144.0,1773611144,-75.765,43.3991,9601.2,False,195.17
a10931,AAL2420,United States,1773611145.0,1773611145,-117.5476,33.7173,6073.14,False,215.8
c1e5a0,LDR 166,Canada,1773611144.0,1773611144,-123.2058,49.1997,,True,1.29
400b84,BAW351,United Kingdom,1773611144.0,1773611144,5.024,46.1899,11597.64,False,221.78
400b82,BAW702E,United Kingdom,1773611145.0,1773611145,16.5587,48.1167,,True,8.75
4ba947,THY11,Turkey,1773611145.0,1773611145,-23.4974,65.1094,10363.2,False,253.18
acc76b,AAL2066,United States,1773611144.0,1773611144,-99.2851,35.7679,9761.22,False,198.2
4ba945,THY6908,Turkey,1773611141.0,1773611144,28.7532,41.9402,6492.24,False,194.9
4caf13,SAS1740,Ireland,1773610847.0,1773610852,25.2847,54.6437,,True,0.0
780fd9,CCA897,China,1773611144.0,1773611145,-3.6885,40.6412,2468.88,False,119.16
a9f737,N741KW,United States,1773610970.0,1773611134,-116.7525,47.7795,876.3,False,23.12
a98d3b,N714ZU,United States,1773611144.0,1773611144,-121.2162,38.425,2270.76,False,54.3
a01ca5,SKW5808,United States,1773610969.0,1773610978,-97.5986,35.3956,,True,0.0
ad7d6c,N96885,United States,1773611102.0,1773611109,-72.1459,40.9639,495.3,False,57.42
ad21bc,SWA3300,United States,1773611144.0,1773611144,-98.7834,29.8466,5242.56,False,167.18
c829ce,ZKIJL,New Zealand,1773611143.0,1773611143,176.0221,-37.6511,914.4,False,64.41
8990e6,EVA032,Taiwan,1773610980.0,1773610983,-118.9086,55.7684,10058.4,False,316.37
8990e5,EVA031,Taiwan,1773611141.0,1773611142,122.1483,25.6765,6263.64,False,203.19
a73a10,LXJ565,United States,1773611144.0,1773611144,-120.628,36.3936,11277.6,False,247.12
a1e302,SWA2464,United States,1773611145.0,1773611145,-72.685,41.0521,8229.6,False,169.52
8990e1,EVA036,Taiwan,1773611145.0,1773611145,-120.1233,56.0891,10668.0,False,320.43
a44f1c,N377PL,United States,1773611145.0,1773611145,-100.3717,30.3849,13106.4,False,164.74
a06010,AAL3237,United States,1773611145.0,1773611145,-99.3502,27.5079,10660.38,False,265.53
a07341,AAL3321,United States,1773611145.0,1773611145,-81.6842,35.507,3497.58,False,155.4
ab317d,N820GM,United States,1773611143.0,1773611145,-84.1129,30.6541,1226.82,False,114.05
4d23b6,ANE2279,Malta,1773611066.0,1773611066,-4.4601,36.6475,160.02,False,65.01
76bcc8,TGW579,Singapore,1773611144.0,1773611144,100.5793,3.2379,12489.18,False,251.48
a8d71c,QXE2024,United States,1773611144.0,1773611145,-122.6632,41.9948,2971.8,False,125.14
76bcc7,TGW883,Singapore,1773611144.0,1773611145,121.1713,13.6693,12192.0,False,228.37
aa84bf,N777TP,United States,1773611145.0,1773611145,-82.6074,30.2149,3627.12,False,129.64
c01533,ASP511,Canada,1773611145.0,1773611145,-112.1982,36.226,9860.28,False,254.87
ad7d9f,ASA504,United States,1773611048.0,1773611048,-122.3179,47.4645,38.1,False,76.14
a61a28,N4922D,United States,1773611144.0,1773611144,-117.2781,32.8542,929.64,False,41.95
a74107,N567BC,United States,1773611143.0,1773611144,-119.637,34.8229,2735.58,False,85.9
c05ba9,WJA1501,Canada,1773611144.0,1773611144,-121.5954,39.7344,10972.8,False,213.91
ae54f1,RN223,United States,1773611144.0,1773611144,-84.6931,31.2325,3817.62,False,123.28
a5012d,AAL2033,United States,1773611139.0,1773611143,-71.0194,42.3597,,True,0.0
adcd5e,N989JC,United States,1773611145.0,1773611145,-78.8342,41.1561,9433.56,False,262.22
a5b1a8,UAL469,United States,1773611144.0,1773611144,-122.3907,37.6198,,True,2.83
7c561d,PHA81,Australia,1773611145.0,1773611145,172.9618,-41.9627,8862.06,False,213.91
c829db,ZKRGE,New Zealand,1773611144.0,1773611144,172.7828,-43.1794,434.34,False,48.39
a08689,KAP922,United States,1773611144.0,1773611144,-70.8149,42.8857,1089.66,False,94.1
a32f30,EJM304,United States,1773611144.0,1773611144,-98.968,40.6933,12382.5,False,236.67
aa6ab0,N770T,United States,1773611145.0,1773611145,-78.0741,38.5035,1463.04,False,92.02
c0150d,,Canada,1773611027.0,1773611027,-117.1933,32.7321,,True,0.0
ac01fc,FDX721,United States,1773611145.0,1773611145,-86.1208,38.4551,11887.2,False,278.41
8990f0,CAL756,Taiwan,1773611144.0,1773611144,120.3038,19.1412,10058.4,False,277.65
86dc9a,ANA813,Japan,1773611141.0,1773611141,113.9274,22.315,,True,6.43
503ee7,VST69,Lithuania,1773611130.0,1773611130,25.2785,54.6381,,True,2.06
8990ef,CAL5346,Taiwan,1773611134.0,1773611144,-122.3786,37.6241,,True,5.66
c829e2,ZKAPL,New Zealand,1773611145.0,1773611145,173.6003,-41.3768,8229.6,False,150.41
aa0a0a,NKS1661,United States,1773611144.0,1773611144,-85.1016,39.3644,10043.16,False,272.0
44083c,EJU65FN,Austria,1773611144.0,1773611145,-16.7845,32.6893,,True,0.06
a0601d,N123PA,United States,1773610973.0,1773610976,-85.7679,30.4416,1584.96,False,79.51
c05bc6,ROU1706,Canada,1773611145.0,1773611145,-75.09,46.1056,6758.94,False,210.84
a55af0,N444R,United States,1773611144.0,1773611144,-81.0013,35.7171,13723.62,False,236.37
adcd8e,AXO989,United States,1773611145.0,1773611145,-86.7421,33.4833,7185.66,False,151.33
a79aae,ASA2617,United States,1773611144.0,1773611144,-91.082,37.3087,12192.0,False,211.62
ac0f03,SWA4555,United States,1773611144.0,1773611144,-122.1691,37.5534,906.78,False,112.92
a5c4e5,VAR471,United States,1773610940.0,1773610941,-112.366,33.4318,,True,0.06
a5c4e2,ASA664,United States,1773611107.0,1773611107,-117.5869,34.0569,266.7,False,76.14
aa6aa1,SKW6200,United States,1773611143.0,1773611144,-112.3338,34.0137,6172.2,False,176.56
a25ca4,EJA251,United States,1773611119.0,1773611119,-86.6658,33.5746,754.38,False,106.4
a7b753,N5969Q,United States,1773611145.0,1773611145,-117.7641,33.6507,1661.16,False,50.46
a10973,N166RD,United States,1773611145.0,1773611145,-109.658,35.8476,12496.8,False,185.1
a5bdf5,N4694G,United States,1773611145.0,1773611145,-116.6848,43.8453,1341.12,False,60.19
a55af6,N444RF,United States,1773611145.0,1773611145,-115.8579,44.0811,11582.4,False,154.13
c00e5c,FLE631,Canada,1773611145.0,1773611145,-103.638,51.5369,10972.8,False,207.01
a2a19f,N269NG,United States,1773611144.0,1773611144,-82.0182,33.8597,4777.74,False,150.44
4caf2a,RYR64AN,Ireland,1773611144.0,1773611144,9.6463,45.6091,3025.14,False,145.59
a156ce,N18586,United States,1773611117.0,1773611118,-122.4173,45.6278,121.92,False,25.21
aa7dad,AAL3190,United States,1773611145.0,1773611145,-76.008,37.4053,10073.64,False,254.81
84b5ac,JJP28,Japan,1773611145.0,1773611145,140.5844,34.9921,4236.72,False,182.3
a7fdab,ASA62,United States,1773611145.0,1773611145,-126.7909,51.6366,11887.2,False,256.51
a957b0,N70052,United States,1773611145.0,1773611145,-149.086,61.6242,304.8,False,34.32
a6caa1,NCR877,United States,1773611144.0,1773611144,-97.6134,27.2679,10363.2,False,235.48
717ccf,KNE329,Saudi Arabia,1773611145.0,1773611145,76.4561,28.4355,2766.06,False,123.57
a87428,ASA64,United States,1773611144.0,1773611144,-133.8438,57.8626,5227.32,False,168.09
a143a3,SWA3573,United States,1773611145.0,1773611145,-82.3656,31.6846,11582.4,False,252.47
a76771,N57627,United States,1773611145.0,1773611145,-121.048,38.6027,1158.24,False,45.6
a5c4de,AAL2072,United States,1773610924.0,1773611067,-97.0356,32.9029,,True,0.0
4ca301,RYR3944,Ireland,1773611144.0,1773611144,-5.0953,45.3932,11277.6,False,245.63
a38fa4,JBU1596,United States,1773611144.0,1773611144,-71.0319,42.3097,160.02,False,75.69
4ca303,RYR8058,Ireland,1773611145.0,1773611145,5.04,47.598,11582.4,False,215.47
ab5724,N83MR,United States,1773611145.0,1773611145,-98.6421,32.5917,8534.4,False,125.67
a4a638,N399WM,United States,1773611144.0,1773611145,-81.8367,30.9824,5791.2,False,144.62
0d08d1,AMX020,Mexico,1773611145.0,1773611145,-82.4346,24.1337,11574.78,False,231.97
c05095,WEN3553,Canada,1773611144.0,1773611145,-107.2958,52.3039,5227.32,False,128.43
a32f82,EDV5412,United States,1773611145.0,1773611145,-84.3276,33.7427,10668.0,False,225.84
a4eca6,RPA4658,United States,1773610912.0,1773610912,-78.7765,35.895,137.16,False,74.94
a19362,JTL200,United States,1773611144.0,1773611144,-96.7351,31.6331,11216.64,False,216.96
a539fb,LXJ436,United States,1773611135.0,1773611135,-108.7814,43.2063,12428.22,False,236.3
514005,,Georgia,1773611144.0,1773611145,40.2867,41.5792,-304.8,True,0.0
514004,,Georgia,1773611144.0,1773611145,86.53,40.45,,True,74.59
a9a901,DAL318,United States,1773611145.0,1773611145,-102.8527,40.551,11590.02,False,232.66
a5ac14,ASA2616,United States,1773611144.0,1773611145,-94.7357,30.1318,1691.64,False,118.14
aae7b3,VXP232,United States,1773611144.0,1773611144,-72.8083,40.5164,2598.42,False,164.93
a83920,QXE2117,United States,1773611144.0,1773611144,-116.0057,44.841,9753.6,False,181.1
aa7f2a,UAL1233,United States,1773611119.0,1773611119,-74.1729,40.6883,,True,13.38
a526e2,AAL767,United States,1773611145.0,1773611145,-100.6986,35.1059,10066.02,False,269.86
a646bc,SKW4916,United States,1773611145.0,1773611145,-112.4574,32.9687,10668.0,False,230.44
a9591e,JRE701,United States,1773611145.0,1773611145,-76.6172,39.2869,12451.08,False,167.7
4d23fa,RYR16XC,Malta,1773610983.0,1773610983,0.2536,51.8976,167.64,False,65.89
a9819b,AAL1211,United States,1773611144.0,1773611144,-90.2492,30.5652,3208.02,False,153.22
4d23fb,RYR9BG,Malta,1773611144.0,1773611144,13.7829,43.2138,4922.52,False,178.2
a646c4,N503TF,United States,1773611104.0,1773611107,-114.1324,47.694,6804.66,False,228.43
a44308,DAL908,United States,1773611144.0,1773611144,-85.776,43.8228,8846.82,False,231.0
a21668,N2333B,United States,1773611145.0,1773611145,-97.2589,35.5616,1348.74,False,105.19
aa7f24,UAL1332,United States,1773610889.0,1773610889,-87.9317,41.9731,,True,0.0
aa7f23,UAL2862,United States,1773611143.0,1773611145,-94.1006,32.2434,9753.6,False,203.08
a2b3a2,SWA402,United States,1773611144.0,1773611144,-79.501,27.8637,6096.0,False,149.81
a1933d,N200NP,United States,1773611144.0,1773611144,-121.2542,36.8573,4975.86,False,118.51
a83953,SKW5702,United States,1773611144.0,1773611144,-98.38,32.9824,10058.4,False,254.53
a1099f,SKW5684,United States,1773610985.0,1773610985,-122.584,45.589,,True,12.35
0d08f4,,Mexico,,1773610921,,,,False,232.83
ab9dab,BRG2652,United States,1773610832.0,1773610832,-159.996,66.6005,,True,1.29
c00e25,ACA1365,Canada,1773611145.0,1773611145,-82.9974,29.4657,11277.6,False,224.22
a49ca4,N39688,United States,1773611145.0,1773611145,-111.8321,40.232,1882.14,False,47.3
a81f1f,QXE2049,United States,1773611145.0,1773611145,-121.7578,45.0625,4457.7,False,208.82
aa7f0f,N7758E,United States,,1773611145,,,,False,55.26
a19340,N200NS,United States,1773611144.0,1773611144,-95.8905,30.5041,1958.34,False,161.68
ac0da0,N876LF,United States,1773611145.0,1773611145,-105.9256,41.4273,7924.8,False,70.98
a7ff0e,SKW9924,United States,1773611144.0,1773611144,-81.0866,35.4298,1516.38,False,133.56
a5d965,SWA377,United States,1773611145.0,1773611145,-87.9059,42.8828,685.8,False,56.41
400b00,EFW8VP,United Kingdom,1773610888.0,1773610888,-0.169,51.1544,,True,3.6
ab9dc6,N848CC,United States,1773611145.0,1773611145,-79.949,38.6814,12192.0,False,208.96
0d08eb,VOI1005,Mexico,1773611131.0,1773611142,-110.7099,27.5807,11277.6,False,248.53
a19343,AAL1119,United States,1773611051.0,1773611134,-91.7126,32.9223,8534.4,False,202.58
ab3d39,AAL2939,United States,1773611145.0,1773611145,-77.7379,37.5962,10180.32,False,250.04
a8aa87,AAL2499,United States,1773611063.0,1773611063,-97.6724,30.2009,,True,4.89
440828,AUA72AQ,Austria,1773611144.0,1773611144,18.0205,46.6613,10058.4,False,205.63
c00e17,ACA1218,Canada,1773611145.0,1773611145,-72.1961,45.7388,7574.28,False,213.8
440826,AUA747,Austria,1773611145.0,1773611145,16.5721,48.1166,,True,4.37
440824,AUA68E,Austria,1773611144.0,1773611144,18.9886,49.8156,3375.66,False,173.68
c00e15,ACA2157,Canada,1773611144.0,1773611144,-83.579,28.7443,11277.6,False,226.7
a143e9,SWA145,United States,1773611144.0,1773611144,-94.2706,36.5323,11277.6,False,243.89
4caf94,SAS50P,Ireland,1773611060.0,1773611100,21.4055,64.4296,1485.9,False,138.47
44081d,AUA111,Austria,1773611144.0,1773611144,16.318,47.959,3284.22,False,138.89
a34978,JBU1039,United States,1773611145.0,1773611145,-92.1697,33.8504,10972.8,False,200.57
ab07f5,N81KS,United States,1773611057.0,1773611123,-119.0517,35.4346,,False,0.0
a5ac1d,N4649U,United States,1773611145.0,1773611145,-150.2253,61.3667,274.32,False,58.2
0d08fa,XBGON,Mexico,1773611135.0,1773611145,-98.239,19.3868,3169.92,False,61.34
0d08fd,VOI3628,Mexico,1773610874.0,1773610876,-100.2227,19.5712,7856.22,False,209.72
48e9f2,RYR97MM,Poland,1773611144.0,1773611145,0.1241,45.1327,11582.4,False,209.34
c01505,ACA788,Canada,1773611032.0,1773611035,-109.4078,39.7322,10668.0,False,207.29
a19357,EDV5145,United States,1773611096.0,1773611098,-84.432,33.643,,True,0.0
a97a67,N71HD,United States,1773611144.0,1773611144,-118.3366,34.096,411.48,False,0.0
a97a66,VNT71,United States,1773611044.0,1773611044,-81.8724,26.579,22.86,False,59.04
a1939a,N200SG,United States,1773611144.0,1773611144,-114.5909,36.3208,10668.0,False,228.45
e485af,TAM3334,Brazil,1773611144.0,1773611144,-42.9878,-22.4211,10683.24,False,248.71
ac5d38,SKW4826,United States,1773611144.0,1773611144,-115.9851,33.9649,10972.8,False,227.26
aa7f01,UAL2156,United States,1773611145.0,1773611145,-113.2763,35.627,7536.18,False,187.49
a31c96,N3WB,United States,1773611145.0,1773611145,-96.9002,31.7256,6096.0,False,142.61
aa7f09,UAL444,United States,1773611145.0,1773611145,-117.1482,32.6658,3238.5,False,157.95
a0608b,N123TL,United States,1773611144.0,1773611144,-77.2951,35.8911,11574.78,False,164.95
a2a0bb,N269DD,United States,1773611144.0,1773611144,-121.6921,37.165,312.42,False,53.78
a44f9c,UPS5768,United States,1773611145.0,1773611145,-85.6473,37.7833,5143.5,False,192.93
a539c9,DAL67,United States,1773611145.0,1773611145,-82.2972,37.1287,11582.4,False,216.69
e47ed1,GLO1235,Brazil,,1773610954,,,,False,249.51
ac27cf,SWA1191,United States,1773611144.0,1773611144,-106.7199,41.198,8839.2,False,187.46
a97a73,N71HR,United States,1773611144.0,1773611144,-83.69,33.9219,5158.74,False,218.97
acad02,AAL1527,United States,1773610970.0,1773610989,-79.617,24.2343,6705.6,False,146.83
ab9de9,DAL1858,United States,1773611142.0,1773611142,-78.6427,31.8906,10668.0,False,235.56
a44f8b,N377TX,United States,1773611145.0,1773611145,-101.0625,33.7922,4709.16,False,116.67
c0503d,CGEKA,Canada,1773611145.0,1773611145,-113.7155,51.8783,1165.86,False,34.0
c0636c,PTR2514,Canada,1773611137.0,1773611138,-79.419,43.6237,213.36,False,44.41
a779b0,ASA1426,United States,1773611144.0,1773611144,-122.745,45.6436,510.54,False,93.52
ad34b9,DAL3094,United States,1773611144.0,1773611144,-85.2497,32.4551,6949.44,False,223.26
a1804c,AAL1996,United States,1773611144.0,1773611145,-97.3449,33.1312,3695.7,False,214.27
ad34b4,AAL1346,United States,1773611144.0,1773611144,-69.899,12.965,4244.34,False,204.55
406bbb,SHT6U,United Kingdom,1773611145.0,1773611145,-2.4394,54.18,11574.78,False,228.45
7cf43a,,Australia,1773611141.0,1773611141,151.1722,-33.9387,,True,0.51
45ac30,SAS22Y,Denmark,1773611145.0,1773611145,17.9537,59.6532,,True,11.83
a383f3,JBU1272,United States,1773611144.0,1773611144,-82.6121,44.2747,11277.6,False,256.56
7cf43b,CAR10,Australia,1773610856.0,1773610856,151.1914,-33.9681,,True,4.37
45ac32,SAS1488,Denmark,1773611144.0,1773611144,17.3509,59.876,5173.98,False,196.58
7cf43c,CAR60,Australia,1773611112.0,1773611115,151.1706,-33.9458,,True,0.19
45ac33,SAS812,Denmark,1773611128.0,1773611137,11.1435,60.3055,876.3,False,66.92
ac01a4,ES803,United States,1773611144.0,1773611144,-121.3275,38.5553,266.7,False,43.68
a32368,DAL1670,United States,1773611141.0,1773611143,-84.433,33.6437,,True,0.0
a9f760,N741MM,United States,1773611144.0,1773611144,-122.8602,45.4547,548.64,False,88.69
0acb39,KRE372,Colombia,1773611143.0,1773611144,-74.4434,4.6704,4030.98,False,159.45
ab4464,EAL3583,United States,1773611144.0,1773611145,-82.2996,43.4273,12192.0,False,199.13
ab3133,DAL539,United States,1773611144.0,1773611145,-96.9678,31.517,10668.0,False,266.74
acc757,N922TX,United States,1773611145.0,1773611145,-93.5224,33.1164,13220.7,False,206.25
a8c44b,NKS946,United States,1773611013.0,1773611014,-80.1695,26.0659,38.1,False,76.65
c1e64c,STF34,Canada,1773611144.0,1773611144,-123.1961,49.1858,,True,8.75
c000eb,WJA1,Canada,1773611144.0,1773611144,-95.3857,64.5512,11582.4,False,251.9
ab3d6f,EJA823,United States,1773611143.0,1773611143,-113.5649,41.8793,13106.4,False,233.07
39b221,ABB858,France,1773611145.0,1773611145,11.4004,49.3407,10668.0,False,253.56
a396fd,DAL2432,United States,1773611145.0,1773611145,-98.5072,29.5603,876.3,False,88.79
7cf444,CAR64,Australia,1773611135.0,1773611143,151.1725,-33.945,,True,0.0
45ac50,SAS74E,Denmark,1773611144.0,1773611144,12.7213,55.3582,2811.78,False,159.92
e485b2,,Brazil,1773610958.0,1773610962,-46.6592,-23.6258,,True,1.29
a8bd6a,UAL956,United States,1773611127.0,1773611127,-74.1782,40.6991,,True,0.0
c05060,ACA973,Canada,1773611144.0,1773611144,-79.664,43.5141,1859.28,False,90.6
ac6445,AAL1380,United States,1773611145.0,1773611145,-115.9146,33.9355,7620.0,False,212.18
a50cb7,RPA4465,United States,1773611144.0,1773611145,-74.658,40.5242,6057.9,False,156.36
aa0a6e,SKW6221,United States,1773611145.0,1773611145,-92.1344,34.2358,4701.54,False,163.06
4b8e0b,PGT1662,Turkey,1773609895.0,1773611118,27.8087,43.9026,11277.6,False,238.75
a3dfde,N349MP,United States,1773611145.0,1773611145,-78.3827,42.532,8229.6,False,178.49
a03816,RPA4659,United States,1773611145.0,1773611145,-76.3146,39.1178,6073.14,False,209.13
ad84de,AAL2067,United States,1773611144.0,1773611145,-79.5519,37.7205,7330.44,False,239.27
c05e8e,JZA7991,Canada,1773611144.0,1773611144,-69.0894,46.7926,9753.6,False,189.35
abd135,SWA832,United States,1773611145.0,1773611145,-77.8194,34.8924,11277.6,False,252.66
a5ac84,N465DL,United States,1773611144.0,1773611144,-117.0705,33.022,4846.32,False,108.56
ad1d73,N944QS,United States,1773611144.0,1773611144,-98.3149,27.4686,12374.88,False,265.61
a9e3a1,N736ZN,United States,1773611144.0,1773611144,-119.4795,35.8829,2537.46,False,64.62
3485d2,ANE77CN,Spain,1773610907.0,1773610912,-3.5508,40.46,579.12,False,66.47
a68371,KOW519,United States,1773611143.0,1773611144,-102.4543,36.0541,13723.62,False,266.59
ac046e,SWA4577,United States,1773611145.0,1773611145,-86.5062,36.927,10363.2,False,193.42
a098f6,AAL2900,United States,1773611144.0,1773611144,-110.3641,32.6434,9753.6,False,216.47
a5c694,UAL2644,United States,1773611140.0,1773611144,-101.0049,40.7272,10972.8,False,222.03
a6d34b,EJA539,United States,1773611144.0,1773611144,-84.2965,40.9264,13106.4,False,176.57
abdd91,SWA3995,United States,1773611132.0,1773611141,-121.9216,37.3604,,True,0.0
0c6036,BWA275,Trinidad and Tobago,1773610914.0,1773610914,-61.0143,13.7608,4792.98,False,100.64
a7f31f,N611GV,United States,1773611145.0,1773611145,-151.1356,60.6566,1074.42,False,56.94
a6c013,JBU1343,United States,1773611145.0,1773611145,-73.1535,40.388,10972.8,False,208.79
a80c4e,N61786,United States,1773611144.0,1773611144,-123.0012,45.3506,1127.76,False,41.68
a20eb0,CXK475,United States,1773611144.0,1773611144,-112.2592,41.5296,2209.8,False,59.05
a67050,JIA5325,United States,1773611129.0,1773611129,-90.0249,32.4405,9753.6,False,193.19
4aaa16,POL5450,Sweden,1773611144.0,1773611144,18.2335,59.5833,449.58,False,39.13
a81f83,SKW5749,United States,1773611145.0,1773611145,-106.3072,39.0064,6393.18,False,175.51
aab169,SWA8810,United States,1773611143.0,1773611143,-78.2519,30.9451,11277.6,False,231.14
a0ceb3,VJA151,United States,1773611144.0,1773611144,-121.8038,36.6895,2476.5,False,147.24
ad84db,NKS252,United States,1773611145.0,1773611145,-79.5407,33.8911,8945.88,False,215.16
aedab9,BGST350,United States,1773611145.0,1773611145,-106.5567,31.9187,2750.82,False,115.65
a909fe,N6815J,United States,1773611080.0,1773611084,-117.889,35.5825,1143.0,False,47.67
a6705c,ASA572,United States,1773611133.0,1773611133,-78.7732,35.8977,144.78,False,84.03
a9f6b9,SKW4910,United States,1773611145.0,1773611145,-111.9931,33.4397,,True,0.0
a108b0,N166HJ,United States,1773611142.0,1773611144,-84.4675,30.1157,5044.44,False,177.29
e4997c,TAM8035,Brazil,1773611144.0,1773611144,-57.7285,-33.6176,7703.82,False,217.75
ab8180,SCX385,United States,1773611144.0,1773611144,-82.141,26.3933,1501.14,False,97.83
a27816,N25836,United States,1773611144.0,1773611145,-122.9536,45.5684,274.32,False,46.43
ac51f3,SPSTR9,United States,1773611144.0,1773611144,-122.4794,37.9298,2766.06,False,129.87
a80c87,ASA129,United States,1773611144.0,1773611145,-129.4828,54.6118,9448.8,False,210.35
ac048d,SWA219,United States,1773611144.0,1773611144,-83.6346,29.0018,10363.2,False,236.34
ad1142,DAL2799,United States,1773611145.0,1773611145,-82.1966,35.5047,9730.74,False,213.2
a8e9fc,GTX323,United States,1773611145.0,1773611145,-77.4693,39.3018,944.88,False,71.54
406279,CFE14K,United Kingdom,1773611144.0,1773611144,0.7531,51.7957,3124.2,False,172.46
acf131,DAL554,United States,1773611144.0,1773611144,-118.4925,46.6515,9883.14,False,286.97
a8e9fd,UAL2386,United States,1773611145.0,1773611145,-120.9439,38.8128,7924.8,False,237.69
a79046,DAL1219,United States,1773611145.0,1773611145,-98.4762,36.4137,10363.2,False,194.07
a14507,N181GP,United States,1773611090.0,1773611090,-75.4714,41.1132,1143.0,False,81.03
34250a,IBE06GC,Spain,1773611145.0,1773611145,0.6873,41.2726,10355.58,False,227.57
71c246,JNA038,Republic of Korea,1773611135.0,1773611135,127.7309,36.7002,5798.82,False,174.99
a993ad,JIA5237,United States,1773611145.0,1773611145,-81.0976,40.59,7185.66,False,204.36
abe496,SWA3142,United States,1773611145.0,1773611145,-84.247,33.5145,3672.84,False,129.29
a9efd8,N7397S,United States,1773611145.0,1773611145,-77.8912,39.8681,1767.84,False,48.36
a07ebb,N13081,United States,1773610999.0,1773610999,-71.1517,42.7321,60.96,False,32.23
a32396,FFT4372,United States,1773611145.0,1773611145,-107.7995,37.6712,8854.44,False,216.2
ac049e,ASH4027,United States,1773611144.0,1773611144,-95.8946,30.5435,5692.14,False,200.52
503e44,DNA408,Lithuania,1773611145.0,1773611145,-5.9682,53.5072,3413.76,False,192.9
c05213,KNT999,Canada,1773611145.0,1773611145,-64.283,17.256,13106.4,False,194.36
a13227,CXK184,United States,1773611145.0,1773611145,-117.2272,33.0326,1501.14,False,56.96
4cadbd,RYR2ZH,Ireland,1773611145.0,1773611145,13.9891,52.4863,1455.42,False,105.19
a3d3f0,DAL2189,United States,1773611143.0,1773611143,-84.4379,33.6358,,True,9.26
4cadbf,,Ireland,,1773611059,,,,False,7.2
4cadba,RYR75WQ,Ireland,1773610968.0,1773610968,4.4743,50.4661,213.36,False,70.46
aae9a3,DAL1480,United States,1773611144.0,1773611144,-83.6201,34.2968,6118.86,False,196.15
4cadbb,RYR535U,Ireland,1773611144.0,1773611144,29.7707,37.2879,11277.6,False,240.02
a18bbd,N199XX,United States,1773610857.0,1773610863,-97.4203,37.6301,495.3,False,51.32
a6e640,N5436E,United States,1773611142.0,1773611144,-122.7765,47.4778,121.92,False,34.88
aab18c,SWA4291,United States,1773611144.0,1773611144,-84.3518,32.853,8534.4,False,196.6
c0653f,ACA1323,Canada,1773611145.0,1773611145,-79.5838,43.5689,2087.88,False,96.43
a2b513,N2738B,United States,1773611144.0,1773611144,-89.2334,35.3781,2529.84,False,65.41
a55c73,N4444X,United States,1773611144.0,1773611144,-79.4038,39.4951,8465.82,False,250.27
c05e62,ROU1625,Canada,1773611145.0,1773611145,-81.1134,32.9085,10668.0,False,234.17
aa24dd,N75270,United States,1773611144.0,1773611144,-72.856,40.8107,7.62,False,37.47
a072d9,EJA128,United States,1773611144.0,1773611145,-119.9818,37.8531,9304.02,False,279.24
4cadc1,RYR4KX,Ireland,1773611142.0,1773611144,2.3,49.3835,601.98,False,87.84
4cadc2,RYR665A,Ireland,1773611145.0,1773611145,23.6898,37.7963,1638.3,False,138.26
a6831e,N519CP,United States,1773611143.0,1773611143,139.7832,35.5418,,True,13.89
a646f9,VJA503,United States,1773611144.0,1773611144,-100.5535,44.9987,13716.0,False,268.44
4cadc3,RYR294H,Ireland,1773611144.0,1773611144,11.6619,36.0349,10972.8,False,224.49
064236,GAO308,Nigeria,1773611145.0,1773611145,-61.1713,12.9635,1577.34,False,129.4
4cadc4,RYR95EE,Ireland,1773611144.0,1773611144,-1.4861,39.2634,8679.18,False,202.09
74483a,RJA034,Jordan,1773611144.0,1773611145,30.6316,31.9938,10058.4,False,248.84
a75fdc,N57413,United States,1773611144.0,1773611144,-77.9831,38.6646,2133.6,False,104.93
ab819c,UAL442,United States,1773611055.0,1773611055,-74.1796,40.6839,,True,2.83
a6833b,DAL941,United States,1773611145.0,1773611145,-93.3155,44.924,2659.38,False,158.96
0d098a,XAKAD,Mexico,1773611144.0,1773611144,-82.759,26.9522,4823.46,False,216.82
aca1da,ASA685,United States,1773611145.0,1773611145,-122.489,47.1416,3512.82,False,156.65
a7196e,FTD557,United States,1773611145.0,1773611145,-89.6649,37.7761,12192.0,False,196.34
a7ec01,N6097F,United States,1773611145.0,1773611145,-95.0913,30.5536,2034.54,False,64.88
0d098f,XARAN,Mexico,1773611144.0,1773611144,-98.7746,25.84,12496.8,False,221.67
c8292f,CGE83,New Zealand,1773611145.0,1773611145,173.7644,-41.4915,2720.34,False,52.93
4cadca,ITY674,Ireland,1773611145.0,1773611145,11.4824,41.4281,4015.74,False,185.68
a92c25,EJA690,United States,1773611145.0,1773611145,-114.4819,34.7661,9372.6,False,238.8
0b4096,TGPWO,Guatemala,1773611144.0,1773611144,-90.499,14.6719,1920.24,False,83.3
a75fdf,UAL1807,United States,1773611145.0,1773611145,-71.9145,42.0661,4114.8,False,166.07
c8292e,ZKSXT,New Zealand,1773611129.0,1773611130,175.5443,-40.876,327.66,False,49.26
adbaca,JBU578,United States,1773611145.0,1773611145,-90.0605,29.1597,10668.0,False,251.37
34608e,IBE06ZZ,Spain,1773610851.0,1773610851,-3.5269,40.4644,601.98,False,69.35
a74cc1,N57HB,United States,1773611144.0,1773611144,-97.4096,29.9473,2011.68,False,72.33
acea76,N931MC,United States,1773611145.0,1773611145,-80.4661,33.0981,2286.0,False,76.54
a5ac3f,GFY4654,United States,1773611145.0,1773611145,-122.8664,45.9417,556.26,False,65.07
aa24e1,N75274,United States,1773611144.0,1773611144,-118.5004,34.1776,457.2,False,45.92
a5ac3b,AAL2828,United States,1773611099.0,1773611136,-77.0414,38.8546,,True,0.0
a202a1,MXY157,United States,1773611144.0,1773611144,-82.2434,32.9805,5204.46,False,189.55
c06539,ACA567,Canada,1773611144.0,1773611144,-122.2406,45.9385,10972.8,False,204.78
a740a3,N56679,United States,1773611145.0,1773611145,-73.9727,40.3301,327.66,False,58.07
a873ae,N6437A,United States,1773611145.0,1773611145,-122.9777,45.4554,419.1,False,51.31
ac791d,AAL528,United States,1773611145.0,1773611145,-98.7504,41.8623,11887.2,False,242.43
c82952,ANZ214,New Zealand,1773611143.0,1773611143,144.8434,-37.6688,,True,0.0
aa0aab,AAL351,United States,1773611144.0,1773611144,-78.7048,31.5658,10965.18,False,227.83
0c605d,BWA611,Trinidad and Tobago,1773611144.0,1773611145,-73.0461,40.0927,11277.6,False,254.74
aa6113,AAL3259,United States,1773611145.0,1773611145,-97.6058,35.3221,739.14,False,56.59
a79c59,N59PF,United States,1773611145.0,1773611145,-73.3944,41.0956,487.68,False,66.95
86951c,ANA212,Japan,1773611145.0,1773611145,22.6445,45.7955,9448.8,False,239.22
44a831,GXA551,Belgium,1773611145.0,1773611145,-84.5281,42.4472,2887.98,False,145.91
a9592f,N701KJ,United States,1773611145.0,1773611145,-115.1715,35.7284,2004.06,False,94.47
aa7439,AAL784P,United States,1773611144.0,1773611144,-74.7009,40.0306,10668.0,False,269.06
ad7f04,EJA969,United States,1773611063.0,1773611063,-80.0176,32.7048,45.72,False,50.94
a4080c,UPS400,United States,1773611144.0,1773611144,-79.6403,30.695,10980.42,False,242.21
aa8767,N778GT,United States,1773611133.0,1773611133,-111.6103,34.5637,3307.08,False,80.07
040240,ETH701,Ethiopia,1773611144.0,1773611144,8.0693,49.0454,10668.0,False,257.97
a6f98e,EDV5235,United States,1773610979.0,1773611065,-81.2152,31.2022,4678.68,False,166.29
4cada6,ITY1603,Ireland,1773611073.0,1773611073,15.934,41.0693,3489.96,False,142.75
a8cfa9,EJA667,United States,1773611143.0,1773611144,-78.6388,29.469,12496.8,False,228.85
0c6061,BWA078,Trinidad and Tobago,1773611144.0,1773611144,-78.1125,33.0418,10972.8,False,212.11
0c6062,BWA483,Trinidad and Tobago,1773611145.0,1773611145,-67.1317,18.4448,11277.6,False,259.75
040243,ETH501,Ethiopia,1773611145.0,1773611145,3.1229,45.9589,11887.2,False,268.95
a620b7,UAL592,United States,1773610973.0,1773610974,-112.93,37.9939,8854.44,False,253.38
a2f092,ENY4014,United States,1773611134.0,1773611134,-97.0329,32.9102,,True,9.26
4cadc0,RYR4YB,Ireland,1773611144.0,1773611145,7.8713,51.8427,11582.4,False,223.94
0c6058,BWA7267,Trinidad and Tobago,1773610958.0,1773610959,-61.8498,15.1955,6400.8,False,146.46
c05220,ROU1664,Canada,1773611145.0,1773611145,-81.9326,26.4226,716.28,False,88.89
0c6059,BWA212,Trinidad and Tobago,1773611145.0,1773611145,-60.4356,11.661,5494.02,False,98.11
a55055,SWA379,United States,1773611140.0,1773611145,-121.9256,37.3648,,True,1.54
780560,CES201,China,1773610266.0,1773611142,106.0292,50.6115,9144.0,False,232.97
346082,AEA7319,Spain,1773611145.0,1773611145,-5.4294,41.1539,9144.0,False,258.63
4408fd,TAY1861,Austria,1773611144.0,1773611144,21.6817,46.319,10972.8,False,244.48
e4869f,PRFNE,Brazil,1773611144.0,1773611144,-46.7932,-23.6107,1965.96,False,117.18
a2ae06,N272BC,United States,1773611144.0,1773611144,-85.6817,42.864,1089.66,False,128.15
a13e56,N18AC,United States,1773611144.0,1773611144,-121.3326,44.1828,2712.72,False,43.92
4cadb8,RYR792M,Ireland,1773611145.0,1773611145,11.5762,40.5837,11277.6,False,232.62
aa1dd1,XSR751,United States,1773611145.0,1773611145,-84.6231,34.936,13098.78,False,205.69
4cadb9,RYR12JU,Ireland,1773611145.0,1773611145,11.0759,44.1759,11277.6,False,237.43
a7f308,LXJ611,United States,1773611144.0,1773611144,-76.6698,42.5311,9448.8,False,262.19
a7f302,FFT3364,United States,1773611145.0,1773611145,-83.9974,35.2103,10675.62,False,247.36
a6701d,N51380,United States,1773611145.0,1773611145,-122.2459,47.9302,693.42,False,60.92
ac0fb6,SWA8515,United States,1773611101.0,1773611101,-158.0042,21.291,1859.28,False,114.02
0d0947,VIV4184,Mexico,1773611102.0,1773611104,-100.6267,23.6797,11582.4,False,221.25
a37e6c,AAY1044,United States,1773611145.0,1773611145,-84.396,30.6057,10050.78,False,235.62
4bca64,RHH077,Turkey,1773611144.0,1773611144,30.6946,36.6501,12512.04,False,224.97
3c7a46,CFG6LT,Germany,1773611144.0,1773611145,26.3683,35.0403,11277.6,False,262.68
aa86cc,AAL192,United States,1773611099.0,1773611099,-97.032,32.8818,,True,0.0
a2b560,LN274AH,United States,1773611144.0,1773611144,-82.5256,38.9932,11117.58,False,157.48
4cadfd,RYR503Y,Ireland,1773611145.0,1773611145,-7.1051,45.0159,11582.4,False,198.24
4cadfe,RYR9RV,Ireland,1773609035.0,1773611144,17.4168,55.8826,11277.6,False,234.61
a37e79,N324PH,United States,1773610881.0,1773610881,-77.5544,39.0771,91.44,False,10.9
a335f4,DAL836,United States,1773611144.0,1773611144,-89.5087,30.7264,10355.58,False,204.97
406e66,EZY73CA,United Kingdom,1773611144.0,1773611144,-0.5947,53.5375,6362.7,False,175.2
4408c9,EZS52EF,Austria,1773611144.0,1773611144,5.8952,46.2369,3467.1,False,161.26
40753d,TOM407,United Kingdom,1773611144.0,1773611144,25.6525,36.6641,11582.4,False,212.88
4cadfb,ITY772,Ireland,1773611144.0,1773611144,11.7235,40.6247,6309.36,False,209.39
a4ee2e,AAL663,United States,1773611144.0,1773611144,-116.4074,33.8667,9136.38,False,234.37
406e69,EZY58DK,United Kingdom,1773611144.0,1773611144,-8.7952,41.3934,10980.42,False,219.31
7cf4d3,,Australia,1773611089.0,1773611089,151.1811,-33.9441,,True,0.45
a36b50,JBU1729,United States,1773611145.0,1773611145,-79.5751,36.49,10363.2,False,215.67
ab9413,SCX8774,United States,1773611144.0,1773611144,-86.9887,36.6388,3116.58,False,150.24
c00eb0,ACA2169,Canada,1773611133.0,1773611144,-77.3773,33.4406,11277.6,False,248.61
a43baf,N372ET,United States,1773611145.0,1773611145,-101.813,34.201,13106.4,False,227.89
a335eb,ENY3853,United States,1773611145.0,1773611145,-95.6041,36.4979,8229.6,False,249.62
7cf4bd,TGC,Australia,1773610838.0,1773610838,151.1802,-33.9363,,True,4.37
4ca1cc,SAS742,Ireland,1773611085.0,1773611085,25.2855,54.6435,,True,2.31
c82986,ANZ771M,New Zealand,1773611028.0,1773611028,172.5509,-43.4727,45.72,False,58.1
aa395b,SKW6489,United States,1773611144.0,1773611144,-97.9654,33.545,6972.3,False,263.89
a43bb3,,United States,1773610876.0,1773610911,-75.6017,39.6754,,True,8.23
7c4468,NSQ,Australia,1773611144.0,1773611144,145.0702,-40.823,10972.8,False,186.44
0d094c,VIV501,Mexico,1773611145.0,1773611145,-99.5649,25.5752,11582.4,False,217.74
a49206,DAL530,United States,1773611144.0,1773611144,-90.6624,32.3528,9448.8,False,269.21
aad72c,EJA798,United States,1773611145.0,1773611145,-73.7119,41.2032,3810.0,False,200.46
c8296c,ZKOAC,New Zealand,1773611140.0,1773611140,170.2553,-45.769,914.4,False,40.95
a2a213,SKW4091,United States,1773611145.0,1773611145,-118.5269,33.791,2316.48,False,147.85
34604c,ANE12YZ,Spain,1773611144.0,1773611144,1.2314,38.9958,3208.02,False,182.75
abdd00,ASH3991,United States,1773611145.0,1773611145,-100.4303,34.9728,10668.0,False,253.01
a455c7,FFT2402,United States,1773611133.0,1773611133,-97.0357,32.8888,,True,0.0
aba7b0,DAL2322,United States,1773611145.0,1773611145,-81.6738,35.9381,10363.2,False,210.26
aca29a,JBU465,United States,1773611144.0,1773611144,-70.7543,42.4162,1569.72,False,124.7
a36b2d,JBU1298,United States,1773610926.0,1773610926,-101.4658,42.0424,10668.0,False,242.03
a61b14,N49285,United States,1773611145.0,1773611145,-117.9648,33.8749,121.92,False,29.57
346057,IBE0102,Spain,1773611145.0,1773611145,-37.2061,-4.4084,11277.6,False,249.55
347387,IBE0304,Spain,1773611145.0,1773611145,-80.859,34.8933,11887.2,False,269.1
407534,BAW14GM,United Kingdom,1773611144.0,1773611144,4.5965,48.1216,11582.4,False,208.08
a13e7e,N18BT,United States,1773611145.0,1773611145,-96.7569,32.2822,1165.86,False,84.76
a3c233,DAL1465,United States,1773611145.0,1773611145,-96.3854,29.7945,10972.8,False,191.61
503cfd,FBZ5164,Lithuania,1773611144.0,1773611145,-59.3031,-33.3962,10393.68,False,230.31
ab44af,DAL91,United States,1773611144.0,1773611144,-81.0424,31.9917,10058.4,False,231.36
503cfc,FBZ5248,Lithuania,1773611145.0,1773611145,-62.0329,-36.8237,10965.18,False,207.6
a3d568,UPS5306,United States,1773611124.0,1773611124,-84.4188,33.6496,,True,16.46
407535,BAW8TD,United Kingdom,1773611145.0,1773611145,11.5903,55.5098,5189.22,False,215.8
c82997,ZKSXC,New Zealand,1773611143.0,1773611143,176.5208,-38.3345,510.54,False,58.85
ab44ae,AAY1037,United States,1773611145.0,1773611145,-84.8805,32.4921,10660.38,False,245.26
e49908,TAM3581,Brazil,1773611144.0,1773611145,-47.5294,-21.7717,9753.6,False,231.26
ac64a6,SKW3877,United States,1773611145.0,1773611145,-80.8621,37.2452,8679.18,False,231.1
3e0a36,BPO160,Germany,1773611144.0,1773611144,6.9033,50.9647,571.5,False,43.15
4caddb,SAS1680,Ireland,1773611145.0,1773611145,12.7512,54.6521,6880.86,False,191.81
4caddd,ITY722,Ireland,1773611138.0,1773611138,16.6862,40.3927,11269.98,False,228.79
a1a87e,MXY483,United States,1773611145.0,1773611145,-75.6455,37.7026,6484.62,False,213.72
a7b832,JBU1892,United States,1773611144.0,1773611144,-83.0402,27.5023,10370.82,False,235.4
3c7a4a,CFG290,Germany,1773611144.0,1773611145,8.5531,46.7238,9288.78,False,243.69
4cadda,SAS131,Ireland,1773611145.0,1773611145,14.4484,56.7623,9433.56,False,216.98
4cade7,RYR54YK,Ireland,1773611145.0,1773611145,0.578,40.9056,10972.8,False,203.8
711102,FAD616,Saudi Arabia,1773610934.0,1773611145,34.4945,29.5693,11887.2,False,278.01
4cade8,ITY1473,Ireland,1773611145.0,1773611145,12.0121,44.7195,4701.54,False,169.23
a31bc6,N3MU,United States,1773611110.0,1773611110,-119.6255,34.244,1958.34,False,94.96
a49e39,EJA397,United States,1773611145.0,1773611145,-86.7136,34.0651,13106.4,False,191.3
3c7a4b,CFG282,Germany,1773610926.0,1773610926,24.4279,34.0415,10668.0,False,256.96
3c7a4d,CFG2363,Germany,1773611021.0,1773611021,73.6153,30.461,10972.8,False,211.88
4cade5,RYR2288,Ireland,1773611144.0,1773611144,20.6761,44.4375,11590.02,False,228.05
3c7a4e,CFG2360,Germany,1773610212.0,1773611141,28.3893,43.643,10058.4,False,250.69
4cade6,RYR98JL,Ireland,1773611144.0,1773611144,14.6785,44.8373,10972.8,False,227.41
abca00,AAL1104,United States,1773611035.0,1773611088,-89.7468,15.7755,10363.2,False,238.08
a575f4,N451BH,United States,1773611145.0,1773611145,-114.6947,48.6928,8755.38,False,163.13
4cadec,ITY078,Ireland,1773611145.0,1773611145,8.4069,40.9135,10058.4,False,238.08
4caded,ITY1566,Ireland,1773611145.0,1773611145,8.4246,40.8542,1287.78,False,133.27
a49e1b,N397PM,United States,1773611145.0,1773611145,-117.9064,33.3435,3596.64,False,78.12
4cadef,RYR9573,Ireland,1773611144.0,1773611144,3.5111,42.1025,10668.0,False,251.98
aba7d7,JKR85,United States,1773611144.0,1773611144,-81.2668,39.7039,12496.8,False,262.33
a4db2c,N4117H,United States,1773611131.0,1773611131,-115.1965,36.2084,,True,8.23
4cadf9,RYR2EZ,Ireland,1773611145.0,1773611145,-7.3228,40.4201,11277.6,False,250.16
c00ec2,WJA2963,Canada,1773611145.0,1773611145,-82.7082,31.2257,11277.6,False,229.15
4cadf4,RYR41CE,Ireland,1773611145.0,1773611145,-8.4904,52.0214,6888.48,False,173.64
4cadf5,RYR38CV,Ireland,1773611145.0,1773611145,-6.5874,53.0447,4503.42,False,152.12
a6353e,N5A,United States,1773611145.0,1773611145,-78.7406,25.8663,9593.58,False,201.18
4cadf6,RYR83ZU,Ireland,1773611144.0,1773611144,1.1437,43.694,11582.4,False,206.1
ab8112,AAL2273,United States,1773611144.0,1773611144,-80.8096,24.1024,6705.6,False,186.77
c07847,ADS121,Canada,1773611145.0,1773611145,-121.4136,47.4635,12054.84,False,168.79
a980d4,N711LX,United States,1773611143.0,1773611145,-96.7512,40.7917,693.42,False,45.79
a37274,TFF821,United States,1773611144.0,1773611144,-82.7786,32.7241,7139.94,False,237.67
405b6a,EZY21VF,United Kingdom,1773611144.0,1773611144,-8.1238,34.3087,11391.9,False,216.0
71c278,AAR8916,Republic of Korea,1773611144.0,1773611144,126.8942,35.3904,5791.2,False,210.75
71c279,AAR8976,Republic of Korea,1773611143.0,1773611143,126.8675,35.1474,5783.58,False,211.78
40624f,BAW61XM,United Kingdom,1773611144.0,1773611144,0.1224,51.1472,3749.04,False,151.51
40757f,EZY107D,United Kingdom,1773611136.0,1773611136,-3.364,55.9509,,True,9.77
71c277,AAR8905,Republic of Korea,1773611145.0,1773611145,126.7726,35.7855,6096.0,False,205.54
a442da,SKW4246,United States,1773611144.0,1773611144,-111.3957,40.692,6347.46,False,237.23
c80f98,ZKHWD,New Zealand,1773611143.0,1773611143,172.5364,-43.4927,60.96,False,46.7
ac1765,SWA1764,United States,1773611145.0,1773611145,-66.0785,18.5779,1790.7,False,150.29
abca08,DAL738,United States,1773611144.0,1773611145,-83.4463,42.5457,11582.4,False,205.45
ade7b6,N9951E,United States,1773611002.0,1773611003,-122.641,45.6189,-30.48,False,40.09
a037b2,DAL803,United States,1773611144.0,1773611144,-97.0498,32.8791,,True,2.57
ac0448,SWA1649,United States,1773611144.0,1773611144,-87.4424,33.333,10972.8,False,195.89
aa7fa1,DAL2419,United States,1773611145.0,1773611145,-116.5726,42.7273,10363.2,False,179.83
7cf4fa,,Australia,1773611078.0,1773611078,151.177,-33.9313,,True,3.6
ab8d76,ASH6316,United States,1773611144.0,1773611145,-97.9435,26.3208,10614.66,False,203.74
406250,SHT12U,United Kingdom,1773611144.0,1773611144,-0.5327,52.2517,7292.34,False,186.78
7cf4fc,,Australia,1773611098.0,1773611099,151.1696,-33.9393,,True,0.06
c8034e,ZKDPE,New Zealand,1773611145.0,1773611145,176.3449,-40.2945,2004.06,False,65.4
a52844,EJA431,United States,1773611144.0,1773611144,-85.7396,31.6199,13106.4,False,189.91
40756d,EZY91XG,United Kingdom,1773611145.0,1773611145,-2.8116,56.8455,6728.46,False,172.84
a3725a,DAL959,United States,1773611145.0,1773611145,-82.6291,31.5473,9753.6,False,241.03
40756b,EZY14PN,United Kingdom,1773611144.0,1773611144,-2.1331,53.5766,1638.3,False,142.14
40756c,EZY78EG,United Kingdom,1773611145.0,1773611145,1.8565,51.8823,6103.62,False,156.3
405b64,EZY48PQ,United Kingdom,1773611145.0,1773611145,18.7482,43.7102,11574.78,False,219.98
0d0924,VIV101,Mexico,1773611144.0,1773611145,-89.9966,30.7718,10965.18,False,196.76
40756a,EZY62TF,United Kingdom,1773611145.0,1773611145,-4.7591,45.9059,11590.02,False,220.64
347344,IBE07TG,Spain,1773611145.0,1773611145,9.73,53.5385,2346.96,False,147.94
e48614,,Brazil,1773610924.0,1773610924,-46.6531,-23.6337,,True,5.92
ab2ae7,N819BC,United States,1773611143.0,1773611143,-78.9622,26.8301,7620.0,False,235.16
407575,EZY63TK,United Kingdom,1773611145.0,1773611145,5.0808,52.6074,11582.4,False,213.62
a6709e,N514DH,United States,1773611144.0,1773611144,-79.9573,28.6358,4564.38,False,109.38
acb4c1,DAL937,United States,1773611143.0,1773611143,-93.2388,32.0221,10058.4,False,276.39
abdd63,SKW5625,United States,1773611144.0,1773611144,-121.9449,36.923,4236.72,False,171.36
ae07db,RCH337,United States,1773611145.0,1773611145,-74.7509,40.1031,1767.84,False,121.11
407573,EZY57RY,United Kingdom,1773611144.0,1773611144,-3.8259,47.9614,11582.4,False,212.03
407574,EZY968H,United Kingdom,1773611144.0,1773611145,-4.8745,55.4371,5455.92,False,181.97
a2fbf1,UAL2307,United States,1773611145.0,1773611145,-120.0648,38.4278,10363.2,False,225.39
ac64cf,UAL2343,United States,1773611144.0,1773611144,-87.1824,37.9613,9441.18,False,204.66
40622b,EZY28AV,United Kingdom,1773611144.0,1773611145,-3.8932,53.671,4160.52,False,192.02
40622d,EZY762J,United Kingdom,1773611144.0,1773611144,-4.2758,53.9202,7924.8,False,179.8
abdd4a,SWA1133,United States,1773611144.0,1773611144,-89.3783,35.2739,10363.2,False,199.14
a36b73,JBU165,United States,1773611136.0,1773611143,-71.0165,42.3569,,True,0.0
40622f,EZY86QZ,United Kingdom,1773611145.0,1773611145,-0.8144,49.7947,10584.18,False,206.48
a49232,FFT3600,United States,1773611144.0,1773611144,-91.6975,36.2182,11277.6,False,246.86
abe42c,SWA3512,United States,1773610847.0,1773610847,-115.1539,36.0941,,True,8.75
ad1d3d,AAL2829,United States,1773611144.0,1773611145,-111.7787,33.4596,1432.56,False,106.23
71c293,AAR748,Republic of Korea,1773611129.0,1773611129,126.6567,37.238,1440.18,False,116.21
a993f3,N716SM,United States,1773611144.0,1773611145,-81.319,40.0091,6697.98,False,138.92
0d0934,VIV8033,Mexico,1773611144.0,1773611144,-106.0096,30.7896,8656.32,False,211.44
e49957,GLO2075,Brazil,1773611143.0,1773611143,-43.2815,-22.0432,5905.5,False,197.4
4ba906,TKJ7MC,Turkey,1773611144.0,1773611144,30.102,40.3395,6225.54,False,165.94
a7ec9b,N61CD,United States,1773611145.0,1773611145,-111.58,33.6998,1676.4,False,71.47
a335fa,DAL1254,United States,1773611145.0,1773611145,-113.0479,40.7239,6012.18,False,207.33
a993f4,N716SN,United States,1773611145.0,1773611145,-86.004,31.7029,7924.8,False,209.98
4ba902,TKJ8GW,Turkey,1773611117.0,1773611137,30.8019,41.3493,10972.8,False,221.16
a7f390,N611MH,United States,1773611144.0,1773611144,-73.283,40.8708,1706.88,False,43.39
407568,EZY24RK,United Kingdom,1773611145.0,1773611145,-3.4506,40.0083,10972.8,False,201.81
4ba905,TKJ1LJ,Turkey,1773611144.0,1773611144,29.5037,41.3579,5120.64,False,193.52
aaaa4a,SWA3007,United States,1773611145.0,1773611145,-100.6961,26.9129,12481.56,False,267.8
a575b3,N4509D,United States,1773611144.0,1773611144,-81.0952,33.2581,2758.44,False,79.19
4ba901,TKJ291,Turkey,1773611145.0,1773611145,22.2637,49.8432,10972.8,False,232.76
406231,CFE221,United Kingdom,1773611031.0,1773611031,-6.2489,53.4266,,True,4.12
a25278,SKW4813,United States,1773611144.0,1773611144,-112.1553,35.9894,7078.98,False,204.17
40621b,BAW21B,United Kingdom,1773611145.0,1773611145,-111.6618,40.7605,10972.8,False,287.24
a7f37a,N611LL,United States,1773610839.0,1773610839,-76.7069,40.251,373.38,False,66.57
acadd3,JSX1085,United States,1773611145.0,1773611145,-98.0216,32.1824,5745.48,False,225.09
40621d,BAW45,United Kingdom,1773611144.0,1773611144,1.5535,46.0729,10668.0,False,264.83
a50e3f,AAL978,United States,1773611145.0,1773611145,-75.5946,39.6641,1752.6,False,118.61
a2b562,ASA227,United States,1773611145.0,1773611145,-122.2765,37.5863,381.0,False,81.98
ae07e3,RCH786,United States,1773611145.0,1773611145,-94.3902,64.2605,11582.4,False,219.07
ad2445,JBU487,United States,1773611144.0,1773611144,-99.6215,42.6905,10355.58,False,227.55
acfd2c,AAL1980,United States,1773611145.0,1773611145,-83.8051,37.0292,11277.6,False,267.89
ac045e,ASH6185,United States,1773611144.0,1773611144,-91.0869,29.8986,10363.2,False,200.82
86d244,ANA222,Japan,1773611144.0,1773611145,140.7617,35.4355,5798.82,False,180.96
3cdd24,PWF1966,Germany,1773611144.0,1773611144,13.0718,51.5691,5699.76,False,196.04
ac045c,ASH4003,United States,1773611145.0,1773611145,-94.8447,29.9354,3863.34,False,191.43
aab146,SWA2233,United States,1773611141.0,1773611141,-111.9941,33.4321,,True,0.0
ad97eb,N975TK,United States,1773611138.0,1773611138,-79.4113,37.3694,1501.14,False,69.12
71c286,AAR8908,Republic of Korea,1773611145.0,1773611145,126.923,35.6573,7437.12,False,222.12
ad7e6f,JBU2832,United States,1773611145.0,1773611145,-90.6703,31.0393,10675.62,False,264.17
c050ae,ACA1348,Canada,1773611145.0,1773611145,-100.3689,28.2981,11277.6,False,259.8
4cae05,NOS94UH,Ireland,1773611139.0,1773611144,30.2054,31.0213,10972.8,False,199.71
a682ef,ASA8,United States,1773611138.0,1773611145,-77.0419,38.8443,,True,0.0
3424d2,VLG37EW,Spain,1773611145.0,1773611145,2.5859,45.5601,10675.62,False,235.0
3424d1,VLG53FH,Spain,1773611145.0,1773611145,-15.3155,29.685,9753.6,False,225.24
ad2efa,DAL1470,United States,1773611142.0,1773611142,-89.3131,33.1526,10972.8,False,182.85
c0168e,PHX614,Canada,1773611145.0,1773611145,-89.5399,48.2567,1577.34,False,114.06
c050c0,ACA556,Canada,1773611145.0,1773611145,-121.0644,43.3724,11277.6,False,272.1
424c98,MABTE,United Kingdom,1773611144.0,1773611145,14.1623,61.7267,12192.0,False,216.13
7817b7,CSN308,China,1773611145.0,1773611145,12.36,55.2609,11277.6,False,260.69
a0d724,UPS5894,United States,1773611145.0,1773611145,-93.2502,41.4857,9753.6,False,235.01
a19404,SWA3460,United States,1773611144.0,1773611145,-103.8895,38.8515,4754.88,False,149.02
ab3275,SKW4164,United States,1773611143.0,1773611144,-80.9037,38.2116,10363.2,False,215.51
a4f59c,AAL1850,United States,1773611144.0,1773611145,-102.4789,32.437,10363.2,False,206.49
a7f2aa,N611CC,United States,1773611144.0,1773611144,-111.8568,41.2209,2308.86,False,66.53
ac789b,SWA601,United States,1773611145.0,1773611145,-101.7335,35.2868,10668.0,False,256.28
7c07a4,BSM,Australia,1773611143.0,1773611144,151.8998,-27.7082,2499.36,False,83.7
0641f4,GAO360,Nigeria,1773610890.0,1773610890,-71.7397,17.9304,10972.8,False,189.89
a0d72b,AAL3156,United States,1773611144.0,1773611144,-100.97,31.9205,9144.0,False,201.92
4cae15,ITY1735,Ireland,1773611145.0,1773611145,13.7655,39.2037,10668.0,False,218.84
0aca5e,AVA241,Colombia,1773611143.0,1773611143,-74.288,4.7453,3589.02,False,127.83
a825f1,WMA1112,United States,1773611118.0,1773611120,-80.28,26.1878,502.92,False,73.64
0aca68,AVA9822,Colombia,1773610969.0,1773610971,-73.8174,5.9468,9273.54,False,236.0
adc238,JBU1708,United States,1773611144.0,1773611144,-82.2153,26.437,7345.68,False,218.05
a9e50e,N737AB,United States,1773611145.0,1773611145,-122.5612,48.8128,266.7,False,46.92
ad857e,AAL2789,United States,1773611144.0,1773611144,-112.2193,33.3363,2872.74,False,131.4
a08739,N133KB,United States,1773611090.0,1773611101,-83.3033,33.7435,731.52,False,74.06
85134a,SFJ41,Japan,1773611139.0,1773611142,139.7884,35.5446,,True,4.89
aca22e,DAL626,United States,1773611144.0,1773611144,-82.9033,30.056,10668.0,False,230.43
44a6e4,TAY6CA,Belgium,1773611145.0,1773611145,27.5545,36.5281,11277.6,False,242.58
7817cc,QDA926,China,1773611145.0,1773611145,115.9229,22.1705,10668.0,False,249.27
a9cb18,AAL73,United States,1773611144.0,1773611144,151.1708,-33.9342,,True,5.92
a49e9a,UPS234,United States,1773611145.0,1773611145,5.7878,50.8621,8907.78,False,223.88
c1e6d0,WLD67,Canada,1773611137.0,1773611139,-123.1882,49.1869,,True,0.19
ac4b95,SWA1356,United States,1773611144.0,1773611145,-91.0681,38.144,10363.2,False,206.4
c828ad,ZKTAG,New Zealand,1773610838.0,1773610838,176.8681,-39.4738,,True,6.17
a1a7de,N20565,United States,1773611145.0,1773611145,-70.8827,43.1445,944.88,False,58.93
4cae49,RYR89HJ,Ireland,1773611145.0,1773611145,2.9824,47.7764,11277.6,False,245.97
a12ac8,UAL503,United States,1773611144.0,1773611144,-71.0129,42.3574,,True,2.57
a05a49,UCA4865,United States,1773611135.0,1773611135,-77.4402,38.9472,,True,4.63
a1e426,,United States,1773611083.0,1773611083,-116.4036,30.736,396.24,False,49.26
a3373a,AAL2245,United States,1773611144.0,1773611144,-78.3862,29.1622,11277.6,False,239.8
a20433,UAL194,United States,1773611142.0,1773611142,-122.3922,37.6167,,True,1.29
a0c42c,AAL2742,United States,1773611145.0,1773611145,-114.2774,33.9334,8526.78,False,219.44
a50e93,DAL297,United States,1773611143.0,1773611144,-81.1016,36.3981,12192.0,False,212.81
a6e5bc,N5432N,United States,1773611144.0,1773611144,-117.3725,47.9554,975.36,False,59.56
ab329e,UAL1375,United States,1773611144.0,1773611144,-122.3829,37.6203,,True,4.63
c828b3,CGE86,New Zealand,1773611145.0,1773611145,173.8029,-41.3957,975.36,False,52.61
a9f821,N741VE,United States,1773611122.0,1773611122,-86.7663,27.6792,13121.64,False,225.04
acb59c,AAL3113,United States,1773611145.0,1773611145,-83.0277,28.7464,10980.42,False,226.91
ad7282,DAL2039,United States,1773611143.0,1773611143,-87.9151,41.9704,,True,0.0
a682b5,N51885,United States,1773611144.0,1773611144,-112.4838,33.6845,2133.6,False,57.84
a12ac0,UAL619,United States,1773610855.0,1773610857,-95.3079,30.0072,251.46,False,84.89
a12ac1,UAL1896,United States,1773610888.0,1773610888,-109.925,34.6666,9448.8,False,241.58
a12ac2,UAL2640,United States,1773611144.0,1773611144,-80.1116,35.7392,10363.2,False,216.69
a12ac3,UAL1440,United States,1773611145.0,1773611145,-76.001,39.3461,8168.64,False,251.96
a0878e,N133NM,United States,1773611144.0,1773611144,-105.0766,38.9362,11689.08,False,274.26
a61b4e,ASA647,United States,1773610993.0,1773611033,-120.8042,42.6603,10668.0,False,267.02
a407ab,EJA359,United States,1773610836.0,1773610836,-74.0653,40.8465,,True,5.14
a825b8,N624GJ,United States,1773611145.0,1773611145,-77.0768,35.2221,11285.22,False,259.87
a958f6,N701HB,United States,1773611144.0,1773611144,-118.1867,33.7567,1158.24,False,84.27
4d22b0,RYR80WD,Malta,1773611144.0,1773611144,15.1291,39.4626,10965.18,False,245.18
a0c43e,N149BF,United States,1773611133.0,1773611133,-112.3531,40.7611,1737.36,False,45.28
4cae53,RYR88DG,Ireland,1773611145.0,1773611145,6.0118,42.8802,10972.8,False,212.98
4cae54,RYR677R,Ireland,1773611144.0,1773611144,8.678,46.1175,6316.98,False,194.78
4cae55,RYR8QD,Ireland,1773611143.0,1773611143,7.6456,45.1938,,True,0.77
406e10,VIR384T,United Kingdom,1773611144.0,1773611144,12.9698,46.7459,10058.4,False,261.44
406e11,VIR7B,United Kingdom,1773611144.0,1773611144,-118.1833,33.9743,967.74,False,95.84
a9f832,N741VX,United States,1773611080.0,1773611080,-80.5867,36.5802,3345.18,False,111.37
a7a512,N592CL,United States,1773611144.0,1773611144,-79.6398,26.3268,5638.8,False,183.76
ade88f,N9957M,United States,1773611144.0,1773611145,-151.417,59.5803,609.6,False,70.96
4cae51,RYR47KC,Ireland,1773611145.0,1773611145,-2.7708,53.5216,2263.14,False,139.95
a61b51,VAR493,United States,1773611144.0,1773611144,-112.0209,32.9387,1965.96,False,70.41
a7a515,CAP4292,United States,1773611144.0,1773611144,-97.6458,30.4638,1036.32,False,41.78
a43d09,UPS5844,United States,1773611145.0,1773611145,-95.602,40.1834,11590.02,False,237.03
a05a68,UCA4249,United States,1773611143.0,1773611145,-77.4569,38.969,,True,0.0
a97b0e,N71PW,United States,1773611145.0,1773611145,-71.5473,42.1976,8534.4,False,117.16
a3c274,EJA341,United States,1773611144.0,1773611144,-103.5255,40.3108,12496.8,False,230.99
aa72b1,RPA3531,United States,1773611144.0,1773611144,-74.5013,40.7455,3368.04,False,144.35
a85b07,N63767,United States,1773611144.0,1773611144,-97.1808,29.9766,1112.52,False,47.32
a37da0,ERU324,United States,1773611143.0,1773611144,-81.4075,33.9043,769.62,False,77.66
a682e3,JIA5323,United States,1773611145.0,1773611145,-78.0946,37.0601,8839.2,False,256.48
a5025b,N42148,United States,1773611144.0,1773611144,-118.1652,34.1203,1493.52,False,73.0
c05ce2,WEN3705,Canada,1773611145.0,1773611145,-115.9933,52.1348,5478.78,False,171.46
aa253b,AAL49,United States,1773611099.0,1773611103,-97.0459,32.9003,213.36,False,0.73
4cae29,EIN977,Ireland,1773611144.0,1773611144,-77.6993,41.2793,10972.8,False,199.39
3c817a,DHL14,Germany,1773610883.0,1773610883,12.2333,51.4101,,True,8.23
7c4414,NWK1770,Australia,1773611143.0,1773611143,114.8237,-29.0006,10058.4,False,232.83
4cae24,BCS26N,Ireland,1773611144.0,1773611145,12.2321,51.4079,,True,0.64
0aca8e,AVA9504,Colombia,1773611017.0,1773611017,-75.6771,6.081,11582.4,False,240.27
aa6bb7,N7702T,United States,1773611145.0,1773611145,-72.9382,41.5235,1219.2,False,52.87
a74e7a,ASA106,United States,1773611143.0,1773611143,-136.0856,58.8851,9144.0,False,231.7
aa1219,AAL1944,United States,1773611145.0,1773611145,-77.9078,38.9175,6644.64,False,184.05
300780,DLA6EM,Italy,1773611145.0,1773611145,8.3421,47.2377,9448.8,False,245.46
a7687b,ASA29,United States,1773611143.0,1773611143,-110.819,37.2914,11582.4,False,235.48
4ba869,THY6610,Turkey,1773611145.0,1773611145,29.7362,39.2143,10058.4,False,239.23
ad727d,AAL2886,United States,1773611144.0,1773611144,-97.7389,33.8071,5227.32,False,170.44
a958d2,FFT1269,United States,1773611142.0,1773611143,-93.7173,31.9981,6705.6,False,191.29
0aca7f,NSE6753,Colombia,1773611067.0,1773611067,-74.7783,10.8873,,True,7.2
a7fed3,JIA5274,United States,1773611145.0,1773611145,-85.9438,34.4478,4968.24,False,212.47
a05a48,UCA4377,United States,1773611145.0,1773611145,-95.6045,29.8273,2453.64,False,162.05
a7fed0,NKS1067,United States,1773611145.0,1773611145,-97.2706,30.1015,2156.46,False,132.5
a13de2,UAL713,United States,1773611144.0,1773611144,-83.6467,40.5096,12496.8,False,290.15
a24ade,JSX501,United States,1773611141.0,1773611143,-78.4322,29.953,11277.6,False,228.33
4ca243,RYR5774,Ireland,1773611145.0,1773611145,-5.3305,54.7157,7010.4,False,230.92
a6e720,DAL887,United States,1773611145.0,1773611145,-80.8909,46.2827,9906.0,False,197.64
a3244f,AAL447,United States,1773611144.0,1773611144,-80.5327,25.6821,1493.52,False,121.72
a3244a,AAL2414,United States,1773611145.0,1773611145,-78.912,38.6104,5242.56,False,201.58
a44445,N374SP,United States,1773611145.0,1773611145,-97.7438,29.6386,1767.84,False,52.16
a31d75,N30EZ,United States,1773610951.0,1773610971,-83.5832,33.8312,434.34,False,55.22
abd096,KOW860,United States,1773611144.0,1773611144,-115.5538,35.815,12992.1,False,222.11
a24ae3,N247KB,United States,1773611142.0,1773611142,-120.067,37.0847,2506.98,False,75.76
a9d284,ASA179,United States,1773611144.0,1773611144,-148.2982,64.3571,4297.68,False,180.62
a2adf4,ASA396,United States,1773611144.0,1773611144,-89.0571,31.1758,10668.0,False,260.92
4cae80,ITY776,Ireland,1773611144.0,1773611144,12.1996,41.6619,868.68,False,139.89
4d22ca,RYR9163,Malta,1773611144.0,1773611144,19.821,49.9079,3992.88,False,178.95
ab9ec3,N848NF,United States,1773611144.0,1773611145,-117.2575,47.8494,937.26,False,49.45
407fea,WUK40PB,United Kingdom,1773611144.0,1773611145,-1.6685,54.7824,11582.4,False,229.03
7c42e4,NWK2900,Australia,1773611141.0,1773611142,115.9621,-31.9505,,True,0.0
ac5e23,SWA3898,United States,1773611134.0,1773611134,-73.8802,40.7739,,True,32.41
4cae8c,RYR95BW,Ireland,1773611101.0,1773611101,-0.5501,38.2869,,True,1.8
407ff4,WUK8484,United Kingdom,1773611145.0,1773611145,4.2314,51.7848,10050.78,False,215.46
4ca251,RYR3MK,Ireland,1773611144.0,1773611145,-0.5448,39.4496,11285.22,False,236.13
a2f111,SKW3691,United States,1773611145.0,1773611145,-118.2433,34.0402,4351.02,False,166.23
a1f77c,MXY730,United States,1773611145.0,1773611145,-72.4026,40.5105,8717.28,False,199.72
a43100,UAL1340,United States,1773611145.0,1773611145,-75.095,45.4036,10355.58,False,223.72
4cae96,RYR1JA,Ireland,1773611145.0,1773611145,-2.3215,47.5418,11582.4,False,221.74
4cae97,RYR410G,Ireland,1773611145.0,1773611145,-9.5565,40.4941,11582.4,False,216.86
abeea7,N868XL,United States,1773611145.0,1773611145,-81.0123,26.1836,3345.18,False,158.04
4cae98,RYR4761,Ireland,1773611144.0,1773611144,-8.3367,42.3056,12192.0,False,219.34
a67d2f,,United States,1773611114.0,1773611114,-97.6037,35.3917,,True,10.8
4cae92,RYR651Y,Ireland,1773611145.0,1773611145,-6.0998,34.7385,11277.6,False,233.71
4cae93,RYR5239,Ireland,1773611145.0,1773611145,16.3457,46.0271,10972.8,False,222.3
4073a1,EZY84VQ,United Kingdom,1773611145.0,1773611145,-8.2548,42.8852,10965.18,False,212.6
407fda,WUK5387,United Kingdom,1773611015.0,1773611022,30.081,31.1054,9753.6,False,202.28
4cae95,RYR49WT,Ireland,1773611145.0,1773611145,-3.9706,44.2241,11582.4,False,203.8
4cae91,RYR83UN,Ireland,1773611144.0,1773611144,-10.6463,38.7028,10972.8,False,220.46
a31122,SKW3679,United States,1773611144.0,1773611144,-115.3752,40.2388,10363.2,False,237.57
4ca245,RYR85SA,Ireland,1773611145.0,1773611145,8.9726,45.7802,11346.18,False,239.7
a42a10,AMX936,United States,1773611145.0,1773611145,-99.5564,25.3655,3634.74,False,167.36
4073a0,EZY69AG,United Kingdom,1773611145.0,1773611145,7.7895,49.4859,11597.64,False,225.53
a12ae6,UAL394,United States,1773611145.0,1773611145,-79.5415,36.986,11582.4,False,208.46
a3d4de,N346PA,United States,1773611144.0,1773611144,-122.0791,37.1284,10058.4,False,231.04
a12ae9,UAL1650,United States,1773611144.0,1773611144,-84.1859,32.5431,10363.2,False,237.3
4cae5a,RYR88XG,Ireland,1773611144.0,1773611144,-5.7049,41.9006,11582.4,False,209.17
4d22ab,KMM103,Malta,1773611145.0,1773611145,3.7688,45.6954,11262.36,False,245.8
a9cb83,SKW4887,United States,1773611144.0,1773611144,-119.6473,36.3361,10972.8,False,200.39
aa37c1,JRT58,United States,1773611144.0,1773611144,-87.0976,39.4017,5524.5,False,229.83
c802af,ZKDFH,New Zealand,1773610842.0,1773610842,175.2758,-40.613,1958.34,False,47.24
4cae67,RYR9VR,Ireland,1773611144.0,1773611145,4.6799,50.5271,1074.42,False,67.63
ac28e5,SWA555,United States,1773611145.0,1773611145,-116.3296,43.6103,1203.96,False,84.51
4cae68,RYR1JQ,Ireland,1773611145.0,1773611145,10.7539,42.2535,8854.44,False,236.22
a0aa48,N142BS,United States,1773611143.0,1773611143,-95.6943,29.7784,594.36,False,60.03
4cae64,RYR83WN,Ireland,1773611145.0,1773611145,-1.6144,51.667,11590.02,False,218.67
ab9eca,AAL2665,United States,1773610902.0,1773610902,-80.3277,25.7856,76.2,False,76.2
4cae65,RYR20WQ,Ireland,1773611025.0,1773611025,12.2568,41.8571,137.16,False,81.51
4cae66,RYR6156,Ireland,1773610764.0,1773610879,15.2107,55.0495,502.92,False,55.77
407fcc,BAW257,United Kingdom,1773611144.0,1773611144,24.5896,45.3487,11277.6,False,257.39
4cae60,RYR813F,Ireland,1773610718.0,1773611145,20.8438,55.1727,11582.4,False,4.12
4cae61,RYR9972,Ireland,1773611144.0,1773611144,-0.5088,47.4227,10972.8,False,241.62
4cae62,RYR50UL,Ireland,1773611145.0,1773611145,3.5256,49.1617,11582.4,False,215.09
a4dab6,UAL2608,United States,1773611145.0,1773611145,-88.8702,36.2371,11277.6,False,276.67
4d22b3,RYR3485,Malta,1773611145.0,1773611145,7.7622,42.5287,11582.4,False,214.62
4d22b4,RYR93RC,Malta,1773606591.0,1773611140,24.3722,54.4646,4693.92,False,185.72
4cae4c,RYR16,Ireland,1773611144.0,1773611144,-0.7034,42.1775,10820.4,False,258.42
4ba88f,THY6101,Turkey,1773611144.0,1773611144,73.2679,19.7766,10972.8,False,240.17
aae8df,N80168,United States,1773611137.0,1773611144,-121.975,38.3754,304.8,False,45.11
c02966,WJA2903,Canada,1773611144.0,1773611145,-72.4862,41.592,10972.8,False,224.79
a12ae5,,United States,1773610914.0,1773610914,-115.1374,36.0841,,True,1.03
ab3214,AAL2693,United States,1773611144.0,1773611144,-87.6081,32.7395,10972.8,False,194.59
a3d4ed,AAL772,United States,1773611145.0,1773611145,-79.1331,39.2377,7658.1,False,233.89
a05a6b,UCA4914,United States,1773611126.0,1773611126,-77.4433,38.9501,,True,1.8
a1d105,ENY3929,United States,1773611144.0,1773611144,-114.35,38.8865,10668.0,False,281.91
a7b7b3,ASI58,United States,1773611145.0,1773611145,-111.9276,33.0991,1394.46,False,52.67
34258f,VLG8KA,Spain,1773611144.0,1773611144,1.774,43.7346,10668.0,False,244.71
4cae75,SAS9240,Ireland,1773611145.0,1773611145,16.1196,57.9617,11887.2,False,238.32
c80efd,ZKXLT,New Zealand,1773611144.0,1773611144,175.0756,-36.9028,274.32,False,63.53
4d22c4,RYR6889,Malta,1773610990.0,1773610990,16.5563,48.1193,,True,0.0
c802c9,SAV14S,New Zealand,1773611145.0,1773611145,177.0799,-38.0406,1036.32,False,75.31
4ca225,RYR91AG,Ireland,1773611144.0,1773611144,-0.2351,51.5947,4198.62,False,176.45
a33766,AAL1922,United States,1773611144.0,1773611144,-93.7301,32.2744,10058.4,False,265.27
4d22ba,RYR38YA,Malta,1773611145.0,1773611145,15.4184,47.2233,7802.88,False,207.77
4ca281,EIN529,Ireland,1773611139.0,1773611139,-6.2534,53.4204,106.68,False,64.6
ac15d1,UAL646,United States,1773611144.0,1773611144,-104.0028,31.4409,10363.2,False,194.72
aad5ca,AAL173,United States,1773611144.0,1773611145,-72.7597,40.8963,10363.2,False,227.58
a01f24,N107EL,United States,1773610852.0,1773610852,-74.2917,40.8607,30.48,False,38.12
ae68bf,,United States,1773611144.0,1773611144,-82.4061,29.6341,6096.0,False,145.07
a43157,N3699J,United States,1773611144.0,1773611144,-116.4215,43.6181,1409.7,False,42.71
a0b197,N144AL,United States,1773611145.0,1773611145,-110.6482,34.6058,13106.4,False,172.78
a1d16c,N216SR,United States,1773611144.0,1773611144,-98.4773,29.7478,731.52,False,51.82
a7a59f,JBU2322,United States,1773611145.0,1773611145,-71.1191,42.1256,1059.18,False,109.66
a527ab,N431JP,United States,1773611144.0,1773611144,-117.8032,34.0926,472.44,False,34.02
a251fc,N249FS,United States,1773611144.0,1773611144,-117.8424,33.6548,335.28,False,41.7
acae2e,AAL1244,United States,1773611145.0,1773611145,-85.9926,37.3104,9753.6,False,187.05
0aca36,PNC0106,Colombia,1773611058.0,1773611058,-74.8422,11.0113,190.5,False,29.14
4ca294,EIN58K,Ireland,1773611144.0,1773611144,-5.3465,52.2877,8221.98,False,135.2
4ca292,EIN76H,Ireland,1773611145.0,1773611145,-10.2815,41.6982,10355.58,False,219.73
342582,VLG45F,Spain,1773611144.0,1773611144,10.953,46.7569,11285.22,False,231.85
342581,VLG4HE,Spain,1773611145.0,1773611145,-3.0411,37.3573,9319.26,False,227.81
4ca295,EIN40W,Ireland,1773611145.0,1773611145,-4.3787,52.4487,8473.44,False,129.68
e497e5,GLO1976,Brazil,1773611145.0,1773611145,-43.4997,-22.6557,1828.8,False,104.06
aba874,N850MJ,United States,1773611145.0,1773611145,-89.7096,41.4487,8938.26,False,202.4
e497e7,GLO1245,Brazil,1773611144.0,1773611144,-53.7582,-13.0326,10668.0,False,235.58
ab92c4,DAL1783,United States,1773611144.0,1773611144,-78.2791,27.6641,10363.2,False,236.29
a48ae7,ASA815,United States,1773610991.0,1773610991,-157.7992,21.2248,883.92,False,86.94
e0a445,JES3170,Argentina,1773611145.0,1773611145,-64.8155,-37.2356,11262.36,False,234.71
0aca28,AVA9776,Colombia,1773611145.0,1773611145,-81.8495,12.4636,952.5,False,109.05
ac02b4,AAL3117,United States,1773611144.0,1773611144,-81.7696,26.5268,,True,0.39
a086b4,DAL1088,United States,1773611145.0,1773611145,-115.1772,40.7847,10363.2,False,211.29
4073ce,VIR117F,United Kingdom,1773611144.0,1773611144,-75.2184,37.7103,11582.4,False,223.46
a099a7,RPA4690,United States,1773611145.0,1773611145,-82.1764,32.1698,9753.6,False,226.76
4cae9c,RYR47ZP,Ireland,1773611145.0,1773611145,-3.4747,40.3851,1135.38,False,89.11
4cae9d,RYR34CQ,Ireland,1773611144.0,1773611144,-8.5404,41.0773,1424.94,False,123.78
4cae9e,RYR60LH,Ireland,1773611145.0,1773611145,-0.3162,38.2552,1059.18,False,106.01
abf5e4,N87VM,United States,1773611145.0,1773611145,-99.9441,25.6869,1310.64,False,98.88
a92bec,NKS1007,United States,1773611144.0,1773611144,-104.0105,34.4752,10980.42,False,195.33
abeeea,SWA49,United States,1773611145.0,1773611145,-105.616,31.9192,10058.4,False,255.12
a48aca,LXJ392,United States,1773610888.0,1773610888,-86.94,21.0759,350.52,False,56.07
4ca24f,RYR2037,Ireland,1773611144.0,1773611144,4.2123,44.5677,11582.4,False,227.76
4ca24d,RYR5KD,Ireland,1773610885.0,1773610885,13.4854,45.8223,,True,2.57
ad22a1,N9454B,United States,1773611144.0,1773611144,-121.6376,37.9179,1828.8,False,58.5
c05190,TSC822,Canada,1773611145.0,1773611145,-73.7313,45.4881,365.76,False,77.07
a9f87d,RPA3557,United States,1773611140.0,1773611140,-74.1788,40.6789,,True,8.75
3472c4,VLG3006,Spain,1773611007.0,1773611141,-9.0878,33.889,10668.0,False,223.72
3472c3,VLG7YX,Spain,1773611145.0,1773611145,2.3336,39.4617,1752.6,False,140.06
a7070e,N552CC,United States,1773611118.0,1773611143,-79.3994,25.58,6126.48,False,167.01
acb544,N918K,United States,1773611144.0,1773611145,-75.3862,40.6137,1264.92,False,62.5
acb541,JSX884,United States,1773611144.0,1773611144,-74.7673,39.5635,7757.16,False,188.43
abe2a3,AAL1766,United States,1773611145.0,1773611145,-75.1712,40.1798,7818.12,False,211.95
a42a47,PGR1368,United States,1773611144.0,1773611145,-121.635,45.6865,9662.16,False,225.35
abf5d9,FTN8,United States,1773611135.0,1773611145,-108.5053,35.5158,10972.8,False,214.72
e497ae,AZU4400,Brazil,1773611144.0,1773611144,-44.8349,-21.1301,11277.6,False,239.42
a1d13b,EJA216,United States,1773611144.0,1773611144,-97.6588,30.1885,,True,10.29
c05186,WEN3621,Canada,1773611145.0,1773611145,-114.7714,50.1811,6096.0,False,104.45
a55d31,AAL2783,United States,1773611144.0,1773611145,-104.4554,32.4791,9448.8,False,258.83
a2fd6a,FDX936,United States,1773611144.0,1773611144,-89.9177,34.9259,2293.62,False,150.73
ab324a,EJA820,United States,1773611140.0,1773611145,-77.436,38.9545,,True,0.06
ac6573,SWA1035,United States,1773611145.0,1773611145,-82.6368,27.4665,548.64,False,75.3
7c42dc,NWK2990,Australia,1773611107.0,1773611108,117.8467,-29.0735,10058.4,False,235.36
a384f8,DAL2572,United States,1773611121.0,1773611125,-117.2036,32.7329,,True,0.06
407fff,EZY51HB,United Kingdom,1773611144.0,1773611144,0.1272,50.9849,1965.96,False,130.78
a67d17,SKW6378,United States,1773611144.0,1773611145,-112.215,36.7276,10363.2,False,170.73
400008,TEST1234,United Kingdom,,1773611144,,,,False,37.04
a251ed,N249FB,United States,1773611144.0,1773611145,-86.52,30.3965,6096.0,False,82.58
ac5e6e,SWA1774,United States,1773611145.0,1773611145,-83.0999,37.8224,9144.0,False,210.68
a3d4c6,DAL1387,United States,1773611145.0,1773611145,-79.049,37.9008,10972.8,False,209.75
4ca25b,RYR6KW,Ireland,1773611145.0,1773611145,-6.3901,39.5768,11269.98,False,219.86
4ca25a,RYR644,Ireland,1773611144.0,1773611145,-2.5121,38.2422,9448.8,False,231.45
a1ca5f,SWA1188,United States,1773611143.0,1773611143,-104.4601,36.8221,11582.4,False,227.72
a01f0d,DAL519,United States,1773611145.0,1773611145,-96.4693,32.5564,10363.2,False,206.2
c0517e,WJA746,Canada,1773611145.0,1773611145,-98.3905,49.773,9448.8,False,239.29
aa127e,RPA3577,United States,1773611059.0,1773611059,-87.9265,41.9844,,True,6.43
aac8a4,UAL4,United States,1773611145.0,1773611145,-97.0551,34.0183,10972.8,False,241.22
781940,CSN437,China,1773611145.0,1773611145,-147.6468,61.3145,8519.16,False,254.57
c069a9,CGOAI,Canada,1773611145.0,1773611145,-73.9866,45.291,1112.52,False,83.37
406b90,EZY89UL,United Kingdom,1773611145.0,1773611145,9.9541,46.525,10896.6,False,216.11
a1110d,SKW5892,United States,1773611145.0,1773611145,-86.7478,35.0795,10363.2,False,196.25
a28ab5,LXJ263,United States,1773611145.0,1773611145,-76.8137,36.9554,12192.0,False,213.66
c069a2,CGOAB,Canada,1773610954.0,1773610954,-73.7133,45.4747,,True,1.54
a04ae6,N118LA,United States,1773610612.0,1773611143,-81.1827,32.5526,914.4,False,63.89
ace391,EGE93,United States,1773611145.0,1773611145,-74.6189,41.103,1097.28,False,98.26
aa78af,N774JD,United States,1773611144.0,1773611144,-121.8576,47.9757,762.0,False,41.7
71c353,JNA088,Republic of Korea,1773611144.0,1773611145,127.113,34.1874,11277.6,False,231.1
a17df4,N1956M,United States,1773611144.0,1773611144,-77.697,38.9592,1767.84,False,106.95
406b82,EFW8CQ,United Kingdom,1773611144.0,1773611144,0.2254,51.1097,1897.38,False,94.31
a7d276,DAL1195,United States,1773611144.0,1773611144,-92.0088,29.6946,10058.4,False,268.28
a4e714,DAL182,United States,1773611145.0,1773611145,-66.9774,42.2045,11277.6,False,275.28
a291a2,CXK1009,United States,1773611140.0,1773611140,-78.2387,38.3676,1493.52,False,71.6
a47d11,DAL945,United States,1773611145.0,1773611145,-99.2538,37.0492,10058.4,False,262.58
406b84,EFW66E,United Kingdom,1773611145.0,1773611145,-8.5013,42.0321,10972.8,False,217.23
a2576a,N25ZF,United States,,1773611144,,,,False,29.33
a3772d,EJA322,United States,1773611136.0,1773611141,-115.1377,35.9782,,True,0.0
a7cb89,LXJ601,United States,1773611144.0,1773611144,-76.683,36.8282,6431.28,False,174.01
a1244b,UAL1395,United States,1773611145.0,1773611145,-78.9919,27.5984,7368.54,False,197.92
a1244d,UAL2365,United States,1773611144.0,1773611144,-78.666,37.6624,11277.6,False,214.32
a30dc5,SWA1316,United States,1773611145.0,1773611145,-98.1688,30.654,4221.48,False,184.01
a8059b,LXJ616,United States,1773611145.0,1773611145,-89.963,29.24,13716.0,False,264.38
ac08b1,SWA1608,United States,1773611145.0,1773611145,-78.9535,35.8318,10668.0,False,246.26
a327cc,N302LT,United States,1773611144.0,1773611145,-86.0251,42.4687,8138.16,False,197.23
468e45,SEH922,Greece,1773611145.0,1773611145,-1.191,40.7605,11871.96,False,217.43
a09a69,N138RJ,United States,1773611140.0,1773611143,-85.0854,30.5049,1249.68,False,57.19
a9c2de,,United States,1773611072.0,1773611072,-118.4029,33.9385,,True,5.66
398699,DJT102,France,1773611144.0,1773611145,-73.9435,42.432,4770.12,False,178.63
ac3e13,SWA2825,United States,1773611144.0,1773611144,-109.0576,33.8953,10675.62,False,228.33
ac581a,N895CA,United States,1773611145.0,1773611145,-114.233,40.7284,12192.0,False,178.19
ab98d0,N8462Q,United States,1773611144.0,1773611144,-115.1467,35.9294,1013.46,False,51.35
a11d47,DAL939,United States,1773611144.0,1773611144,-97.9711,44.3537,10668.0,False,257.37
a23d25,SWA4318,United States,1773611144.0,1773611144,-90.274,29.997,,True,16.46
ac5829,N895CR,United States,1773611145.0,1773611145,-86.8966,30.4319,1546.86,False,125.32
a0adc8,N1429Y,United States,1773611145.0,1773611145,-117.2993,33.1967,1104.9,False,46.94
a8a2dd,N65587,United States,1773611144.0,1773611145,-98.051,29.9702,1661.16,False,43.03
ab2520,UAL1502,United States,1773611144.0,1773611144,-87.9318,41.9767,,True,0.0
a4ba02,RPA4562,United States,1773611145.0,1773611145,-78.5374,40.1414,9144.0,False,214.91
a0fd3e,N163EG,United States,1773611145.0,1773611145,-90.2683,29.9909,,True,4.37
a0044e,N10VZ,United States,1773611145.0,1773611145,-80.7359,32.9607,6957.06,False,86.98
407e7b,TOM741,United Kingdom,1773611145.0,1773611145,-4.7144,50.3423,11582.4,False,236.77
406b4a,VIR449,United Kingdom,1773610941.0,1773610941,3.5928,37.098,10668.0,False,288.38
a972ee,GTI349,United States,1773611144.0,1773611144,-85.2321,42.5937,7620.0,False,225.09
3c56a3,GEC8346,Germany,1773611144.0,1773611144,15.2061,47.3882,10066.02,False,230.17
abe8b6,SWA4323,United States,1773611145.0,1773611145,-97.6589,30.1951,,True,3.09
3c56a1,GEC8300,Germany,1773611145.0,1773611145,12.4889,42.5183,11277.6,False,229.71
71c364,AAR736,Republic of Korea,1773611143.0,1773611143,126.9906,36.7304,4930.14,False,180.51
71c365,ABL7325,Republic of Korea,1773611087.0,1773611087,122.7472,26.8284,8839.2,False,260.54
a1242d,UAL2387,United States,1773611096.0,1773611107,-99.3157,41.9969,10972.8,False,224.2
a5ed02,LN481HC,United States,1773611119.0,1773611120,-111.974,40.7819,,True,30.87
a2440e,N245RE,United States,1773611144.0,1773611144,-79.8707,33.9674,13716.0,False,274.25
a0add4,N143,United States,1773611143.0,1773611144,-105.5911,34.8893,13106.4,False,235.46
407e82,RUK31UW,United Kingdom,1773611144.0,1773611144,-6.6126,42.7067,11582.4,False,214.82
aa1804,N75DJ,United States,1773611144.0,1773611144,-121.7138,37.7169,998.22,False,75.56
a54294,GPD438,United States,1773611145.0,1773611145,-79.8457,27.2796,1211.58,False,130.61
71bc36,AIH587,Republic of Korea,1773611144.0,1773611144,-160.82,59.7026,11277.6,False,252.54
ab6ba6,,United States,,1773611138,,,,False,5.66
7c2ac0,JTE712,Australia,1773611145.0,1773611145,115.9607,-31.9383,,True,6.69
a8fe5d,NKS1003,United States,1773611145.0,1773611145,-83.3286,36.8493,10675.62,False,261.15
e49c08,TAM3297,Brazil,1773611145.0,1773611145,-55.1455,-11.6748,10668.0,False,234.22
a9e8ed,N738BS,United States,1773611144.0,1773611144,-117.1813,47.9804,1996.44,False,52.79
a47d4c,LXJ389,United States,1773611145.0,1773611145,-116.9752,33.9787,3040.38,False,132.2
a77b6f,UPS9305,United States,1773611145.0,1773611145,-115.9423,54.035,12496.8,False,297.49
a2dac7,SKW108R,United States,1773611144.0,1773611144,-112.2783,40.7381,4152.9,False,170.05
71c314,KAL1843,Republic of Korea,1773611143.0,1773611143,126.8023,37.5568,,True,1.03
ad5e27,SWA4530,United States,1773611145.0,1773611145,-80.0132,39.0362,6400.8,False,246.46
47a389,WIF5J,Norway,1773610881.0,1773610884,13.1859,65.7218,5509.26,False,131.26
a7d230,N6028U,United States,1773611145.0,1773611145,-117.6865,34.1115,746.76,False,47.04
a54299,UAL474,United States,1773611144.0,1773611144,-96.5276,31.9028,10660.38,False,232.53
503d26,SZN207,Lithuania,1773611145.0,1773611145,-17.3059,14.8226,3185.16,False,158.13
71bc21,AIH242,Republic of Korea,1773611144.0,1773611144,-97.0542,32.6238,1584.96,False,86.07
ab1210,PRY01,United States,1773611145.0,1773611145,-86.0915,37.5363,8237.22,False,145.76
a91e92,N687PW,United States,1773611145.0,1773611145,-115.1189,35.9833,1021.08,False,61.01
a48438,EJA390,United States,1773611140.0,1773611144,-105.1112,39.9083,,True,0.0
a66289,N510MG,United States,1773611114.0,1773611117,-72.2339,21.7939,754.38,False,108.06
adf06d,DAL2761,United States,1773611144.0,1773611144,-94.1289,39.4802,2659.38,False,133.06
86960c,ANA411,Japan,1773611144.0,1773611144,139.7855,35.5602,,True,5.14
a9d5e4,UAL2748,United States,1773611145.0,1773611145,-83.1186,30.512,8534.4,False,233.88
ab120a,AAY2866,United States,1773611144.0,1773611144,-80.2385,33.5887,11277.6,False,248.02
71c304,JJA101,Republic of Korea,1773611144.0,1773611144,126.8328,36.5236,7315.2,False,213.07
a1c1c7,RPA5837,United States,1773611144.0,1773611144,-82.5098,40.7288,6896.1,False,232.85
ab120b,DAL137,United States,1773611145.0,1773611145,-78.0991,45.3259,11582.4,False,193.95
ac9eba,,United States,1773611145.0,1773611145,-115.8395,36.1283,3474.72,False,97.71
aaeb0e,UAL2330,United States,1773611143.0,1773611144,-90.002,33.7279,10972.8,False,186.66
a47d46,FFT3315,United States,1773611111.0,1773611111,-118.4138,33.9393,,True,0.0
a7e553,N608DS,United States,1773611099.0,1773611111,-118.0304,34.0935,121.92,False,36.63
a314d9,SKW151Y,United States,1773611144.0,1773611144,-122.8657,48.9366,2933.7,False,154.28
a16adc,UAL1510,United States,1773611136.0,1773611136,-99.6342,38.8572,4823.46,False,195.49
a35d58,N316CL,United States,1773611144.0,1773611145,-111.2051,34.7738,7315.2,False,208.3
71c333,,Republic of Korea,1773611047.0,1773611047,126.7938,37.5627,,True,2.57
a1245e,AMX608,United States,1773611144.0,1773611144,-90.5607,29.7254,11277.6,False,271.9
ab0b42,VXP724,United States,1773611145.0,1773611145,-80.8347,38.5353,11582.4,False,196.52
ac3e3a,SWA3178,United States,1773611144.0,1773611144,-81.6218,26.5497,1219.2,False,132.23
a9e8ce,ASA9663,United States,1773611145.0,1773611145,-150.1432,61.1676,434.34,False,75.12
aaa2b0,SWA2710,United States,1773611145.0,1773611145,-84.3465,33.246,10972.8,False,221.66
a8eb21,FFT1669,United States,1773611144.0,1773611144,-84.4081,33.6453,,True,3.09
aa403e,N76LW,United States,1773611144.0,1773611144,-108.6388,36.6299,12192.0,False,208.25
4d2300,RYR97NK,Malta,1773611145.0,1773611145,6.4451,46.3038,11582.4,False,230.3
a0f149,N16W,United States,1773611145.0,1773611145,-88.2609,37.7763,12192.0,False,215.72
348383,IBB31YF,Spain,1773611144.0,1773611144,-4.4714,39.9714,5829.3,False,181.8
a80595,FFT4874,United States,1773611136.0,1773611144,-84.4242,33.6427,,True,0.0
71c328,ABL613,Republic of Korea,1773611145.0,1773611145,129.6568,34.0977,5623.56,False,176.16
ac9ef7,JSX511,United States,1773611145.0,1773611145,-93.9997,31.642,10706.1,False,185.82
e49c01,TAM3376,Brazil,1773611144.0,1773611144,-45.5498,-22.3169,7894.32,False,229.9
adf08e,SGX998,United States,1773611144.0,1773611144,-87.2906,37.7524,10058.4,False,264.87
a9cecd,ASA397,United States,1773611126.0,1773611126,-81.32,28.4392,,True,0.0
e49c03,TAM4716,Brazil,1773611144.0,1773611144,-42.6574,-19.5167,10980.42,False,233.52
a7de93,,United States,1773610863.0,1773610863,-73.8615,40.7683,,True,1.54
e49c06,TAM3590,Brazil,1773611144.0,1773611144,-46.6412,-24.175,11285.22,False,249.26
e49c05,TAM3805,Brazil,1773611144.0,1773611144,-46.8254,-14.5486,10972.8,False,241.59
71c323,TWB132,Republic of Korea,1773610921.0,1773610925,126.4525,37.4248,45.72,False,78.05
c82af1,ZKIDH,New Zealand,1773611138.0,1773611138,170.5098,-45.8689,,True,0.0
4405b6,EJU75GC,Austria,1773611066.0,1773611066,13.5089,52.3593,,True,5.14
a1bac2,AAY1395,United States,1773611144.0,1773611144,-89.065,41.8046,2979.42,False,157.32
406b91,EZY29UG,United Kingdom,1773611145.0,1773611145,-3.7276,48.6135,11590.02,False,198.62
adf099,NGF7377,United States,1773611128.0,1773611129,-118.1533,33.8125,,True,3.09
aca848,N9143,United States,1773611145.0,1773611145,-71.4555,41.9366,632.46,False,80.05
a4972c,UPS27,United States,1773611144.0,1773611144,75.0661,30.4074,9753.6,False,209.26
a37765,SKW4001,United States,1773610940.0,1773610940,-117.202,32.7352,,True,4.89
3c56ef,EWG2HM,Germany,1773611144.0,1773611144,13.6865,52.1528,1935.48,False,137.6
a794d9,JIA5143,United States,1773611144.0,1773611144,-73.9497,40.3451,9532.62,False,270.54
a6aab5,DAL188,United States,1773611145.0,1773611145,-84.9832,34.1573,4008.12,False,149.78
a46a72,DAL1805,United States,1773611145.0,1773611145,-84.5171,33.6319,678.18,False,81.81
c007fa,SYB057,Canada,1773611145.0,1773611145,-81.5064,30.2423,12496.8,False,244.82
7cf5ec,TUG87,Australia,1773610890.0,1773610890,115.97,-31.9419,,True,2.83
39ceb8,TVF77SG,France,1773611144.0,1773611144,-2.8711,45.8482,9250.68,False,205.22
a6d7ea,N54ZZ,United States,1773611103.0,1773611103,-122.7686,47.4816,68.58,False,16.49
4d234b,RYR68NC,Malta,1773611144.0,1773611145,9.8232,43.8202,11277.6,False,243.33
aaa32d,AVA046,United States,1773611144.0,1773611145,-4.485,40.5795,5440.68,False,199.19
abd659,,United States,1773611139.0,1773611144,-79.6153,24.8665,7345.68,False,189.19
4cacdf,RYR7QZ,Ireland,1773611144.0,1773611144,-7.1493,42.25,10599.42,False,221.29
3c56f7,EWG8XL,Germany,1773611144.0,1773611144,8.9065,48.1187,3741.42,False,211.23
c03d67,HRT242,Canada,1773611145.0,1773611145,-79.7284,24.6313,10485.12,False,224.09
a6c4d7,AAL727,United States,1773611135.0,1773611135,-108.2371,43.4409,9144.0,False,177.85
a58a67,SWA3809,United States,1773611144.0,1773611144,-78.656,28.2788,10668.0,False,243.26
406b05,BAW61,United Kingdom,1773611145.0,1773611145,23.5069,40.1854,10058.4,False,259.37
a794e1,DAL1502,United States,1773611145.0,1773611145,-84.1444,35.1864,10363.2,False,248.91
a05f31,DAL2930,United States,1773611144.0,1773611144,-80.9474,38.476,9189.72,False,210.34
a48480,N390TP,United States,1773611145.0,1773611145,-103.5741,41.6827,8229.6,False,235.43
3c56ec,EWG29N,Germany,1773611145.0,1773611145,9.5037,48.7494,1211.58,False,111.85
4d2369,RYR57UX,Malta,1773611145.0,1773611145,-4.2765,36.522,1196.34,False,103.82
a05f37,DAL875,United States,1773611137.0,1773611137,-111.975,40.776,,True,8.23
aca6c0,AAL1615,United States,1773611145.0,1773611145,-83.9012,36.5448,11064.24,False,206.39
4d2366,ANE23DQ,Malta,1773611145.0,1773611145,-2.0468,38.5104,4876.8,False,121.92
4d2368,RYR75JN,Malta,1773611144.0,1773611144,-2.655,51.3852,396.24,False,64.92
3420c6,BCS3UP,Spain,1773611144.0,1773611144,4.3052,50.833,2278.38,False,121.33
47a31a,NOZ30BF,Norway,1773611144.0,1773611144,14.381,66.2452,11277.6,False,244.77
a9741d,AAL3071,United States,1773611145.0,1773611145,-80.8929,25.2788,3909.06,False,189.19
a661bf,DAL785,United States,1773611145.0,1773611145,-98.2434,36.0651,10043.16,False,277.09
a2e1db,N285PH,United States,1773611144.0,1773611144,-84.1043,34.258,2209.8,False,122.63
a4d483,DAL214,United States,1773611144.0,1773611144,-77.0048,36.9402,10668.0,False,266.82
39ceab,TVF91KK,France,1773611145.0,1773611145,2.7854,48.8009,1318.26,False,115.4
7cf5e7,TUG82,Australia,1773611145.0,1773611145,115.9628,-31.9284,,True,1.8
a149c1,SKW3201,United States,1773611144.0,1773611144,-118.822,34.8514,10363.2,False,193.79
a2090d,FFT687,United States,1773611141.0,1773611144,-104.6446,39.5592,2667.0,False,98.79
4d234c,RYR8575,Malta,1773611145.0,1773611145,-3.8539,46.8382,11582.4,False,216.18
4d234d,RYR883F,Malta,1773611145.0,1773611145,-0.559,47.2764,10668.0,False,225.15
4d234e,RYR417D,Malta,1773611144.0,1773611144,-2.3316,42.9852,10668.0,False,260.65
4d234f,RYR98FY,Malta,1773611144.0,1773611144,7.7266,40.5328,11582.4,False,226.33
48e95e,LOT285,Poland,1773611144.0,1773611145,0.0597,51.4755,1653.54,False,105.29
ad63a8,AVA204,United States,1773611144.0,1773611144,-73.8318,5.6611,7353.3,False,209.85
a7ddb3,N606BS,United States,1773611145.0,1773611145,-118.0655,34.1531,5311.14,False,140.66
aaa357,N785CM,United States,1773611145.0,1773611145,-96.7344,28.4449,7315.2,False,122.93
ad6ff2,AAL2638,United States,1773611144.0,1773611145,-85.5005,34.7349,10363.2,False,201.02
a96109,JIA5552,United States,1773611144.0,1773611144,-91.8691,31.2318,10363.2,False,198.3
a46a59,N384CA,United States,,1773611143,,,,False,57.37
a4845b,N390SB,United States,1773611144.0,1773611145,-100.4911,33.702,12192.0,False,188.1
ac3cef,N888QD,United States,1773611144.0,1773611144,-80.642,41.2152,12192.0,False,207.58
a2dadf,YEL83,United States,1773611144.0,1773611144,-82.2538,34.8501,533.4,False,65.22
7cf5cb,TUG64,Australia,1773611135.0,1773611143,115.9642,-31.9253,,True,0.0
a2e1ce,AAY429,United States,1773611145.0,1773611145,-84.6237,38.1079,7383.78,False,196.22
aaf0c6,AAL239,United States,1773611145.0,1773611145,-97.4135,34.4035,7307.58,False,205.88
3985a0,DAH1013,France,1773611107.0,1773611112,3.1798,37.5077,4381.5,False,239.69
ad50a9,SWA2049,United States,1773610836.0,1773610836,-118.1467,33.819,,True,4.89
aaf0c3,ASA260,United States,1773611144.0,1773611144,-113.9654,32.7775,10668.0,False,233.38
a84d62,JBU2462,United States,1773611144.0,1773611144,-82.6716,30.4823,10675.62,False,228.45
7cf5d4,,Australia,1773611138.0,1773611138,115.9603,-31.9292,,True,0.0
a9d700,N733JH,United States,1773611144.0,1773611144,-117.4409,33.9501,,True,0.77
a0791d,N13CU,United States,1773611139.0,1773611139,-104.8508,39.5715,,True,12.86
4d2348,RYR5BN,Malta,1773611145.0,1773611145,17.0613,50.3397,5250.18,False,198.94
4d2349,RYR8591,Malta,1773611144.0,1773611144,-1.7528,41.0755,11582.4,False,237.72
39cea4,TVF6329,France,1773611144.0,1773611144,4.9943,46.2373,10363.2,False,213.51
4d2346,RYR29ML,Malta,1773611144.0,1773611144,-4.89,53.5086,10271.76,False,198.96
ac9362,N9093F,United States,1773611145.0,1773611145,-70.7616,43.1991,1356.36,False,64.51
a301d8,ENY3404,United States,1773611145.0,1773611145,-88.8209,40.3912,1714.5,False,131.28
acdc40,DAL1902,United States,1773611145.0,1773611145,-85.2648,38.5606,11277.6,False,271.84
aa1884,N75JM,United States,1773611144.0,1773611144,-111.7856,41.0617,13716.0,False,190.14
a291f7,N265EC,United States,1773611012.0,1773611018,-118.4971,34.2182,,True,1.8
adc6c7,N987ST,United States,1773611109.0,1773611109,-110.9368,32.1146,,True,8.75
aaf0ce,AAL1517,United States,1773611145.0,1773611145,-77.2601,39.0783,861.06,False,71.83
a05f66,N123FT,United States,1773611144.0,1773611145,-103.6782,38.9071,6332.22,False,160.47
a389c8,N327R,United States,1773611145.0,1773611145,-80.6399,29.9507,3055.62,False,146.81
a58a17,N456TH,United States,1773611144.0,1773611144,-82.3995,28.0024,1531.62,False,88.19
a5a4a0,N4629D,United States,1773611144.0,1773611144,-117.326,33.0921,548.64,False,42.42
a58a19,LIFE6,United States,1773611144.0,1773611144,-95.6097,29.8896,419.1,False,55.51
a1d60d,N2171Q,United States,1773611144.0,1773611144,-71.773,42.9559,960.12,False,71.34
a0b625,KMK145,United States,1773611060.0,1773611063,-157.1837,21.1379,1249.68,False,54.04
a73410,SWA1204,United States,1773611144.0,1773611144,-93.1244,29.955,11239.5,False,271.6
e49af4,AZU4277,Brazil,1773611145.0,1773611145,-42.5097,-15.6932,11574.78,False,233.83
a149f7,N182VB,United States,1773611144.0,1773611144,-117.7103,33.7901,746.76,False,55.0
aa52a0,RPA3505,United States,1773611145.0,1773611145,-80.0766,41.5868,10058.4,False,252.13
71c392,KAL922,Republic of Korea,1773611143.0,1773611144,-7.8704,39.3123,6705.6,False,218.33
71c390,KAL926,Republic of Korea,1773611145.0,1773611145,11.2013,51.1943,10660.38,False,249.14
ab7394,AAL2821,United States,1773611135.0,1773611140,-77.0416,38.8563,,True,0.0
aa9b20,SWA3617,United States,1773610940.0,1773610940,-117.1906,32.7314,,True,0.06
a3b454,VJA338,United States,1773611140.0,1773611142,-74.5514,41.6231,2004.06,False,112.77
a4d42d,AAL3013,United States,1773611132.0,1773611133,-93.0595,32.5167,7612.38,False,261.02
e03613,,Argentina,1773611136.0,1773611143,-58.4177,-34.5553,,True,1.29
a44916,UAL8100,United States,1773611145.0,1773611145,-100.9383,44.1594,10050.78,False,250.02
abd69d,DAL2160,United States,1773611144.0,1773611144,-76.6862,35.4658,9753.6,False,209.81
880c52,AIQ154,Thailand,1773611144.0,1773611145,100.428,14.085,2133.6,False,163.66
a53aae,ASI3179,United States,1773611144.0,1773611144,-112.0358,33.6733,731.52,False,53.47
a1863b,DAL668,United States,1773611145.0,1773611145,-122.2136,37.7489,2377.44,False,141.99
a1e92b,N222HN,United States,1773610890.0,1773610895,-79.9849,40.4362,,True,0.0
a4d432,N410AT,United States,1773611144.0,1773611144,-86.4785,46.6878,13114.02,False,224.38
aa78de,N774LA,United States,1773611144.0,1773611144,-111.904,33.649,762.0,False,51.8
a4e766,N415HD,United States,1773611145.0,1773611145,-115.953,33.5808,7536.18,False,213.98
a7d29a,N603CD,United States,1773610845.0,1773610846,-114.8353,34.0903,7307.58,False,184.2
a36fa4,EDV5348,United States,1773611114.0,1773611114,-76.2002,36.8976,,True,4.63
407e60,EZY32ZJ,United Kingdom,1773611144.0,1773611145,0.7885,51.0145,3329.94,False,142.46
a0af26,N143PM,United States,1773611144.0,1773611144,-112.4434,41.8591,4762.5,False,118.85
a5a4c6,CNS476,United States,1773611144.0,1773611144,-75.4695,43.853,3916.68,False,164.27
4d236b,RYR95RU,Malta,1773611145.0,1773611145,8.2981,42.531,10972.8,False,222.71
a35192,N3127F,United States,1773611145.0,1773611145,-83.936,33.9631,1691.64,False,76.14
ae2f9a,RANGR95,United States,1773611145.0,1773611145,-88.8876,33.8986,6096.0,False,144.88
c0440e,ACA265,Canada,1773611094.0,1773611094,-84.0309,46.2647,10957.56,False,219.67
a46a7e,DAL2321,United States,1773611144.0,1773611145,-79.1272,33.3685,10363.2,False,219.15
3985e4,EUP421,France,1773611144.0,1773611144,4.8695,45.8678,2057.4,False,122.41
a05f3f,N123ED,United States,1773611144.0,1773611144,-115.3853,45.6106,10454.64,False,230.0
acd03d,N9246N,United States,1773610916.0,1773610916,-116.8792,32.8485,861.06,False,45.52
a59d5f,AAL1057,United States,1773611145.0,1773611145,-110.6966,34.3916,7741.92,False,204.41
406b21,BAW5L,United Kingdom,1773611144.0,1773611145,-120.866,39.6372,11582.4,False,248.45
a84d25,FFT33,United States,1773611144.0,1773611144,-77.8117,38.8068,9745.98,False,241.78
a74767,N5683D,United States,1773611144.0,1773611144,-84.9072,33.5839,792.48,False,102.33
a4e77c,NJM415,United States,1773611145.0,1773611145,-77.3945,43.5661,10972.8,False,204.05
adb3cb,AAL2131,United States,1773611138.0,1773611140,-117.1793,32.7289,,True,4.63
3c56f0,EWG1RC,Germany,1773611144.0,1773611144,10.0653,53.815,1379.22,False,119.95
a05312,N12TR,United States,1773611003.0,1773611035,-71.0481,43.3612,678.18,False,45.32
3c56f1,EWG59FG,Germany,1773611145.0,1773611145,9.9491,53.6846,243.84,False,66.04
4d2383,RYR41UZ,Malta,1773611145.0,1773611145,-2.7918,54.8897,7559.04,False,166.74
4d2384,RYR24KF,Malta,1773611145.0,1773611145,-3.9959,47.4259,11582.4,False,211.38
a3a152,DAL716,United States,1773611145.0,1773611145,-93.1606,47.27,10972.8,False,212.71
4d2382,RYR1NX,Malta,1773611144.0,1773611144,4.9096,42.1594,11582.4,False,214.44
ac0912,ES805,United States,1773611132.0,1773611135,-121.4052,38.2942,144.78,False,35.16
a44960,UAL1367,United States,1773610888.0,1773610888,-102.2634,44.8252,10363.2,False,233.09
a8a490,RPA4563,United States,1773611145.0,1773611145,-78.2942,36.3145,8229.6,False,244.26
a3aca6,FFT4157,United States,1773611138.0,1773611143,-115.1349,36.0829,,True,0.0
a96172,KOW703,United States,1773611144.0,1773611144,-74.1734,40.7767,281.94,False,92.54
a1600b,SKW3039,United States,1773611139.0,1773611145,-97.6586,30.1806,,True,0.0
a123e2,UAL2446,United States,1773611144.0,1773611144,-81.4369,43.2652,10668.0,False,256.6
a29337,SKW4070,United States,1773610976.0,1773610976,-122.3093,47.4444,,True,0.64
a44963,UAL757,United States,1773611145.0,1773611145,-105.7565,40.6687,6911.34,False,226.91
a123e3,UAL1016,United States,1773611144.0,1773611145,-79.2926,28.5682,9753.6,False,216.82
a44962,UAL1698,United States,1773611144.0,1773611145,-94.8281,31.4855,10363.2,False,197.49
a35cba,JBU651,United States,1773611145.0,1773611145,-82.0802,33.2022,11582.4,False,212.99
a5b923,UPS5954,United States,1773611145.0,1773611145,-102.3741,41.1313,12192.0,False,218.99
a123d7,CXK585,United States,1773611045.0,1773611045,-112.1303,41.3044,1379.22,False,50.22
c82c15,ZKAHB,New Zealand,1773611144.0,1773611144,176.925,-39.4242,891.54,False,38.86
7805a9,CSG2572,China,1773611144.0,1773611144,7.7123,53.1833,9448.8,False,266.28
0d0ee7,XAFMX,Mexico,1773611144.0,1773611144,-100.0638,25.6671,4602.48,False,191.4
a56955,N448LF,United States,1773611144.0,1773611144,-117.3867,47.5159,952.5,False,61.16
a376cc,N322LV,United States,1773611145.0,1773611145,-84.8316,42.5316,12192.0,False,248.06
a84175,TWY5150,United States,1773611144.0,1773611144,-77.7801,41.6711,12496.8,False,273.74
348402,ANE1344,Spain,1773611145.0,1773611145,-2.1993,41.9865,9906.0,False,249.17
a6fa94,JIA5472,United States,1773611144.0,1773611144,-75.7878,41.2775,1432.56,False,88.22
a389f8,SKW4439,United States,1773611097.0,1773611097,-121.7241,42.0876,10363.2,False,205.41
ac69b6,SWA8824,United States,1773611145.0,1773611145,-97.5365,29.5013,8229.6,False,247.41
ab2fb5,XSN82,United States,1773611145.0,1773611145,-118.0089,34.6136,4975.86,False,126.2
a4493f,UAL1021,United States,1773611144.0,1773611144,-78.6125,27.0233,10363.2,False,226.74
a3acac,LXJ336,United States,1773611144.0,1773611144,-115.5868,40.6459,10058.4,False,256.28
a759a8,BRG572,United States,1773611145.0,1773611145,-164.1393,67.4699,2682.24,False,96.79
a0b66b,N145MW,United States,1773611145.0,1773611145,-100.7435,32.1257,9471.66,False,272.53
a23ccb,SKW4125,United States,1773611145.0,1773611145,-122.6948,46.355,7726.68,False,200.37
a389eb,AAL3146,United States,1773611145.0,1773611145,-121.6866,37.253,3147.06,False,164.75
a506d1,AAL1233,United States,1773611138.0,1773611140,-118.4065,33.9415,,True,0.0
a0a30e,DAL488,United States,1773611143.0,1773611143,-73.8601,40.7702,,True,0.06
a8a478,QXE2132,United States,1773611065.0,1773611120,-122.8727,42.3687,,True,0.0
4d228a,RYR129B,Malta,1773611145.0,1773611145,-5.6182,53.8138,11277.6,False,238.27
a6893e,DAL798,United States,1773611145.0,1773611145,-73.7856,40.6245,,True,0.9
4d2290,RYR94TN,Malta,1773611145.0,1773611145,-0.4368,42.6604,11582.4,False,225.02
a123b7,N1725W,United States,1773611143.0,1773611143,-78.0285,35.1432,1805.94,False,98.39
4d2295,MLM026,Malta,1773611144.0,1773611144,101.4326,11.5741,11285.22,False,240.56
a9d789,N733PV,United States,1773611145.0,1773611145,-122.1003,37.6368,152.4,False,43.73
a1bc29,JBU938,United States,1773611145.0,1773611145,-98.6469,27.8072,10668.0,False,267.62
a6893c,JIA5609,United States,1773611107.0,1773611107,-82.6761,36.6672,8001.0,False,247.95
ada167,ASA403,United States,1773611145.0,1773611145,-119.3142,37.7403,10972.8,False,207.15
a1e958,N222KH,United States,1773611144.0,1773611144,-122.8998,47.1926,518.16,False,66.22
a66308,N510SJ,United States,1773611144.0,1773611144,-112.1991,33.769,4030.98,False,137.95
0d0efb,VTM599,Mexico,1773611145.0,1773611145,-96.1918,30.6538,10972.8,False,191.06
0d0efa,RFD110,Mexico,1773610900.0,1773610900,-100.2628,24.9194,3779.52,False,81.02
440668,AUA763,Austria,1773611047.0,1773611056,16.5708,48.1188,,True,0.0
440666,AUA779,Austria,1773611144.0,1773611144,22.7571,42.9983,3688.08,False,178.84
8681b6,SKY551,Japan,1773610946.0,1773610946,135.7104,33.0686,10363.2,False,196.89
862d72,JAL971,Japan,1773611143.0,1773611143,139.8048,35.5292,,True,4.37
a20980,N230LF,United States,1773611144.0,1773611144,-98.1369,25.9002,12496.8,False,268.07
a1cf48,JBU2233,United States,1773611144.0,1773611144,-118.5725,37.9741,10980.42,False,222.2
abcf15,JRT60,United States,1773611145.0,1773611145,-83.4009,29.1433,13098.78,False,243.95
a4491a,UAL1690,United States,1773611145.0,1773611145,-74.2234,40.5998,419.1,False,95.48
86e4b8,JAL8,Japan,1773611144.0,1773611144,-73.1323,42.7393,8252.46,False,254.3
a16c3a,DAL633,United States,1773611144.0,1773611144,-82.3763,26.9571,10675.62,False,243.65
86ddd4,JAL101,Japan,1773611142.0,1773611143,139.7891,35.5361,,True,10.29
a243a6,N245MA,United States,1773611145.0,1773611145,-82.8299,28.0464,769.62,False,64.44
47a1ef,NOZ7YW,Norway,1773611145.0,1773611145,4.7795,57.17,10058.4,False,265.95
ad0f09,N940VF,United States,1773611143.0,1773611144,-81.0267,38.3009,8229.6,False,180.43
a28c23,SWA1923,United States,1773611145.0,1773611145,-102.7188,31.0964,10972.8,False,186.36
a95a83,N701YZ,United States,1773611144.0,1773611145,-111.6018,33.3905,906.78,False,67.2
aac954,UAL2456,United States,1773611139.0,1773611139,-93.0211,29.4824,10363.2,False,199.87
ad89ba,CXK497,United States,1773611144.0,1773611144,-111.4482,32.3543,1920.24,False,47.85
862d0c,JAL6784,Japan,1773611144.0,1773611144,139.0033,34.0134,8839.2,False,291.48
4cad29,RYR6006,Ireland,1773611145.0,1773611145,4.2011,44.831,9959.34,False,245.43
440614,EJU12ED,Austria,1773611144.0,1773611145,1.5861,49.504,5814.06,False,215.24
a1bc6e,N2104H,United States,1773611145.0,1773611145,-118.9688,34.2982,1211.58,False,43.95
ad292a,SWA2730,United States,1773611144.0,1773611145,-91.2892,34.134,8778.24,False,261.2
440611,EJU47VT,Austria,1773611144.0,1773611144,1.0051,43.5368,10980.42,False,231.65
440610,EJU36FJ,Austria,1773611145.0,1773611145,14.5562,44.4084,10980.42,False,228.67
a41014,XSR361,United States,1773611145.0,1773611145,-97.2237,32.4743,960.12,False,80.81
acb9c4,CXK396,United States,1773611144.0,1773611144,-111.0435,32.1448,1676.4,False,39.95
ad1605,EJA942,United States,1773611145.0,1773611145,-98.3271,32.6311,9624.06,False,170.05
a110f1,N168RV,United States,1773611144.0,1773611144,-70.7793,43.3035,3215.64,False,88.56
a01805,RPA4429,United States,1773611087.0,1773611096,-81.8416,41.4201,388.62,False,66.13
a1c374,EJM212,United States,1773611145.0,1773611145,-77.2307,35.3974,13106.4,False,235.89
a30361,N2933A,United States,1773611144.0,1773611144,-120.3912,36.6253,2560.32,False,49.7
440609,AUA907,Austria,1773611145.0,1773611145,16.4978,48.0907,807.72,False,115.33
abd627,SWA2133,United States,1773611145.0,1773611145,-98.1247,29.7797,3139.44,False,144.66
a59197,UAL578,United States,1773611039.0,1773611039,-97.0343,32.8918,,True,3.86
398601,AFR1558,France,1773611145.0,1773611145,-1.0915,53.3934,9410.7,False,215.42
c03bf7,WJA667,Canada,1773611145.0,1773611145,-79.7822,44.0427,4511.04,False,185.5
ab1cc0,N815JJ,United States,1773611144.0,1773611144,-83.7428,30.4867,4297.68,False,171.93
440606,AUA220,Austria,1773611145.0,1773611145,15.192,48.5392,5974.08,False,214.41
4cad39,RYR833K,Ireland,1773611139.0,1773611141,-6.5458,42.9121,10972.8,False,214.26
c03bf5,WJA114,Canada,1773611143.0,1773611144,-117.732,50.0284,9448.8,False,232.42
a30f95,N297BA,United States,1773611145.0,1773611145,-75.0912,40.5195,8900.16,False,201.29
a28036,ENY3623,United States,1773611145.0,1773611145,-79.2075,27.8795,9707.88,False,202.54
a43667,UAL2328,United States,1773611145.0,1773611145,-79.7219,46.215,9144.0,False,203.54
c82022,ZKIWY,New Zealand,1773611102.0,1773611102,170.1216,-46.1103,182.88,False,31.58
ada16f,DAL2060,United States,1773611144.0,1773611144,-86.5579,40.9849,4168.14,False,206.61
c8200a,ANZ615M,New Zealand,1773611144.0,1773611144,174.4781,-38.9265,5486.4,False,120.0
4cad1f,KZR173,Ireland,1773611145.0,1773611145,87.4899,22.4861,10668.0,False,257.58
a376fe,AAY15,United States,1773611145.0,1773611145,-121.1193,41.4087,8214.36,False,176.81
a230d6,RPA5619,United States,1773611145.0,1773611145,-76.8133,43.2932,10363.2,False,192.96
a0f0aa,RKJ16,United States,1773611145.0,1773611145,-102.9157,39.2953,12192.0,False,235.54
a376ec,DAL645,United States,1773611145.0,1773611145,-86.2801,36.8689,11277.6,False,263.42
a54f14,N441HS,United States,1773611145.0,1773611145,-97.563,32.5603,1264.92,False,106.13
a44988,DAL2882,United States,1773611145.0,1773611145,-111.6461,40.1633,4137.66,False,133.21
a85493,FFT3930,United States,1773611131.0,1773611140,-104.6829,39.8522,,True,0.0
a7216d,LXJ559,United States,1773611144.0,1773611144,-115.1299,36.0555,13106.4,False,205.28
ab23ad,N817DE,United States,1773611145.0,1773611145,-99.0699,33.4841,11894.82,False,190.29
4070ec,EXS28YD,United Kingdom,1773611144.0,1773611144,-1.0468,52.7372,6446.52,False,139.42
ac56d9,SWA3085,United States,1773611145.0,1773611145,-75.5274,40.7665,8526.78,False,196.57
a44981,UAL1376,United States,1773610831.0,1773610831,-104.6622,39.8691,,True,7.46
a4f9b5,N42EL,United States,1773611145.0,1773611145,-84.0958,35.2566,11277.6,False,224.58
440631,EJU14CB,Austria,1773611145.0,1773611145,11.5467,40.5878,10972.8,False,228.46
4070ef,EXS28EB,United Kingdom,1773611144.0,1773611144,-4.3022,55.9422,685.8,False,74.62
a36fff,AAL2659,United States,1773611143.0,1773611143,-110.4727,34.358,9753.6,False,219.68
a90aaf,N682AK,United States,1773611144.0,1773611144,-112.0844,33.8765,2331.72,False,61.77
4070ee,EXS49A,United Kingdom,1773611145.0,1773611145,-1.8168,53.9957,11277.6,False,218.71
a42323,FFT1556,United States,1773611135.0,1773611140,-81.3201,28.4436,,True,0.0
a243cb,ENY3947,United States,1773611145.0,1773611145,-85.7297,39.9936,7924.8,False,137.01
48c1a9,RYR74HQ,Poland,1773611144.0,1773611144,8.4302,44.8315,6797.04,False,214.44
48c1a8,RYR788Z,Poland,1773611145.0,1773611145,-5.0377,52.8025,5440.68,False,93.04
48c1a5,RYR9SX,Poland,1773611144.0,1773611144,-7.4585,52.6947,8580.12,False,224.46
ac9f52,AAL1170,United States,1773611059.0,1773611125,-101.333,37.2924,8534.4,False,182.07
ac096a,FDX350,United States,1773611144.0,1773611144,-101.6867,38.9179,10363.2,False,222.23
0d0ec2,VIV4043,Mexico,1773611145.0,1773611145,-98.9438,23.5412,11262.36,False,231.3
ab7334,JRE837,United States,1773611142.0,1773611144,-96.9016,32.4201,1219.2,False,115.05
48c1a1,RYR5DG,Poland,1773611144.0,1773611144,22.2551,47.309,10972.8,False,227.12
0d0ec8,VOI3081,Mexico,1773611144.0,1773611144,-101.7674,26.6345,10355.58,False,203.82
a42315,N366FB,United States,1773611145.0,1773611145,-102.3299,39.0079,11582.4,False,215.41
ac3cbd,N888ND,United States,1773611145.0,1773611145,-82.1664,39.889,12496.8,False,273.56
440625,EJU7160,Austria,1773611145.0,1773611145,7.9926,44.3979,10058.4,False,237.97
aaa31f,CNS1231,United States,1773611145.0,1773611145,-75.8551,40.3247,4800.6,False,113.38
add9ac,N9917E,United States,1773610877.0,1773610877,-112.4278,40.6277,1828.8,False,55.26
4cad12,RYR28EA,Ireland,1773611144.0,1773611144,-4.3288,53.4724,7002.78,False,256.45
aa9a57,SWA989,United States,1773611144.0,1773611144,-83.2018,29.435,11353.8,False,213.32
44061c,EJU42BV,Austria,1773611141.0,1773611144,15.6252,41.896,10972.8,False,225.72
44061b,EJU74QA,Austria,1773611079.0,1773611079,8.7287,45.6286,,True,10.8
ac9f65,GARDN2,United States,1773611144.0,1773611144,-76.8594,38.8495,236.22,False,30.91
4070e6,EXS4LE,United Kingdom,1773611144.0,1773611144,-7.732,51.4738,11887.2,False,232.18
abcf58,FDX79,United States,1773611144.0,1773611144,-157.7615,61.2507,9136.38,False,235.64
adb401,EJA982,United States,1773611037.0,1773611037,-80.2184,27.1757,,True,0.0
ab1122,DAL1752,United States,1773611145.0,1773611145,-82.6629,33.4243,8397.24,False,219.63
4cad5b,ITY1IP,Ireland,1773611145.0,1773611145,10.7787,44.094,10302.24,False,211.03
c055cd,JZA431,Canada,1773611144.0,1773611144,-80.8108,46.7039,7010.4,False,166.27
7c8032,RXA4612,Australia,1773610649.0,1773610929,138.5434,-34.9405,-7.62,True,2.06
a5f3cf,ASA786,United States,1773611012.0,1773611013,-112.0269,43.4993,10058.4,False,285.94
3949ea,AFR692T,France,1773611145.0,1773611145,-78.6869,35.9675,716.28,False,97.49
a3a0cf,UAL1498,United States,,1773611141,,,,False,0.0
a66355,,United States,,1773610907,,,,False,201.9
4cad64,RYR67XR,Ireland,1773611145.0,1773611145,9.0955,49.7714,11582.4,False,218.79
c055d8,JZA423,Canada,1773611145.0,1773611145,-113.1292,53.9893,6096.0,False,190.34
ad27e0,N947HH,United States,1773611144.0,1773611144,-118.3557,33.7127,739.14,False,41.92
151fe9,AFL1480,Russian Federation,1773611145.0,1773611145,86.2628,57.5215,10058.4,False,259.07
a1b06b,ASA867,United States,1773610860.0,1773610862,-157.7994,21.2254,662.94,False,92.41
a7df61,SKW5560,United States,1773611144.0,1773611144,-121.3606,37.5813,4191.0,False,175.12
a7a9fb,EJA593,United States,1773611144.0,1773611144,-118.9963,36.1602,11277.6,False,253.83
ac5765,SWA2611,United States,1773611138.0,1773611143,-95.1714,29.7214,670.56,False,83.78
a7d316,N603HC,United States,1773611144.0,1773611144,-108.4576,38.0843,13716.0,False,242.41
a6bf88,VTE3714,United States,1773611145.0,1773611145,-79.7831,38.3563,6096.0,False,168.17
7bb034,CSS3020,China,1773611144.0,1773611144,116.124,40.1402,5334.0,False,150.65
7cf65c,CAR5,Australia,1773611016.0,1773611016,144.834,-37.6599,,True,2.31
aab4e0,N7894G,United States,1773611144.0,1773611144,-121.4893,37.8262,1013.46,False,46.35
4cad4f,RYR76AA,Ireland,1773611144.0,1773611145,-8.399,41.1883,2468.88,False,157.16
4c01e4,ASL14A,Serbia,1773611145.0,1773611145,11.1921,41.8012,10363.2,False,211.39
4c01e3,ASL60D,Serbia,1773611142.0,1773611142,20.3032,44.8191,,True,12.86
aca757,UPS5944,United States,1773611143.0,1773611144,-110.9677,39.3449,10363.2,False,218.74
4c01e0,ASL30A,Serbia,1773611144.0,1773611144,20.7713,46.4092,10668.0,False,235.14
a613e7,ATN3348,United States,1773611144.0,1773611145,-93.2872,33.6252,11590.02,False,201.1
a7e62d,NKS882,United States,1773611144.0,1773611145,-81.173,28.1487,3048.0,False,158.17
a350de,N3122A,United States,1773610976.0,1773610976,-120.6731,38.1933,701.04,False,63.17
4c01e5,ASL20Q,Serbia,1773611145.0,1773611145,16.603,47.2048,10668.0,False,227.09
4c01e7,ASL98A,Serbia,1773611144.0,1773611144,10.9251,41.7715,9753.6,False,223.73
a6bf5a,ASA217,United States,1773611145.0,1773611145,-157.4458,20.9614,10972.8,False,192.82
7cf661,,Australia,1773611093.0,1773611093,115.9692,-31.9465,,True,0.0
ac4450,N89PR,United States,1773611145.0,1773611145,-85.1654,34.544,5455.92,False,182.15
c055c9,JZA439,Canada,1773611074.0,1773611081,-125.6857,51.705,6096.0,False,142.91
a7cc21,N601MZ,United States,1773611145.0,1773611145,-119.5101,45.9389,13106.4,False,149.49
4d21c8,SEJ648,Malta,1773611144.0,1773611144,78.2691,14.2541,9448.8,False,257.68
a89c23,FFT3108,United States,1773611144.0,1773611144,-109.992,37.4472,10058.4,False,213.33
a2806c,EJA260,United States,1773611144.0,1773611144,-112.2927,48.1395,11285.22,False,204.17
ad14aa,TAI311,United States,1773611144.0,1773611144,-79.6336,25.6707,4991.1,False,161.74
4c01f2,ASL138,Serbia,1773611145.0,1773611145,20.4841,46.9567,10058.4,False,221.09
4cad5c,ITY1363,Ireland,1773611145.0,1773611145,13.3905,45.8282,274.32,False,63.79
a89c29,LXJ654,United States,1773611145.0,1773611145,-79.9158,28.133,7299.96,False,227.82
a7e630,JIA5513,United States,1773611145.0,1773611145,-76.2442,40.1392,4389.12,False,203.2
a3a0ed,UAL2004,United States,1773611145.0,1773611145,-118.1695,48.6605,9448.8,False,288.2
a29391,SWA1902,United States,1773611144.0,1773611144,-90.0934,30.0243,1912.62,False,153.89
7c43cc,NOE,Australia,1773611144.0,1773611144,153.002,-27.5717,-7.62,False,41.49
a90c14,EJA682,United States,1773611144.0,1773611144,-89.9933,34.5441,11582.4,False,172.58
4cad41,SAS1820,Ireland,1773610889.0,1773610891,17.9355,59.654,,True,0.0
39cf04,AFR568,France,1773611145.0,1773611145,24.5497,37.5849,12496.8,False,257.02
a77035,DAL906,United States,1773611145.0,1773611145,-97.0425,37.0928,10668.0,False,277.38
a4367c,N3702U,United States,1773611144.0,1773611144,-106.9101,32.2849,1371.6,False,37.59
a97fd8,N711AV,United States,1773611141.0,1773611143,-72.4488,41.3082,609.6,False,64.89
3c4585,BOX590,Germany,1773611143.0,1773611144,20.72,47.2214,9448.8,False,244.29
4cad2a,RYR22SL,Ireland,1773611145.0,1773611145,-4.2395,50.2032,10668.0,False,268.33
a5a690,UPS5236,United States,1773611145.0,1773611145,-84.4957,37.9308,7604.76,False,247.13
3949e6,AFR650,France,1773611145.0,1773611145,-81.5311,23.652,12192.0,False,220.66
ae6a13,,United States,,1773611142,,,,False,152.94
3c4584,,Germany,1773611142.0,1773611142,113.7583,22.1421,998.22,False,102.41
a92639,JCY689,United States,1773611143.0,1773611144,-111.9492,34.2148,7894.32,False,194.22
3c4598,BOX565,Germany,1773611144.0,1773611145,115.1829,41.2238,9174.48,False,230.66
090062,DT583,Angola,1773611145.0,1773611145,18.5616,-33.8383,800.1,False,83.97
4cad57,ITY1625,Ireland,1773611145.0,1773611145,14.9351,41.2942,8839.2,False,223.87
a42f8b,UPS5338,United States,1773611145.0,1773611145,-83.4296,34.8396,11277.6,False,248.89
a1bc92,JBU1734,United States,1773611144.0,1773611144,-100.9364,44.0446,10652.76,False,244.66
ab0a73,RPA5651,United States,1773611144.0,1773611144,-81.243,41.0458,10058.4,False,265.51
c055e9,JZA367,Canada,1773611143.0,1773611143,-121.4098,53.8284,7315.2,False,172.14
aca74f,N914UF,United States,1773611144.0,1773611144,-87.4318,30.583,266.7,False,60.81
a80677,EJA616,United States,1773611145.0,1773611145,-101.9778,41.2605,12192.0,False,216.96
3c458d,BOX524,Germany,1773611142.0,1773611145,8.7224,45.6067,,True,0.64
c82081,ANZ417,New Zealand,1773611144.0,1773611144,174.4087,-39.6448,9669.78,False,226.92
a5e0d3,SWA3576,United States,1773611144.0,1773611144,-119.2968,35.8552,11582.4,False,205.7
a999ec,N718BP,United States,1773611144.0,1773611144,-122.0768,37.5286,434.34,False,73.57
7cf62d,1DZA771,Australia,1773610832.0,1773610833,115.959,-31.9377,,True,0.0
aca760,AAL1785,United States,1773611142.0,1773611142,-97.033,32.901,,True,3.34
a5439d,N4383F,United States,1773611143.0,1773611143,-85.2333,32.4554,434.34,False,48.64
8406e8,JAL901,Japan,1773611145.0,1773611145,139.8042,35.5247,,True,1.8
4cad3e,RYR81VQ,Ireland,1773611144.0,1773611145,13.8367,50.0335,3185.16,False,149.67
a3f085,LXJ353,United States,1773611145.0,1773611145,-76.822,37.6615,11887.2,False,231.05
acdaa5,TIV709,United States,1773611144.0,1773611144,-74.3945,41.9292,4610.1,False,195.59
3c4591,BOX456,Germany,1773611145.0,1773611145,-80.7666,36.8045,10972.8,False,221.6
aa4c42,UAL616,United States,1773611143.0,1773611143,-111.2473,36.1314,10058.4,False,225.31
4cad3a,RYR9WE,Ireland,1773611145.0,1773611145,-4.0364,45.2653,11277.6,False,236.7
3949f9,AFR4104,France,1773611144.0,1773611144,87.8479,23.0192,11277.6,False,282.43
4cad3b,RYR8996,Ireland,1773611145.0,1773611145,25.7751,44.7914,3787.14,False,169.16
ab1161,N812GA,United States,1773611127.0,1773611141,-108.3348,32.1849,3634.74,False,122.65
4cad3c,RYR79LF,Ireland,1773611045.0,1773611049,-16.9329,28.3461,2689.86,False,187.97
4cad3d,RYR7195,Ireland,1773611144.0,1773611144,-2.4548,46.0947,11277.6,False,236.94
a5a62f,EJA463,United States,1773611145.0,1773611145,-80.9502,33.927,6096.0,False,197.11
a4ccba,JBU723,United States,1773610818.0,1773610873,-100.6748,42.0999,10355.58,False,226.6
4cad9f,EAI77L,Ireland,1773611103.0,1773611103,-6.2374,53.4313,,True,6.94
4d21ef,RYR7CT,Malta,1773611145.0,1773611145,-3.7612,44.4578,10972.8,False,213.95
a25849,TWY20,United States,1773611145.0,1773611145,-73.7442,41.1445,472.44,False,76.78
ad14f9,DAL3134,United States,1773611145.0,1773611145,-85.4045,34.6101,6934.2,False,217.03
abc1bc,DAL1044,United States,1773610914.0,1773610914,-80.1145,26.6834,53.34,False,81.85
a17ecc,N196DM,United States,1773610999.0,1773610999,-66.1056,18.4631,0.0,False,12.95
a66316,SKW6312,United States,1773611145.0,1773611145,-116.5649,33.7365,8839.2,False,215.13
a01880,AAL4,United States,1773611144.0,1773611144,-116.9068,34.6758,8214.36,False,232.38
a41090,FFT2310,United States,1773611145.0,1773611145,-77.5317,37.1573,8839.2,False,247.78
a759eb,DAL2093,United States,1773611145.0,1773611145,-82.2966,31.854,10370.82,False,224.42
a78304,N583WC,United States,1773611145.0,1773611145,-100.0162,32.0689,6096.0,False,121.41
a65c29,JBU2119,United States,1773611144.0,1773611144,-73.507,39.7148,10972.8,False,208.61
e4a2d4,TAM3212,Brazil,1773610933.0,1773610933,-48.3296,-9.2906,10675.62,False,228.32
c055a2,CGGLD,Canada,1773611144.0,1773611144,-114.4733,51.7546,1531.62,False,46.13
a3fc58,DAL1648,United States,1773611141.0,1773611141,-99.2164,39.9604,10668.0,False,259.96
0d0354,,Mexico,1773611144.0,1773611144,-96.8921,27.5704,10363.2,False,207.69
4d21eb,RYR5336,Malta,1773611145.0,1773611145,23.8816,36.739,9753.6,False,214.23
4d21ec,RYR10GR,Malta,1773611145.0,1773611145,8.5511,46.9061,11277.6,False,239.31
ac91d4,AAL1446,United States,1773611137.0,1773611144,-95.7178,36.2155,2301.24,False,165.07
a7a9c5,JIA5117,United States,1773611145.0,1773611145,-95.5254,35.0696,9441.18,False,280.89
86e4da,JAL67,Japan,1773611025.0,1773611025,-128.1668,50.5615,10965.18,False,213.39
a53006,UAL817,United States,1773611145.0,1773611145,-113.7728,31.4662,10668.0,False,245.46
aaea6f,N802MS,United States,1773611141.0,1773611141,-73.7977,42.106,1257.3,False,59.07
407cd7,LOG36MJ,United Kingdom,1773611144.0,1773611144,-5.8321,54.3141,5181.6,False,129.08
a24529,UAL347,United States,1773611145.0,1773611145,-86.3011,38.7303,10058.4,False,251.89
abc1cd,N857ER,United States,1773611145.0,1773611145,-117.2762,33.0106,1280.16,False,42.07
a25857,N250JS,United States,,1773610959,,,,False,117.95
aaea6a,N802MM,United States,1773610866.0,1773610880,-86.3838,31.4094,1447.8,False,82.93
a2d094,OXF5048,United States,1773611145.0,1773611145,-111.9389,32.8721,1150.62,False,52.24
a66f5f,N5133K,United States,1773611138.0,1773611142,-74.2537,41.2374,609.6,False,41.68
aaea84,AAL1236,United States,1773611145.0,1773611145,-75.1287,39.6586,5303.52,False,228.34
4ca15e,EIN1TV,Ireland,1773610999.0,1773610999,-78.2806,49.75,11582.4,False,177.28
acedf5,JSX853,United States,1773611145.0,1773611145,-82.5127,29.9315,10668.0,False,228.96
4d21fc,RYR50YR,Malta,1773611144.0,1773611145,-0.9177,48.6084,11582.4,False,220.97
7818a8,DKH1608,China,1773611144.0,1773611144,116.9358,39.9472,11605.26,False,242.15
a2450b,UAL2440,United States,1773611145.0,1773611145,-114.9954,35.7204,3611.88,False,153.47
342210,IBE0921,Spain,1773611145.0,1773611145,-16.9181,14.5253,1653.54,False,124.79
a6896d,N520FB,United States,1773611145.0,1773611145,-82.9543,27.7426,1958.34,False,141.23
adb41e,N982RW,United States,1773611144.0,1773611145,21.0042,43.3429,12496.8,False,269.68
a61fef,N494LA,United States,1773611118.0,1773611118,-75.0163,40.0849,-45.72,False,27.8
a72ca2,SWA8809,United States,1773611145.0,1773611145,-84.0641,33.6654,3924.3,False,189.52
aca788,SWA440,United States,1773611145.0,1773611145,-72.1825,40.6675,9144.0,False,212.94
aca79d,EDV5415,United States,1773610923.0,1773610926,-73.863,40.7719,,True,0.06
151fc1,SBI5283,Russian Federation,1773610835.0,1773610835,86.0154,58.118,10675.62,False,200.28
4cad86,SAS125,Ireland,1773611145.0,1773611145,13.4659,55.8707,1775.46,False,128.99
151fc6,SBI5704,Russian Federation,1773611048.0,1773611145,88.6156,55.4184,10972.8,False,209.17
4cad87,SAS534,Ireland,1773611145.0,1773611145,2.808,53.4583,11277.6,False,256.01
4cad88,SAS026,Ireland,1773611144.0,1773611144,17.9336,59.6541,,True,3.09
4cad89,SAS48Y,Ireland,1773611144.0,1773611144,15.3782,59.2805,10797.54,False,209.18
ad514e,N9572H,United States,1773611140.0,1773611140,-115.1907,36.2065,,True,6.94
a4d3be,N41WC,United States,1773611145.0,1773611145,-82.1133,31.4189,10058.4,False,128.19
a208b1,MXY331,United States,1773611145.0,1773611145,-84.7835,33.1539,10972.8,False,204.17
4cad80,EIN179,Ireland,1773611144.0,1773611144,-5.2454,52.8923,3817.62,False,98.5
e4a2b7,AZU2920,Brazil,1773611145.0,1773611145,-46.7942,-22.7472,4373.88,False,151.75
407caf,RUK7XL,United Kingdom,1773611144.0,1773611145,-2.5877,53.2999,3032.76,False,120.96
e4a2b6,AZU2606,Brazil,1773611085.0,1773611085,-41.518,-18.4211,10675.62,False,232.96
c03ba5,CFWPG,Canada,1773610877.0,1773610877,-113.671,52.4538,2362.2,False,111.88
86e4fc,JAL41,Japan,1773611143.0,1773611143,-167.5457,65.5228,11269.98,False,227.96
a9618a,AAL3066,United States,1773611145.0,1773611145,-78.8337,36.1433,8839.2,False,267.72
ad4a6e,N9556K,United States,1773611145.0,1773611145,-122.5247,37.5969,457.2,False,52.21
407cb4,RUK9633,United Kingdom,1773611144.0,1773611144,0.4161,52.0117,1158.24,False,97.89
aa660f,N7695S,United States,1773611144.0,1773611144,-148.4869,64.4392,845.82,False,39.37
407cb2,RUK43KZ,United Kingdom,1773611145.0,1773611145,-2.8045,43.538,12192.0,False,214.65
a866aa,EJA640,United States,1773611126.0,1773611126,-77.4681,41.0525,2240.28,False,118.5
407cb3,RUK5XA,United Kingdom,1773611145.0,1773611145,15.4198,45.4891,10972.8,False,220.44
a6ac0d,N529TG,United States,1773611144.0,1773611144,-83.9992,43.3032,4800.6,False,136.93
a5fff9,GTI8676,United States,1773611145.0,1773611145,-77.9762,-7.4055,12192.0,False,242.38
a28099,N260SM,United States,1773611144.0,1773611145,-94.9416,31.818,10965.18,False,198.39
a66346,AAL3081,United States,1773611145.0,1773611145,-97.9632,32.1172,10066.02,False,263.79
407cb0,RUK5969,United Kingdom,1773610947.0,1773610964,-6.0906,54.6912,571.5,False,68.81
ad5d95,EJA960,United States,1773611144.0,1773611144,-89.4916,37.2648,12496.8,False,254.43
4d21f1,RYR8602,Malta,1773611144.0,1773611144,15.5593,38.2124,1066.8,False,73.85
ac2a8e,N883SD,United States,1773611144.0,1773611144,-117.0864,32.751,403.86,False,60.26
ad646e,JBU1189,United States,1773611145.0,1773611145,-76.2421,41.6918,9700.26,False,211.28
a5ffeb,N486LP,United States,1773611144.0,1773611145,-112.3604,33.3289,769.62,False,46.37
4cad95,SAS86L,Ireland,1773611144.0,1773611144,13.2688,57.9123,11277.6,False,244.47
a1b092,RPA5605,United States,1773611144.0,1773611145,-70.7913,42.2842,1851.66,False,129.14
7bb043,CSS6810,China,1773611055.0,1773611055,113.3439,23.4274,4206.24,False,177.39
a7a9cd,DAL1225,United States,1773611144.0,1773611145,-83.3395,29.148,10066.02,False,242.37
a5a665,SKW5062,United States,1773611023.0,1773611023,-100.7771,45.8395,8839.2,False,216.83
4cad92,SAS2051,Ireland,1773611144.0,1773611144,17.7833,62.7238,11590.02,False,212.13
a53c82,N4365U,United States,1773611144.0,1773611144,-148.286,64.9291,1333.5,False,85.61
aa0fc9,N7476V,United States,1773611145.0,1773611145,-87.7981,39.3063,10363.2,False,136.81
4d21db,KMM377,Malta,1773611145.0,1773611145,13.2154,49.0402,11582.4,False,238.75
4d21dc,KMM467,Malta,1773611144.0,1773611144,11.2295,41.0295,10660.38,False,225.93
a4104d,LXJ97,United States,1773611144.0,1773611144,-81.8185,31.4538,14935.2,False,270.51
7cf66a,TUG 46,Australia,1773611047.0,1773611051,115.9624,-31.9256,,True,0.9
a6765e,N5150D,United States,1773611144.0,1773611144,-117.1536,32.8228,289.56,False,32.83
45d965,VKG723,Denmark,1773611145.0,1773611145,-5.1263,54.9117,10058.4,False,236.57
7c58e7,RUH,Australia,1773611145.0,1773611145,142.9329,-37.8804,1203.96,False,91.92
a302a0,SWA2767,United States,1773611143.0,1773611144,-86.3841,32.9395,10668.0,False,224.43
4010ee,EZY58NE,United Kingdom,1773611144.0,1773611144,-3.8281,55.2377,8740.14,False,223.76
4010ed,EZY14XC,United Kingdom,1773611144.0,1773611144,0.501,44.1156,11574.78,False,204.13
4010ec,EZY29CB,United Kingdom,1773611145.0,1773611145,-0.8951,50.7788,4419.6,False,174.12
a448db,DAL3142,United States,1773611145.0,1773611145,-86.7011,36.0698,1135.38,False,89.8
4010eb,EZY82DT,United Kingdom,1773611145.0,1773611145,5.8713,51.718,10355.58,False,206.36
a3786a,N3222P,United States,1773611144.0,1773611144,-80.814,32.0465,3162.3,False,73.0
78072a,YZR7461,China,1773611142.0,1773611142,141.9343,38.1242,9448.8,False,288.82
aa9c01,N783DL,United States,1773611144.0,1773611144,-97.401,28.1135,12192.0,False,168.8
ac09c2,JRE875,United States,1773611144.0,1773611144,-81.4484,31.5458,13716.0,False,221.45
7c2ba8,,Australia,1773611010.0,1773611010,144.8463,-37.6707,,True,0.0
a5ee13,UAL549,United States,1773611144.0,1773611144,-105.3592,40.5248,5791.2,False,211.0
a22b34,N239P,United States,1773611141.0,1773611141,-111.8429,41.6318,1828.8,False,57.72
881426,AIQ736,Thailand,1773611144.0,1773611144,120.4221,23.845,10675.62,False,261.98
71bd86,KAL2094,Republic of Korea,1773611143.0,1773611144,120.193,24.0498,11887.2,False,276.98
a840ec,N6306F,United States,1773611143.0,1773611143,-73.0827,40.7851,220.98,False,35.69
71bd84,KAL684,Republic of Korea,1773611103.0,1773611105,126.4858,37.4327,91.44,False,73.08
a1e8ec,N222F,United States,1773611125.0,1773611125,-117.2708,33.1297,99.06,False,28.76
a2f5b4,EJM290,United States,1773610960.0,1773610960,-83.3815,42.666,563.88,False,69.47
a5b8c2,EJA468,United States,1773611145.0,1773611145,-76.5034,42.2751,12192.0,False,189.68
ac592f,N895PC,United States,1773611143.0,1773611144,-98.5376,30.073,1645.92,False,69.64
a35e49,DAL2371,United States,1773611145.0,1773611145,-83.943,41.8986,4244.34,False,208.61
e2008e,LVX737,Argentina,1773611045.0,1773611067,-58.1703,-35.1195,518.16,False,50.39
a35e47,JTZ316,United States,1773611145.0,1773611145,-97.0819,32.6144,487.68,False,56.7
adea75,N996RS,United States,1773611143.0,1773611144,-117.0232,33.7327,449.58,False,8.37
acca7b,JTZ923,United States,1773611144.0,1773611144,-96.1064,31.9854,7840.98,False,234.01
aab6a2,N79KW,United States,1773611145.0,1773611145,-120.2781,37.3534,2545.08,False,59.7
a28bc9,SKW3812,United States,1773611145.0,1773611145,-119.6755,35.8399,10668.0,False,241.4
a448d5,UAL1116,United States,1773611145.0,1773611145,-109.4838,32.9048,10058.4,False,254.6
ae115e,SPAR82,United States,1773611145.0,1773611145,-71.1453,42.8161,12192.0,False,207.78
45d970,VKG2576,Denmark,1773611132.0,1773611132,73.0863,28.0903,11887.2,False,277.07
aca903,N9148M,United States,1773611127.0,1773611128,-97.5433,28.0011,1158.24,False,69.92
4b9e06,TKJ7WK,Turkey,1773611145.0,1773611145,11.0684,49.9594,10363.2,False,225.16
4b9e07,TKJ2JY,Turkey,1773611145.0,1773611145,29.3523,40.638,1828.8,False,129.08
a448d3,UAL1132,United States,1773611144.0,1773611144,-102.9981,38.4637,10363.2,False,186.04
a11e8b,SKW3218,United States,1773610984.0,1773610985,-120.6115,35.2204,198.12,False,65.92
a448d1,UAL1056,United States,1773611144.0,1773611145,-94.8155,29.9076,2217.42,False,129.5
a0fe4a,EJM163,United States,1773611144.0,1773611144,-88.2977,28.0704,13106.4,False,200.53
4cac9f,SAS42Y,Ireland,1773611007.0,1773611009,12.6729,55.6289,60.96,False,60.88
a3fbaa,LXJ356,United States,1773611144.0,1773611144,-117.0243,34.1518,4869.18,False,200.04
a568f6,CYO448,United States,1773611144.0,1773611144,-80.2128,26.773,662.94,False,96.65
a555c3,AAL994,United States,1773611144.0,1773611144,-102.2454,31.3226,7620.0,False,258.5
a23200,SWA3253,United States,1773611145.0,1773611145,-88.7198,39.8136,11574.78,False,197.17
a25862,N250KC,United States,1773611145.0,1773611145,-80.6836,34.2901,7315.2,False,243.07
a675a9,SKW6303,United States,1773611131.0,1773611131,-118.3942,33.9411,,True,0.9
aaafd8,SKW5530,United States,1773610949.0,1773610950,-79.9832,37.3217,,True,0.06
a28bb9,GTI8370,United States,1773611144.0,1773611144,29.7203,-24.7532,10972.8,False,247.38
406c81,EXS3FR,United Kingdom,1773611144.0,1773611144,-1.6555,53.8687,,True,2.57
ab6cb0,UAL2236,United States,1773611145.0,1773611145,-83.4554,39.4067,10972.8,False,188.02
0ac95d,AVA9790,Colombia,1773611144.0,1773611144,-73.937,5.2187,6240.78,False,186.16
a17ef7,FDX533,United States,1773611144.0,1773611145,-90.7745,34.7478,7315.2,False,187.98
a9c3cd,N7281P,United States,1773611145.0,1773611145,-123.1839,44.5712,670.56,False,54.74
a3a222,DAL3043,United States,1773611144.0,1773611144,-80.3168,28.2641,1348.74,False,122.86
ac2c10,SWA2736,United States,1773611144.0,1773611144,-86.9147,32.4913,11277.6,False,257.98
ab7fe6,AAL3023,United States,1773611145.0,1773611145,-80.3008,37.8646,11574.78,False,220.02
0ac956,EFY9021,Colombia,1773611070.0,1773611070,-74.145,4.7043,,True,6.43
a3a223,N333NC,United States,1773611144.0,1773611145,-119.3447,35.9735,1333.5,False,54.18
a3a21b,N333MV,United States,1773611144.0,1773611144,-81.1119,34.2401,12192.0,False,209.85
86e75e,JAL42,Japan,1773611145.0,1773611145,142.5662,36.3988,1120.14,False,123.68
4d20fd,WMT7CK,Malta,1773611145.0,1773611145,6.8115,43.2122,10972.8,False,202.89
a36516,FFT1538,United States,1773611144.0,1773611144,-79.7255,35.0786,9441.18,False,258.54
0ac94b,,Colombia,1773611126.0,1773611126,-74.5688,4.8341,3276.6,False,87.66
a2452f,UAL709,United States,1773611144.0,1773611144,-108.7573,36.7236,8244.84,False,220.49
406c71,EZY43TB,United Kingdom,1773611144.0,1773611144,0.2102,51.2394,7917.18,False,158.68
a54ef1,N441GG,United States,1773611145.0,1773611145,-109.3056,32.4431,8229.6,False,134.32
4d20fb,WMT3ZE,Malta,1773611144.0,1773611144,15.8162,41.9528,10668.0,False,221.05
a2452a,UAL2329,United States,1773611137.0,1773611139,-99.5094,41.0153,10058.4,False,243.93
a53bc6,N4360F,United States,1773611144.0,1773611144,-117.1651,33.3068,1188.72,False,49.61
71bd54,KAL678,Republic of Korea,1773611144.0,1773611144,127.0025,36.419,6233.16,False,211.04
3003ad,DLA2FP,Italy,1773611144.0,1773611144,9.9213,46.6929,10058.4,False,219.88
a7e691,SKW6455,United States,1773611140.0,1773611141,-115.4133,32.593,6096.0,False,201.89
3003ae,DLA31A,Italy,1773610974.0,1773610976,15.4441,46.9977,,True,0.0
3003af,DLA1YN,Italy,1773611096.0,1773611099,12.3403,45.5015,,True,0.45
a3f07f,FFT2272,United States,1773611144.0,1773611144,-84.4251,33.6426,,True,0.0
a9d6f9,N733JA,United States,1773611144.0,1773611145,-117.6925,34.1004,22158.96,False,43.3
abbca1,SWA3464,United States,1773611144.0,1773611144,-91.0893,35.3283,11277.6,False,260.55
ab3989,AAY979,United States,1773611145.0,1773611145,-78.6928,36.027,10668.0,False,250.13
a1c2f1,SWA1966,United States,1773611140.0,1773611140,-117.1892,32.7306,,True,0.0
76b451,,Singapore,1773611053.0,1773611053,104.773,3.5115,10774.68,False,224.71
76b453,SIA819,Singapore,1773611145.0,1773611145,101.1099,11.882,10668.0,False,233.34
78076d,CCA938,China,1773611144.0,1773611144,11.5667,55.2869,10058.4,False,258.64
76b454,SIA441,Singapore,1773611134.0,1773611145,104.105,2.2216,5387.34,False,178.0
adaf12,N981CE,United States,1773611122.0,1773611122,-111.9768,40.7888,,True,3.09
76b44a,SIA903,Singapore,1773611136.0,1773611138,103.9181,1.1421,807.72,False,96.17
76b44d,SIA535,Singapore,1773611145.0,1773611145,103.5027,0.9694,3695.7,False,139.4
c02b6f,CFQLQ,Canada,1773611018.0,1773611018,-122.5432,49.4081,975.36,False,51.84
4b9e59,MSC781,Turkey,1773611144.0,1773611144,26.8359,36.4253,10972.8,False,231.1
485a85,TFL94G,Kingdom of the Netherlands,1773611145.0,1773611145,-7.0471,40.308,10972.8,False,225.0
a6506d,SKW6106,United States,1773611134.0,1773611134,-112.8498,38.9457,9144.0,False,213.18
a7cc65,EJA601,United States,1773611144.0,1773611145,-112.7143,34.4043,10706.1,False,165.07
ac9ff2,AAL1740,United States,1773611144.0,1773611144,-122.3605,37.6149,-45.72,False,75.71
a47227,LXJ386,United States,1773610937.0,1773610942,-74.0541,40.8552,,True,0.0
a47221,FFT1237,United States,1773611144.0,1773611145,-78.1268,38.0362,10988.04,False,206.6
4c0221,ASL500,Serbia,1773611145.0,1773611145,-72.6431,40.9692,3916.68,False,145.27
a34b61,N311JS,United States,1773611141.0,1773611141,-122.1122,37.4572,,True,0.0
ac3315,SWA4545,United States,1773611144.0,1773611144,-114.6977,36.0137,4831.08,False,168.03
ac9fe9,UPS5336,United States,1773611144.0,1773611144,-85.6814,37.9544,3162.3,False,142.84
aca948,ASA696,United States,1773611144.0,1773611144,-119.7266,35.0813,9349.74,False,248.67
a41bbb,LXJ364,United States,1773611144.0,1773611145,-89.2778,38.1486,6858.0,False,183.21
adf194,AAL3123,United States,1773611145.0,1773611145,-80.1861,30.9783,7620.0,False,184.65
a09b7d,N13810,United States,1773611062.0,1773611062,-81.2585,32.9993,457.2,False,50.08
a10b6b,CXK379,United States,1773611144.0,1773611144,-117.8269,34.0198,1516.38,False,62.02
ad6642,N9622R,United States,1773611110.0,1773611110,-118.8861,34.3568,1066.8,False,70.17
ab0013,N808FA,United States,1773611144.0,1773611144,-113.2732,39.4172,13716.0,False,238.32
aae004,N80FC,United States,1773611145.0,1773611145,-121.6004,36.971,3505.2,False,96.45
7c2baf,VOZ259,Australia,1773611137.0,1773611143,144.8479,-37.6733,,True,0.0
71bd78,AAR502,Republic of Korea,1773611145.0,1773611145,45.079,41.3672,11277.6,False,262.52
7c2bc6,VOZ815,Australia,1773611145.0,1773611145,151.2121,-34.1023,739.14,False,96.83
7c2bc5,VOZ1029,Australia,1773611144.0,1773611144,145.1921,-37.0352,7117.08,False,216.52
a448fc,DAL2830,United States,1773611144.0,1773611145,-121.0178,41.4752,11277.6,False,259.99
a34b52,N311JB,United States,1773611139.0,1773611145,-122.2513,37.5151,,True,0.06
aca972,N915CB,United States,1773610931.0,1773610931,-83.9619,33.9762,,True,4.63
ab86fc,N84176,United States,1773611097.0,1773611097,-75.605,39.9858,152.4,False,40.68
a0a2e3,CAP440,United States,1773611144.0,1773611144,-117.8792,33.8908,411.48,False,39.35
a65086,DAL415,United States,1773611144.0,1773611144,-120.4666,47.5402,7040.88,False,252.23
a50833,EJA423,United States,1773611144.0,1773611145,-80.2115,27.2745,1501.14,False,127.71
a91346,N684NG,United States,1773611119.0,1773611123,-82.6908,27.9242,22.86,False,44.67
a7706b,LXJ579,United States,1773611144.0,1773611144,-88.0115,42.6937,1783.08,False,132.26
aa9afc,SWA1999,United States,1773611145.0,1773611145,-78.04,27.2413,10972.8,False,220.7
a9d6e1,COL733,United States,1773611144.0,1773611144,-89.0015,42.4679,1264.92,False,114.96
a292c9,ENY3980,United States,1773611145.0,1773611145,-86.6665,41.1065,5791.2,False,148.3
a11271,N1685D,United States,1773611143.0,1773611143,-121.8718,38.5959,312.42,False,49.82
862dd8,JAL253,Japan,1773611142.0,1773611143,139.7839,35.5445,,True,0.0
ac8ce5,AAL777,United States,1773611145.0,1773611145,-115.1062,36.0761,967.74,False,90.58
a41bb5,FFT1545,United States,1773611145.0,1773611145,-81.9911,26.2141,5242.56,False,166.47
a7e68e,NJM608,United States,1773611145.0,1773611145,-93.5423,36.2489,13106.4,False,174.84
a34b40,SBE311,United States,1773611144.0,1773611145,-82.4707,29.5485,12496.8,False,198.15
a448f8,UAL1799,United States,1773611145.0,1773611145,-118.0326,37.5358,10972.8,False,215.05
a720eb,ASA297,United States,1773611145.0,1773611145,-81.9623,42.6006,10363.2,False,210.62
ac4668,N890MA,United States,1773611144.0,1773611144,-72.352,41.3028,1341.12,False,52.16
a9cff8,NKS101,United States,1773611145.0,1773611145,-80.3048,26.1507,899.16,False,122.95
a65095,N506DR,United States,1773611144.0,1773611145,-113.7775,41.0242,4328.16,False,53.87
a448f6,UAL1922,United States,1773611145.0,1773611145,-84.2754,38.1586,10972.8,False,251.89
a448f5,UAL2667,United States,1773611144.0,1773611144,-79.8436,38.4281,8793.48,False,251.17
a315dd,N2982N,United States,1773611144.0,1773611144,-122.6882,48.0149,510.54,False,37.81
4d2237,RYR93JJ,Malta,1773611144.0,1773611145,-6.077,35.4085,11277.6,False,237.32
ac3dec,SWA3860,United States,1773611145.0,1773611145,-90.2493,32.8449,10363.2,False,192.72
ab24ee,N817SA,United States,1773611144.0,1773611144,-98.7485,30.2576,2880.36,False,96.26
4d2239,RYR54TT,Malta,1773611144.0,1773611144,3.0252,50.0833,6469.38,False,219.48
ab6137,EJA832,United States,1773611145.0,1773611145,-80.1631,38.0411,12496.8,False,260.09
4d2235,RYR7GU,Malta,1773611144.0,1773611144,8.8689,45.1382,4808.22,False,168.65
a9c50d,MVP402,United States,1773611139.0,1773611139,-101.7592,37.9877,12489.18,False,198.04
a017c9,FDX915,United States,1773611144.0,1773611144,-90.1823,34.9538,3268.98,False,137.82
4d222a,RYR7MT,Malta,1773610425.0,1773611144,17.179,55.8487,11277.6,False,229.01
a7cbac,N601HG,United States,1773611142.0,1773611145,-122.1477,39.926,320.04,False,56.0
aab77f,N79US,United States,1773611145.0,1773611145,-112.1665,41.7138,2476.5,False,60.19
4d221e,RYR2UE,Malta,1773611145.0,1773611145,7.1448,52.2067,11582.4,False,220.21
4d221f,RYR94NW,Malta,1773611145.0,1773611145,11.6735,43.2987,11277.6,False,227.28
34714e,VOE3ER,Spain,1773611145.0,1773611145,4.1948,41.6691,10370.82,False,210.45
4d221a,RYR6TV,Malta,1773611145.0,1773611145,-5.2294,53.734,4572.0,False,126.42
34714d,VOE82FE,Spain,1773611144.0,1773611144,12.5187,45.5233,1828.8,False,110.46
4d221d,RYR5AM,Malta,1773611144.0,1773611144,-6.0871,45.6733,11582.4,False,219.84
a89bab,AAL2912,United States,1773611145.0,1773611145,-78.7356,35.9901,9410.7,False,243.0
a5f581,UAL2324,United States,1773611145.0,1773611145,-105.1761,40.4506,5775.96,False,206.67
a72249,EJA559,United States,1773611144.0,1773611144,-90.8402,43.7826,12496.8,False,243.72
4d2248,RYR49LH,Malta,1773611145.0,1773611145,-1.9772,53.4423,1257.3,False,77.77
a71b43,AAL1402,United States,1773611144.0,1773611144,-111.9051,32.8892,8534.4,False,221.82
800c86,AIC2336,India,1773611142.0,1773611144,84.0285,24.5464,10652.76,False,255.06
a61592,UAL477,United States,1773610902.0,1773610902,-75.3176,39.8523,121.92,False,67.25
abbd70,N8558W,United States,1773611144.0,1773611144,-120.2337,37.6661,1927.86,False,58.13
4d2246,RYR1823,Malta,1773611144.0,1773611144,-6.0498,42.4382,11277.6,False,232.4
4c0262,ASL39H,Serbia,1773611145.0,1773611145,20.1358,44.8951,861.06,False,88.5
4d223a,RYR2HR,Malta,1773611144.0,1773611144,15.1356,38.3645,11262.36,False,201.77
4d223b,RYR99YH,Malta,1773611145.0,1773611145,4.137,53.0995,11590.02,False,215.05
a05410,DAL2528,United States,1773611145.0,1773611145,-98.2782,30.2187,6454.14,False,199.56
a7e5c1,JBU2195,United States,1773610891.0,1773610906,-79.1487,23.7255,11277.6,False,234.35
a46b6e,N384PC,United States,1773611142.0,1773611144,-120.5345,37.4016,1684.02,False,104.3
c0321c,CFSZJ,Canada,1773611013.0,1773611015,-123.0173,49.0779,-60.96,False,36.01
a72e6c,AVA9547,United States,1773611125.0,1773611125,-75.0594,9.7338,6682.74,False,207.86
4d222b,RYR79BK,Malta,1773611145.0,1773611145,-4.006,45.5271,11582.4,False,213.67
4d222d,RYR473T,Malta,1773611144.0,1773611144,0.5154,40.6457,6903.72,False,188.5
a58b98,N4566H,United States,1773611144.0,1773611144,-85.3514,32.4569,1409.7,False,49.72
4d222e,RYR98ZH,Malta,1773611144.0,1773611144,17.2034,56.6059,11277.6,False,225.9
4d2241,RYR8787,Malta,1773611145.0,1773611145,7.5517,50.1111,1920.24,False,95.7
aa40c5,N76SF,United States,1773611144.0,1773611144,-89.2111,40.2054,4754.88,False,185.76
a0540a,DAL2396,United States,1773611145.0,1773611145,-76.9768,37.4129,10066.02,False,238.4
4cabd4,EIN1AC,Ireland,1773611145.0,1773611145,-71.0711,42.2237,731.52,False,104.33
a422f7,DAL524,United States,1773611145.0,1773611145,-75.5217,39.2261,7330.44,False,252.51
4d2216,RYR9075,Malta,1773611145.0,1773611145,25.2904,44.4816,6423.66,False,220.72
4d2217,RYR8SF,Malta,1773611144.0,1773611144,-4.6343,42.0201,11277.6,False,213.66
a5db6a,N477DD,United States,1773611145.0,1773611145,-82.4969,27.286,5181.6,False,136.5
4d2211,RYR95VV,Malta,1773611145.0,1773611145,8.9535,48.3708,11582.4,False,222.74
ace43d,N93KM,United States,1773611132.0,1773611136,-117.2675,37.2331,11582.4,False,138.75
4d2213,RYR96WJ,Malta,1773611144.0,1773611144,-3.6355,49.9921,10972.8,False,215.94
a017a5,DAL1277,United States,1773611145.0,1773611145,-112.9413,39.3733,8740.14,False,264.76
aa40aa,N76RD,United States,1773611050.0,1773611050,-122.9471,45.5392,,True,0.9
acd120,DAL841,United States,1773611072.0,1773611074,-113.0808,39.0201,10066.02,False,278.45
aa9027,N78WF,United States,1773611144.0,1773611145,-76.3359,39.186,838.2,False,121.74
a017a8,DAL969,United States,1773611145.0,1773611145,-80.3587,36.985,10370.82,False,208.08
a9be07,N727EX,United States,1773611144.0,1773611144,-99.2311,25.8698,2682.24,False,72.03
407f35,EZY12MX,United Kingdom,1773611145.0,1773611145,5.2388,48.4562,11414.76,False,213.93
485a33,KLM1377,Kingdom of the Netherlands,1773611145.0,1773611145,18.783,46.9866,11887.2,False,231.4
407f1f,RUK9QD,United Kingdom,1773611144.0,1773611145,-3.952,43.8051,10972.8,False,198.3
ac7a52,AAL792,United States,1773611145.0,1773611145,-82.6125,30.9654,10050.78,False,234.27
485a34,KLM71Z,Kingdom of the Netherlands,1773611145.0,1773611145,2.7914,42.2874,6149.34,False,211.8
4d2210,RYR7396,Malta,1773611145.0,1773611145,9.8854,54.9967,10119.36,False,244.21
ab6162,EDV5194,United States,1773611145.0,1773611145,-80.4512,41.3378,6118.86,False,180.36
ae6aab,NTRDR11,United States,1773610998.0,1773610998,-111.9596,39.8606,2491.74,False,128.9
a35e9c,AAL2590,United States,1773611145.0,1773611145,-114.3136,34.1919,10668.0,False,222.12
4d2222,RYR21WH,Malta,1773611145.0,1773611145,-5.0657,45.8536,11887.2,False,235.96
4d2223,RYR6546,Malta,1773611145.0,1773611145,10.7174,45.2776,1005.84,False,103.33
4d2224,RYR6632,Malta,1773611144.0,1773611144,-2.8483,43.5881,11582.4,False,214.61
a9c506,ASA352,United States,1773611144.0,1773611145,-103.1595,33.2639,10668.0,False,267.16
ac7a5e,AAL2465,United States,1773610840.0,1773610840,-81.7215,30.4897,144.78,False,86.72
a4bb8f,BLK1010,United States,1773611145.0,1773611145,-118.2791,34.5553,5433.06,False,152.3
a8b84c,N661DS,United States,1773610971.0,1773610976,-118.0299,34.0943,121.92,False,35.66
4c0243,ASL50R,Serbia,1773611145.0,1773611145,20.297,44.8239,,True,49.39
a7def8,EJA606,United States,1773611145.0,1773611145,-118.733,35.3552,9052.56,False,266.47
a06727,N125KA,United States,1773611145.0,1773611145,-83.5138,29.1869,7010.4,False,146.46
a782e4,AAL2983,United States,1773611144.0,1773611145,-85.6475,32.6159,10363.2,False,207.19
4d2220,RYR56HX,Malta,1773611144.0,1773611144,-7.8978,42.2405,8305.8,False,224.19
abb12d,SWA8806,United States,1773611143.0,1773611144,-107.6253,31.9121,12504.42,False,254.37
aaf1f2,AAL348,United States,1773611139.0,1773611139,-97.028,32.8996,,True,13.38
a9d830,N733WM,United States,1773611145.0,1773611145,-118.2272,33.6783,1028.7,False,60.02
a47e89,UPS5886,United States,1773611144.0,1773611144,-95.3214,36.2077,10980.42,False,213.52
adf128,JBU1053,United States,1773611145.0,1773611145,-74.6706,38.6608,10888.98,False,209.19
4d2279,RYR29HP,Malta,1773611144.0,1773611144,-1.6148,37.8199,11277.6,False,245.95
aa198b,N75V,United States,1773611127.0,1773611132,-94.9296,18.3297,3718.56,False,99.76
4d226b,RYR71PM,Malta,1773611145.0,1773611145,-0.4104,51.1189,1645.92,False,116.82
ab616f,SCX8016,United States,1773611144.0,1773611145,-91.2799,41.5601,8054.34,False,204.47
a2a7b5,ENY3687,United States,1773611142.0,1773611143,-81.9505,37.3492,10363.2,False,196.15
4d226d,RYR97KH,Malta,1773609559.0,1773611141,15.639,56.0077,3710.94,False,231.52
a09ab9,UPS5146,United States,1773611144.0,1773611144,-79.3869,42.4308,3962.4,False,192.9
a59e68,CYO461,United States,1773611143.0,1773611144,-102.3731,31.1222,12199.62,False,187.32
c03e43,CFXPA,Canada,1773611144.0,1773611144,-114.011,50.7275,1432.56,False,40.73
40600d,EZY57KG,United Kingdom,1773611144.0,1773611144,2.6669,51.6251,8511.54,False,193.73
4d225f,RYR8ZA,Malta,1773611109.0,1773611134,11.5803,38.4528,10172.7,False,226.64
ace478,N93MW,United States,1773610731.0,1773610846,-82.5266,27.9858,,True,0.0
abbd8d,SWA3011,United States,1773611144.0,1773611145,-104.28,38.8867,7940.04,False,271.88
a675c0,N515TW,United States,1773610894.0,1773610906,-108.6552,38.8855,6705.6,False,89.11
4d2273,RYR6NY,Malta,,1773611137,,,,False,0.06
4d2275,RYR8684,Malta,1773611036.0,1773611037,-1.3348,52.8281,,True,0.0
4d2270,RYR10CC,Malta,1773611145.0,1773611145,0.5703,51.7449,11582.4,False,213.78
a6152a,EDV5455,United States,1773611145.0,1773611145,-78.1169,38.0174,10668.0,False,252.47
44079a,EJU76HQ,Austria,1773611145.0,1773611145,5.3262,42.2294,10363.2,False,207.35
c05840,ACA840,Canada,1773610944.0,1773610947,-79.6146,43.6778,,True,1.29
7c80ff,RXA3915,Australia,1773611145.0,1773611145,144.8498,-37.7241,693.42,False,72.15
406017,EZY48YN,United Kingdom,1773611145.0,1773611145,4.4699,52.3093,2301.24,False,132.43
4d227c,RYR2234,Malta,1773611145.0,1773611145,-1.0582,38.6508,11582.4,False,209.89
aa9c39,N783FS,United States,1773611145.0,1773611145,-118.4049,34.2218,3429.0,False,133.92
4d227d,RYR9299,Malta,1773611145.0,1773611145,2.3151,52.9768,11887.2,False,256.22
a9be02,N727ES,United States,1773611124.0,1773611124,-110.3398,34.4886,6400.8,False,126.24
4d227e,RYR29SV,Malta,1773611144.0,1773611144,5.7653,48.242,11277.6,False,240.17
4d227a,RYR2RG,Malta,1773611144.0,1773611144,1.6596,56.929,11582.4,False,218.36
406012,EZY82HL,United Kingdom,1773611144.0,1773611145,-2.5014,51.3911,967.74,False,69.64
406011,EZY84AM,United Kingdom,1773611144.0,1773611144,2.8969,54.0408,10988.04,False,211.44
4d227b,RYR9494,Malta,1773611144.0,1773611144,8.1892,44.0642,10485.12,False,235.78
a4ce5b,N409D,United States,1773611045.0,1773611045,-81.4425,25.3375,1524.0,False,53.03
4d2287,RYR6HT,Malta,1773611145.0,1773611145,3.2518,40.8162,11277.6,False,253.64
ac7a84,KAP747,United States,1773611070.0,1773611076,-68.3967,44.3306,944.88,False,79.64
406c3b,VIR316,United Kingdom,1773610933.0,1773610933,77.6184,13.2078,1280.16,False,94.14
ab618b,UAL752,United States,1773611140.0,1773611142,-87.9297,41.9715,,True,0.0
abc49b,SWA2529,United States,1773611144.0,1773611144,-86.4329,33.7513,11887.2,False,225.04
4d2255,RYR7628,Malta,1773611145.0,1773611145,8.1744,50.2909,11582.4,False,226.12
4d2256,RYR5443,Malta,1773611145.0,1773611145,5.7667,38.7296,10668.0,False,252.43
a7debf,NKS2207,United States,1773611144.0,1773611144,-78.0508,28.8917,10972.8,False,249.78
a72e69,ASA14,United States,1773611144.0,1773611145,-113.5541,32.8986,10668.0,False,230.7
a16d22,AAY2102,United States,1773611144.0,1773611144,-96.6421,33.1428,11582.4,False,223.72
4d2251,RYR22KP,Malta,1773611144.0,1773611145,11.9172,43.2072,11430.0,False,227.03
a8b804,VAR661,United States,1773611051.0,1773611051,-112.3875,33.0345,1638.3,False,61.05
a8b805,AAL1857,United States,1773611144.0,1773611144,-74.1264,42.3491,6926.58,False,207.98
a65bbc,DAL497,United States,1773611142.0,1773611142,-92.572,36.6948,10058.4,False,275.18
4d2250,RYR33VG,Malta,1773611144.0,1773611144,-4.1453,49.1982,9928.86,False,205.79
aa79f6,AAL2761,United States,1773611143.0,1773611143,-100.1139,25.7791,,True,0.0
407f5f,EZY24HM,United Kingdom,1773611145.0,1773611145,-0.5799,50.5833,4274.82,False,196.8
4d2269,RYR691N,Malta,1773611144.0,1773611144,10.6168,57.3124,11277.6,False,248.52
4d225a,RYR21DU,Malta,1773611144.0,1773611145,-0.4043,45.8338,11582.4,False,210.6
4d225c,RYR81WD,Malta,1773611144.0,1773611144,-1.7039,55.0388,,True,2.06
4d225d,RYR233Q,Malta,1773611144.0,1773611145,9.1955,55.0403,11277.6,False,219.64
a05434,FDX6074,United States,1773610830.0,1773610832,113.6316,23.4393,3185.16,False,160.82
aa195f,N75TF,United States,1773611145.0,1773611145,-107.0723,37.2506,13106.4,False,267.01
c0584f,ACA1004,Canada,1773611144.0,1773611144,-80.6997,36.5265,10972.8,False,217.65
ac3f09,SWA1884,United States,1773611144.0,1773611144,-84.6553,31.7037,11277.6,False,256.51
407f66,EZY38VV,United Kingdom,1773611144.0,1773611144,0.1495,44.1176,10972.8,False,206.01
407f63,EZY52RA,United Kingdom,1773611144.0,1773611145,-4.6551,43.2319,10988.04,False,217.72
a0a403,N140PP,United States,1773611145.0,1773611145,-116.6223,33.0989,2994.66,False,130.4
3c55c3,EWG3MY,Germany,1773611144.0,1773611145,13.686,52.3969,693.42,False,86.95
a9b0ed,RPA3303,United States,1773611145.0,1773611145,-80.2154,41.5508,11582.4,False,186.64
7c80f6,RXA5716,Australia,1773611144.0,1773611145,151.1902,-27.1095,5486.4,False,133.08
4d224d,RYR52GJ,Malta,1773611145.0,1773611145,8.1739,48.8788,731.52,False,90.36
4d224e,RYR6EA,Malta,1773611144.0,1773611145,0.1106,41.4838,11277.6,False,255.38
aa0633,N745MC,United States,1773611144.0,1773611144,-79.1715,29.3382,11582.4,False,187.83
3c55c9,EWG31V,Germany,1773611144.0,1773611144,14.0561,48.9121,10355.58,False,228.99
3c55c8,EWG87AW,Germany,1773611145.0,1773611145,9.5201,48.8178,1676.4,False,120.28
4d2263,RYR12EF,Malta,1773611144.0,1773611145,21.1481,44.571,11582.4,False,225.48
4d2265,RYR9DD,Malta,1773611144.0,1773611145,-0.05,40.6075,11277.6,False,251.94
a5db2c,ASA731,United States,1773611144.0,1773611144,-112.3386,33.6204,4312.92,False,134.32
a72213,JIA5079,United States,1773611145.0,1773611145,-81.233,41.5309,8915.4,False,231.58
4d2260,RYR868E,Malta,1773611141.0,1773611141,-7.9586,37.0151,,True,4.89
407f60,EZY35CL,United Kingdom,1773611145.0,1773611145,-1.9056,52.3437,7437.12,False,245.02
323232,J9,Italy,1773611145.0,1773611145,27.5554,37.3252,5486.4,False,38.57
ae6b96,RUDY30,United States,1773611145.0,1773611145,-119.0007,34.7154,2842.26,False,126.8
a1d76b,MXY339,United States,1773611145.0,1773611145,-89.672,31.291,6797.04,False,189.64
a1878a,SKW3057,United States,1773611145.0,1773611145,-122.9662,45.1266,7162.8,False,196.63
a27a2d,AAY3032,United States,1773611145.0,1773611145,-80.2936,35.3919,10972.8,False,221.82
a60da2,N4899G,United States,1773611144.0,1773611144,-122.7338,47.3349,822.96,False,33.83
400a7c,BAW395B,United Kingdom,1773610939.0,1773610939,-0.4496,51.4649,38.1,False,64.31
a39a19,LXJ331,United States,1773611140.0,1773611140,-74.0547,40.8546,,True,0.0
a65d06,SKW6468,United States,1773611074.0,1773611085,-108.6738,34.9869,9753.6,False,206.55
a0a457,SKW5452,United States,1773611144.0,1773611145,-122.5464,39.5184,7010.4,False,203.35
a3b4b5,DAL1035,United States,1773611145.0,1773611145,-95.7951,30.0124,4198.62,False,178.67
a124eb,CVU73,United States,1773611101.0,1773611101,-114.1627,35.9313,1973.58,False,75.74
a9b26f,N724AG,United States,1773611144.0,1773611145,-76.7653,36.1386,13106.4,False,246.63
861b47,ANA8506,Japan,1773611144.0,1773611144,140.6124,35.5264,1478.28,False,103.93
c82b09,ANZ005M,New Zealand,1773611144.0,1773611144,175.3514,-37.8982,5135.88,False,111.89
a4e7bf,KAI42,United States,1773611145.0,1773611145,-122.2235,37.7279,,True,15.95
a3b4c7,AAY11,United States,1773611145.0,1773611145,-118.4534,36.479,6096.0,False,187.49
a9629c,N7034E,United States,1773611144.0,1773611144,-110.9297,32.5813,2468.88,False,88.4
a42405,EJA366,United States,1773611144.0,1773611144,-121.8532,37.5779,1798.32,False,114.6
aafda1,UAL2033,United States,1773611144.0,1773611144,-104.7494,39.4871,2979.42,False,111.18
ada296,AAL1806,United States,1773611145.0,1773611145,-81.6224,34.9915,5440.68,False,181.03
a3ade9,UPS5846,United States,1773611145.0,1773611145,-95.7632,36.7099,11590.02,False,218.16
400a5b,BAW908,United Kingdom,1773611144.0,1773611144,3.8508,50.7937,11285.22,False,257.15
4071d9,EZY29YT,United Kingdom,1773611144.0,1773611144,-0.9983,52.3951,8641.08,False,169.76
4071d7,EZY403Q,United Kingdom,1773611144.0,1773611145,-2.0782,53.9162,10988.04,False,212.54
0d0de2,AMX653,Mexico,1773611145.0,1773611145,-97.4807,25.8625,10972.8,False,217.78
348508,VLG84DB,Spain,1773611144.0,1773611144,12.2283,40.7534,11277.6,False,232.45
0d0de8,VIV7016,Mexico,1773611144.0,1773611144,-100.1057,25.7757,,True,13.89
0d0de7,AMX615,Mexico,1773611144.0,1773611144,-110.7914,31.0775,10668.0,False,256.4
a867a2,N6400Q,United States,1773611144.0,1773611145,-122.9574,45.4105,762.0,False,54.65
a05470,RPA4338,United States,1773611144.0,1773611145,-85.7629,40.0788,3352.8,False,114.73
a3f119,N353MV,United States,1773611145.0,1773611145,-117.9177,34.0964,480.06,False,50.41
c03e07,WJA1904,Canada,1773611144.0,1773611144,-106.6996,52.1763,381.0,False,67.6
ac57af,SWA4328,United States,1773611145.0,1773611145,-82.2984,32.8795,11277.6,False,226.04
ac57d2,SWA2684,United States,1773611144.0,1773611144,-119.2769,37.0175,9060.18,False,209.02
aafdc4,VXP1191,United States,1773611144.0,1773611145,-78.7011,37.444,7429.5,False,175.84
407f0d,RUK1MH,United Kingdom,1773611142.0,1773611142,-5.4407,54.5382,2918.46,False,122.02
ab1dd5,VXP301,United States,1773611145.0,1773611145,-91.9536,31.5172,10972.8,False,187.18
a41131,DAL396,United States,1773610848.0,1773610848,-122.3053,47.4372,,True,4.63
a2d143,OXF7049,United States,1773610978.0,1773610978,-111.3899,32.9569,754.38,False,41.41
abbd0a,SWA802,United States,1773611145.0,1773611145,-79.4368,36.8289,6484.62,False,213.95
a42466,UPS5978,United States,1773611145.0,1773611145,-97.1617,43.1567,10980.42,False,234.14
ab6101,AAL2727,United States,1773611012.0,1773611012,-67.5597,18.7938,10972.8,False,201.36
ab6108,AAY1242,United States,1773611145.0,1773611145,-83.7175,34.1043,10363.2,False,234.43
a364ea,DAL1491,United States,1773611145.0,1773611145,-95.9897,29.8169,9738.36,False,197.79
a2d11c,OXF6881,United States,1773611128.0,1773611128,-111.7232,33.4658,457.2,False,36.64
a71b82,VJA557,United States,1773610974.0,1773610975,-91.6929,41.8739,434.34,False,56.75
a6fb71,VJA549,United States,1773611144.0,1773611144,-121.9263,37.3624,-7.62,False,76.56
a2d11e,OXF6978,United States,1773611144.0,1773611144,-111.488,32.7193,1981.2,False,50.91
a34ae0,DAL1292,United States,1773611142.0,1773611144,-80.4315,26.1461,906.78,False,108.65
a27a5c,EJA259,United States,1773611123.0,1773611123,-115.1676,36.0843,,True,7.72
a0191e,AAL1557,United States,1773611144.0,1773611144,-78.008,37.3748,10058.4,False,248.02
a72270,N559SF,United States,1773611100.0,1773611100,-98.5452,45.1329,2209.8,False,125.75
a41121,N361ML,United States,1773611144.0,1773611144,-84.0561,39.9375,8031.48,False,112.5
a34ace,N311CV,United States,1773611062.0,1773611062,-91.1382,30.5422,114.3,False,52.76
a96e9a,ASA756,United States,1773611144.0,1773611144,-116.2584,36.1541,8854.44,False,202.98
4cac11,KZR161,Ireland,1773611145.0,1773611145,84.5487,24.9746,10058.4,False,257.29
4b19fe,SWR3PD,Switzerland,1773611060.0,1773611065,8.7177,45.6246,,True,0.0
30055b,AUA653,Italy,1773611145.0,1773611145,17.2069,48.1299,6103.62,False,181.2
a3045c,CNS124,United States,1773611144.0,1773611145,-82.3081,28.773,4122.42,False,158.76
4cac13,KZR593,Ireland,1773611144.0,1773611144,83.7264,22.901,10058.4,False,232.32
ac57ca,N8949G,United States,1773610941.0,1773610941,-122.2002,48.7689,769.62,False,33.45
861b03,ANA8528,Japan,1773611144.0,1773611144,140.5665,36.304,4335.78,False,202.71
a46ac0,N384GD,United States,1773611144.0,1773611144,-82.1634,28.5024,1615.44,False,120.9
a2f77b,SWA3280,United States,1773611145.0,1773611145,-115.9038,33.4344,10058.4,False,238.85
a9be6e,N727K,United States,1773611144.0,1773611144,-119.3188,36.1289,2324.1,False,93.18
a7d2bc,DAL712,United States,1773611145.0,1773611145,-84.984,33.5511,5204.46,False,205.63
ab24cc,EJA817,United States,1773611144.0,1773611144,-79.8281,27.2164,2880.36,False,141.21
ab5a1d,UAL1711,United States,1773611145.0,1773611145,-95.9371,29.9315,4960.62,False,167.12
a3ada3,AAL1124,United States,1773611144.0,1773611145,-80.7877,25.7223,1653.54,False,118.04
ac57f9,DAL2480,United States,1773611145.0,1773611145,-76.7555,39.1764,1844.04,False,143.54
c030ea,ASP675,Canada,1773611144.0,1773611144,-75.2928,40.4335,13716.0,False,210.31
7c3f5c,MSU,Australia,1773611145.0,1773611145,149.3488,-34.6162,9304.02,False,204.26
c030eb,ACA213,Canada,1773611145.0,1773611145,-114.3401,51.0285,3589.02,False,151.47
a364e7,DAL922,United States,1773611144.0,1773611144,-149.9874,61.1715,,True,2.06
adc7b0,N9871R,United States,1773611145.0,1773611145,-77.7405,34.3016,12192.0,False,224.49
a46ab3,FFT3372,United States,1773611143.0,1773611144,-79.8889,34.7037,6408.42,False,215.92
7cf6b0,WORKS72,Australia,1773610975.0,1773610975,144.8538,-37.6807,,True,4.89
710053,SVA3621,Saudi Arabia,1773611144.0,1773611145,87.3931,23.0673,10363.2,False,210.37
acdd1b,AAL2743,United States,1773611144.0,1773611144,-117.7088,33.6229,6408.42,False,225.0
0d0da8,VOI7849,Mexico,1773611090.0,1773611092,-112.885,30.0812,11277.6,False,239.99
a2e42c,N2859L,United States,1773611145.0,1773611145,-121.8762,37.7854,944.88,False,49.2
a04183,VTE3423,United States,1773611075.0,1773611075,-80.9715,35.2726,518.16,False,70.57
48c2af,RYR925P,Poland,1773611144.0,1773611145,9.4115,48.1369,11582.4,False,227.13
a9755d,N7085R,United States,1773611145.0,1773611145,-117.4135,33.8079,1402.08,False,33.09
abc432,SWA1490,United States,1773611145.0,1773611145,-99.1431,34.719,10363.2,False,205.25
48c2ae,RYR918R,Poland,1773611145.0,1773611145,-7.9548,44.9144,10972.8,False,201.76
48c2ac,RYR53GW,Poland,1773611145.0,1773611145,-1.492,43.0515,10668.0,False,253.31
a40a0b,N36AZ,United States,1773611144.0,1773611144,-119.9562,35.7219,2842.26,False,88.76
861b20,ANA8416,Japan,1773611145.0,1773611145,140.8912,35.2508,2430.78,False,145.51
7c5972,RYC,Australia,1773611068.0,1773611068,153.4385,-28.0292,99.06,False,58.93
abaa0e,SWA2553,United States,1773611144.0,1773611144,-95.2766,35.3806,11582.4,False,194.46
a40a18,N36BM,United States,1773611144.0,1773611144,-95.1494,44.4569,13098.78,False,243.41
ac2ab3,KOW883,United States,1773611144.0,1773611144,-106.8544,34.6006,13670.28,False,192.8
ab0acb,N810QS,United States,1773611144.0,1773611145,-83.2894,28.9739,13106.4,False,239.38
48c2b9,RYR49ZV,Poland,1773611144.0,1773611144,-3.9081,41.0129,11582.4,False,215.53
a5e29a,ASA25,United States,1773611145.0,1773611145,-85.0822,44.3504,9753.6,False,228.15
48c2b7,RYR5AA,Poland,1773611145.0,1773611145,9.7115,44.9343,11277.6,False,236.98
ab24f7,SKW4820,United States,1773611142.0,1773611145,-94.0269,31.9872,6705.6,False,202.67
ac2ab8,EJM883,United States,1773610965.0,1773610965,-107.8993,40.121,12390.12,False,176.39
48c2b8,RYR24CH,Poland,1773611145.0,1773611145,9.0431,52.3228,11277.6,False,239.19
aaeaba,EJA802,United States,1773611144.0,1773611144,-82.7266,30.2119,13106.4,False,248.71
a8ebca,NKS981,United States,1773611072.0,1773611072,-80.3133,25.8024,60.96,False,72.55
342398,VLG68UG,Spain,1773611145.0,1773611145,-8.9937,35.8691,10980.42,False,221.75
48c2b1,RYR6KH,Poland,1773611144.0,1773611144,23.3018,43.6201,7764.78,False,204.17
48c2b0,RYR45UM,Poland,1773611140.0,1773611141,19.6451,50.0623,723.9,False,88.55
abbd47,SWA4431,United States,1773611144.0,1773611144,-96.0425,30.29,10668.0,False,256.82
886289,TAX865,Thailand,1773611140.0,1773611145,75.3049,31.1617,12496.8,False,266.63
ad6543,N962TF,United States,1773611145.0,1773611145,-122.2022,37.4975,190.5,False,44.04
886288,TAX638,Thailand,1773611144.0,1773611145,127.8314,26.3904,11277.6,False,288.55
886285,TAX700,Thailand,1773611145.0,1773611145,103.919,15.1256,11277.6,False,265.17
71be35,AAR204,Republic of Korea,1773611100.0,1773611100,-128.1695,42.696,11887.2,False,270.64
71be34,AAR601,Republic of Korea,1773610997.0,1773610997,151.164,-33.9405,,True,0.0
151ec1,SBI5241,Russian Federation,,1773610947,,,,False,0.0
71c517,,Republic of Korea,1773611117.0,1773611117,-121.6428,57.5848,11277.6,False,314.66
7c7a5d,YGF,Australia,1773611144.0,1773611144,150.4232,-31.1488,1158.24,False,45.81
a6c781,JBU2166,United States,1773611144.0,1773611144,-76.9253,37.9911,11277.6,False,247.99
a6a11e,VOI3482,United States,1773611145.0,1773611145,-96.7301,20.4071,10972.8,False,207.91
c030a6,ACA599,Canada,1773611144.0,1773611145,-122.0452,45.6369,10972.8,False,202.14
48c2a6,RYR17FQ,Poland,1773611145.0,1773611145,1.0398,51.9795,3474.72,False,111.1
a8a4c7,UAL3934,United States,1773611144.0,1773611144,-75.7676,40.4922,6408.42,False,184.15
a2ca97,N2792P,United States,1773611121.0,1773611125,-118.6794,34.025,182.88,False,18.27
a53d9d,N437FA,United States,1773611145.0,1773611145,-122.2574,38.6419,1615.44,False,61.32
abbbae,UAL1702,United States,1773611144.0,1773611145,-122.3822,37.6193,,True,6.69
48c2a1,RYR51MN,Poland,1773611144.0,1773611144,17.3901,50.3171,11582.4,False,230.5
71be29,KAL214,Republic of Korea,1773611145.0,1773611145,133.3458,36.0055,10972.8,False,203.75
71be20,AIH776,Republic of Korea,1773611144.0,1773611144,113.7484,40.0976,10088.88,False,269.51
71be24,KAL510,Republic of Korea,1773611144.0,1773611145,26.2445,44.962,9448.8,False,244.56
a12622,UPS1050,United States,1773611145.0,1773611145,-79.4839,40.369,9441.18,False,263.66
71be23,KAL8256,Republic of Korea,1773611144.0,1773611144,-149.9795,61.1712,,True,6.43
a64a73,SKW4944,United States,1773611144.0,1773611144,-114.7529,42.2931,10668.0,False,283.29
a23f0c,MXY176,United States,1773611145.0,1773611145,-70.3922,43.0564,3810.0,False,214.09
4d20b1,WZZ8068,Malta,1773611145.0,1773611145,15.7766,47.4761,10972.8,False,227.63
aaa2d3,SWA1350,United States,1773611145.0,1773611145,-77.6437,38.8102,6850.38,False,175.89
7c7a4a,VOZ814,Australia,1773611144.0,1773611144,147.3356,-36.5456,8839.2,False,168.94
3cedb8,LUA425N,Germany,1773611145.0,1773611145,-7.2589,41.3073,12496.8,False,227.76
4cac54,RYR25HD,Ireland,1773611145.0,1773611145,0.2563,47.8101,11277.6,False,217.12
7c7a4c,VOZ917,Australia,1773611145.0,1773611145,152.3967,-31.2652,11277.6,False,269.74
c043b7,ACA174,Canada,1773611145.0,1773611145,-112.8125,53.2781,4038.6,False,192.94
a9c4b2,N72878,United States,1773610917.0,1773610917,-70.8464,42.7951,-129.54,False,28.31
7c7a68,YGQ,Australia,1773611145.0,1773611145,149.9367,-30.4094,1295.4,False,52.51
a1b190,MS5,United States,1773611144.0,1773611144,-117.2637,33.6122,4244.34,False,56.66
ad15cf,AAL2365,United States,1773611144.0,1773611144,-77.0758,36.1608,10972.8,False,206.53
a5449a,AAL713,United States,1773610957.0,1773611137,-99.4849,42.3262,10370.82,False,224.96
ab124f,CYO812,United States,1773611145.0,1773611145,-101.731,31.0443,11582.4,False,176.47
71c501,TWB531,Republic of Korea,1773611145.0,1773611145,-124.6747,50.1914,6758.94,False,258.9
75807f,GAP2557,Philippines,1773611145.0,1773611145,121.132,14.3569,3238.5,False,167.76
7c7a63,ENRG31,Australia,1773610975.0,1773610977,144.423,-37.7274,175.26,False,24.51
7c7a3f,VOZ726,Australia,1773611142.0,1773611145,146.5511,-34.914,9136.38,False,164.38
a471e0,DAL2442,United States,1773611145.0,1773611145,-119.9714,44.8516,10668.0,False,284.73
440713,EJU87XQ,Austria,1773610875.0,1773610875,2.6248,48.996,175.26,False,67.63
71c539,JJA2606,Republic of Korea,1773611144.0,1773611144,127.3298,35.7622,8763.0,False,225.49
a52a99,AAL3322,United States,1773611144.0,1773611144,-91.2081,35.4196,7627.62,False,271.1
a2dd9f,JTL284,United States,1773611143.0,1773611143,-109.1165,35.1169,13106.4,False,238.28
151ee9,SBI3045,Russian Federation,1773611144.0,1773611145,87.9588,57.2335,11277.6,False,253.16
a2e491,N286DA,United States,1773611145.0,1773611145,-118.7492,34.1289,1935.48,False,79.35
4cac24,RYR9049,Ireland,1773611144.0,1773611144,-0.2782,38.6675,3810.0,False,151.94
ae2ef1,RN116,United States,1773610972.0,1773610972,-86.1437,32.1521,1089.66,False,97.88
a987cb,N713GC,United States,1773611143.0,1773611143,-86.2101,28.0967,13106.4,False,204.52
71c536,KAL072,Republic of Korea,1773611135.0,1773611135,-123.2035,49.1919,,True,5.92
7bb133,CDG2434,China,1773611144.0,1773611144,135.0802,34.5221,2644.14,False,130.36
acf5f4,EJA934,United States,1773611145.0,1773611145,-121.0145,47.8426,6057.9,False,165.96
a3f190,N353SP,United States,1773611144.0,1773611144,-77.3337,37.4717,411.48,False,58.28
49d006,TVS2TU,Czech Republic,1773611145.0,1773611145,2.7591,41.4886,10972.8,False,218.58
a65161,N506MV,United States,1773611145.0,1773611145,-96.1874,37.7235,6918.96,False,124.97
71be41,AAR742,Republic of Korea,1773611022.0,1773611081,126.633,37.2203,1424.94,False,103.64
a721d5,WCC55,United States,1773611144.0,1773611144,-121.2559,35.9645,6271.26,False,131.8
c03cf1,ACA7306,Canada,1773611145.0,1773611145,-79.7173,43.8335,3794.76,False,141.17
a066a8,KOW25,United States,1773611144.0,1773611144,-82.9779,41.2819,14325.6,False,221.62
71be45,AIH285,Republic of Korea,1773611144.0,1773611144,138.4555,36.1649,10972.8,False,197.06
71be44,KAL011,Republic of Korea,1773610864.0,1773610864,-118.412,33.9411,,True,5.14
c043cb,WJA647,Canada,1773611144.0,1773611144,-89.1917,48.1737,10972.8,False,220.64
886292,TAX630,Thailand,1773611145.0,1773611145,118.011,21.2879,11277.6,False,277.99
a6b463,VTE3418,United States,1773611145.0,1773611145,-81.1954,35.2181,2987.04,False,154.99
a41144,DAL2805,United States,1773611144.0,1773611144,-77.1951,37.9866,6690.36,False,217.93
886293,TAX612,Thailand,1773611143.0,1773611144,128.5499,28.2926,12496.8,False,280.52
a7d43c,SKW5537,United States,1773610869.0,1773610869,-104.6718,39.8613,,True,7.46
758073,GAP2889,Philippines,1773611144.0,1773611144,121.898,11.5122,10066.02,False,215.11
7c44f0,NWI,Australia,1773611144.0,1773611144,140.4199,-36.4609,4267.2,False,109.81
7c7a46,VOZ1590,Australia,1773611145.0,1773611145,151.7216,-32.7946,1714.5,False,128.13
71c521,AAR562,Republic of Korea,1773611144.0,1773611144,13.7475,42.1237,8557.26,False,223.83
7c7a47,VOZ504,Australia,1773611145.0,1773611145,152.4283,-29.4655,9144.0,False,202.49
7c7a48,VOZ913,Australia,1773611144.0,1773611144,153.4863,-28.2215,6560.82,False,168.88
71c524,JJA2304,Republic of Korea,1773611141.0,1773611144,122.4012,25.5081,11277.6,False,265.41
a89d66,WUP654,United States,1773611144.0,1773611144,-96.6463,29.8138,8061.96,False,209.08
a2d147,OXF5940,United States,1773611145.0,1773611145,-112.0127,32.988,609.6,False,40.18
71c522,AAR512,Republic of Korea,1773611145.0,1773611145,28.9126,42.8399,11277.6,False,266.65
ace2b2,N9295T,United States,1773611145.0,1773611145,-149.8235,61.2234,312.42,False,32.41
4cac1e,RYR4MA,Ireland,1773611002.0,1773611002,13.217,38.2181,609.6,False,85.52
4cac1f,RYR445D,Ireland,1773611144.0,1773611144,31.9914,35.0586,4899.66,False,193.79
151ece,SBI3017,Russian Federation,1773611143.0,1773611143,82.8518,57.3814,10668.0,False,241.73
4cac7b,SAS724,Ireland,1773611145.0,1773611145,22.2636,60.2417,7604.76,False,215.24
a11f5a,UAL2096,United States,1773611145.0,1773611145,-91.6637,46.035,10058.4,False,255.73
ac325d,N885WA,United States,1773611145.0,1773611145,-122.2718,47.9158,152.4,False,28.3
a65104,JBU2324,United States,1773611137.0,1773611137,-81.3201,28.4429,,True,0.0
a89d0a,QXE2069,United States,1773611144.0,1773611144,-122.3315,40.3081,822.96,False,97.86
e49a52,PSLUP,Brazil,1773611145.0,1773611145,-47.2131,-21.5462,3886.2,False,135.2
39b117,FBU70A,France,1773611144.0,1773611144,23.099,35.5477,11148.06,False,265.37
4cac87,RYR2JM,Ireland,1773611144.0,1773611145,-10.7695,38.0207,11277.6,False,242.84
e4a1b2,PSFGV,Brazil,1773611137.0,1773611138,-47.7117,-21.0919,998.22,False,66.57
04c15b,KQA112,Kenya,1773611133.0,1773611133,36.6557,-1.2065,4632.96,False,207.34
ada21a,N978HP,United States,1773611143.0,1773611144,-121.1474,39.0189,640.08,False,61.39
4cac85,RYR339F,Ireland,1773611144.0,1773611144,12.8663,38.8255,11277.6,False,230.01
4d20d6,VJT827,Malta,1773611145.0,1773611145,-77.2,42.2615,10363.2,False,214.39
a5f4c6,N483LP,United States,1773611145.0,1773611145,-112.8811,33.2984,1950.72,False,40.07
acdbec,ASA747,United States,1773611144.0,1773611144,-122.2333,47.6219,3124.2,False,153.41
abc2e5,RPA4614,United States,1773611145.0,1773611145,-76.2917,38.3279,4701.54,False,167.33
a11324,ASI447,United States,1773611144.0,1773611145,-112.479,33.7442,830.58,False,50.95
a65d45,VOI1715,United States,1773611145.0,1773611145,-118.4967,33.6893,3108.96,False,153.2
a3f133,DAL2203,United States,1773611145.0,1773611145,-87.5969,43.0559,10363.2,False,223.48
a71aa5,JIA5067,United States,1773611131.0,1773611131,-84.4286,33.6366,,True,2.83
c04fd7,ACA1003,Canada,1773611144.0,1773611144,-74.0172,40.6619,11894.82,False,256.59
ac459f,N890D,United States,1773611145.0,1773611145,-92.387,33.9308,11887.2,False,271.23
4cac8e,SAS061,Ireland,1773611144.0,1773611144,18.2163,59.6938,845.82,False,88.09
4cac8a,SAS47D,Ireland,1773611144.0,1773611144,15.2281,49.0548,11582.4,False,221.42
4d20f7,VJT878,Malta,1773611145.0,1773611145,-99.8354,36.5766,13114.02,False,216.53
a60df8,N49CG,United States,1773611144.0,1773611144,-121.4237,43.9491,1653.54,False,32.91
ada227,JBU2116,United States,1773611144.0,1773611145,-111.3661,42.5562,10066.02,False,222.11
885b47,TVJ570,Thailand,1773611145.0,1773611145,140.9054,41.4347,9311.64,False,216.45
c04fae,WEN3520,Canada,1773611097.0,1773611106,-114.0137,51.1347,,True,0.45
4d20f3,WZZ6YC,Malta,1773611144.0,1773611144,6.294,43.0492,10972.8,False,206.4
885b44,TVJ830,Thailand,1773611145.0,1773611145,138.4292,33.5708,10668.0,False,274.46
a53d80,DAL82,United States,1773611145.0,1773611145,-77.5751,36.6849,10668.0,False,259.9
3483c1,ECOLT,Spain,1773611012.0,1773611013,-6.0711,36.7223,91.44,False,37.27
4071a9,HM67,United Kingdom,1773611084.0,1773611104,-3.138,51.4683,22.86,False,0.0
a36615,N318RW,United States,1773611144.0,1773611144,-94.9523,30.0647,4145.28,False,149.21
a987bf,FFT2539,United States,1773611134.0,1773611134,-84.4322,33.6387,,True,0.0
a10006,N1636J,United States,1773611144.0,1773611144,-79.5848,36.9653,1805.94,False,83.97
4cac7f,RYR3012,Ireland,1773611144.0,1773611144,-3.5162,40.454,670.56,False,77.07
4b9e03,TKJ2MU,Turkey,1773611144.0,1773611145,31.9239,40.3565,10020.3,False,232.04
a6b435,ASA9,United States,1773611114.0,1773611114,-77.04,38.8541,,True,0.45
af3bdd,BGST367,United States,1773611145.0,1773611145,-98.3956,26.4646,1882.14,False,112.29
ab129a,AAL2095,United States,1773611144.0,1773611144,-94.5095,30.0866,10363.2,False,207.72
0d0e98,XBVHL,Mexico,1773611145.0,1773611145,-98.5868,28.7986,4030.98,False,175.59
a449a3,UAL2120,United States,1773611144.0,1773611144,-100.7257,44.5965,10363.2,False,249.33
a449a2,UAL2612,United States,1773611144.0,1773611144,-74.1775,40.6998,,True,7.72
a2d18a,OXF6250,United States,1773611145.0,1773611145,-111.6566,33.6581,1181.1,False,52.02
a3ea68,VJA351,United States,1773611145.0,1773611145,-79.1794,36.8347,13106.4,False,198.07
400a0e,SHT2L,United Kingdom,1773611144.0,1773611144,-1.8642,53.2015,2133.6,False,116.05
a591d5,SWA1264,United States,1773611145.0,1773611145,-73.8348,40.8289,198.12,False,72.09
a77111,JIA5624,United States,1773611145.0,1773611145,-91.1002,41.0269,5532.12,False,171.34
a72dcb,GJE121,United States,1773611145.0,1773611145,-114.2376,35.7959,4831.08,False,151.01
ad5269,ASA658,United States,1773611144.0,1773611144,-116.1366,36.3995,6263.64,False,215.75
4d20bd,WMT2905,Malta,1773611145.0,1773611145,6.7716,48.3531,11285.22,False,241.89
4d20be,WMT133,Malta,1773611145.0,1773611145,22.9262,47.6345,10675.62,False,227.01
a6ad2c,N5293P,United States,1773611145.0,1773611145,-121.5974,41.0936,2788.92,False,79.73
a64a51,N504RP,United States,1773611144.0,1773611144,-79.0022,38.8651,9448.8,False,272.88
acdbef,AAL1959,United States,1773611145.0,1773611145,-95.4983,30.6577,9822.18,False,267.31
e49a48,,Brazil,1773611075.0,1773611134,-46.163,-11.6214,11582.4,False,229.56
4d20d1,VJT401,Malta,1773611144.0,1773611144,-4.9893,46.0924,13098.78,False,239.36
a867d1,N64012,United States,1773611144.0,1773611145,-149.933,61.4511,2438.4,False,41.31
c04fdd,ACA308,Canada,1773611144.0,1773611144,-108.4015,49.5252,11277.6,False,260.33
a89d22,RPA4502,United States,1773611144.0,1773611144,-74.0181,40.7514,1097.28,False,154.39
aaf29f,VXP416,United States,1773611145.0,1773611145,-75.2104,40.2501,11582.4,False,198.0
a11316,N16894,United States,1773611144.0,1773611144,-122.1108,37.4556,,True,2.31
e49a2e,AD4013,Brazil,1773611140.0,1773611144,-55.0372,-12.4106,11277.6,False,230.62
4d20bc,WMT2PA,Malta,1773611144.0,1773611144,15.5373,40.8913,7383.78,False,217.95
4632b1,ABF8,Finland,1773611139.0,1773611145,24.8132,59.4168,,True,0.06
e4a269,PPNRS,Brazil,1773611144.0,1773611144,-40.6205,-20.7482,6865.62,False,197.15
ac8a7b,EJM907,United States,1773610977.0,1773610977,-80.2254,27.1792,,True,7.72
800d13,SEJ554,India,1773611144.0,1773611144,72.8761,18.8331,3025.14,False,143.81
aced8f,SKW5136,United States,1773611145.0,1773611145,-106.9718,38.8513,8831.58,False,208.48
a075df,RPA4618,United States,1773611134.0,1773611134,-95.3053,29.9934,228.6,False,69.46
a43ea2,UAL2378,United States,1773611144.0,1773611144,-81.694,36.6504,10668.0,False,245.03
ac8a83,N907PS,United States,1773611004.0,1773611045,-72.5945,40.8731,60.96,False,50.43
a6c393,LXJ535,United States,1773611144.0,1773611145,-76.3629,38.3447,7924.8,False,196.83
71c596,EOK316,Republic of Korea,1773611132.0,1773611133,128.5891,36.9841,10027.92,False,290.72
abba6c,FDX948,United States,1773611145.0,1773611145,-92.4599,35.3492,10980.42,False,210.5
a1debd,N22AW,United States,1773611144.0,1773611144,-118.6745,34.2975,3162.3,False,90.7
a01567,AAL3046,United States,1773611145.0,1773611145,-75.5496,39.5114,1981.2,False,160.59
a12e57,VTE3390,United States,1773611145.0,1773611145,-111.4097,35.1885,10668.0,False,183.21
801404,IGO6409,India,1773611145.0,1773611145,73.7652,18.6423,2308.86,False,150.97
86e86e,JAL33,Japan,1773611145.0,1773611145,100.7883,13.8752,929.64,False,98.69
a338ca,N3066D,United States,1773611144.0,1773611144,-81.5916,29.7504,2148.84,False,59.16
a8fc73,UAL465,United States,1773611145.0,1773611145,-113.6286,32.8799,10058.4,False,237.31
0c20a8,CMP891,Panama,1773611145.0,1773611145,-84.2795,33.7075,1524.0,False,145.52
a9d3bf,WWI73,United States,1773611144.0,1773611144,-92.0253,35.3632,11285.22,False,259.6
aced7a,DAL3122,United States,1773611144.0,1773611144,-82.4509,38.2213,9906.0,False,266.49
a12226,N172RV,United States,1773611145.0,1773611145,-112.482,40.714,3390.9,False,75.41
a9369b,N693HS,United States,1773611144.0,1773611144,-70.6078,41.3939,-15.24,False,47.65
a78c8f,DAL499,United States,1773610972.0,1773610984,-71.0237,42.3607,,True,2.57
801406,AIC2030,India,1773611145.0,1773611145,10.0828,49.067,7848.6,False,244.1
407022,EFW65WL,United Kingdom,1773611144.0,1773611145,-8.6133,41.8664,5623.56,False,188.29
a8a0d9,RPA4498,United States,1773611144.0,1773611144,-74.4681,40.2247,2926.08,False,201.19
789203,CPA632,China,1773611144.0,1773611145,84.9156,18.8391,12496.8,False,281.56
a0d8ec,N1539E,United States,1773611144.0,1773611145,-117.3895,33.7821,1950.72,False,49.87
a2551d,UAL58,United States,1773611144.0,1773611144,-122.3785,37.6183,,True,4.89
71c580,TWB158,Republic of Korea,1773611117.0,1773611117,122.4322,25.602,9448.8,False,256.96
a3be1b,VJA340,United States,1773611144.0,1773611144,-74.2818,40.7371,495.3,False,81.29
ad8901,SKW5131,United States,1773611145.0,1773611145,-104.6882,39.784,2065.02,False,77.17
a3c514,DAL796,United States,1773611145.0,1773611145,-98.5222,32.3972,10668.0,False,271.13
ab3601,EJA821,United States,1773611145.0,1773611145,-78.6887,37.7932,6705.6,False,202.16
a2e098,ASA422,United States,1773611144.0,1773611144,-116.6306,31.5633,10363.2,False,216.63
a9e6cb,N737TX,United States,1773611145.0,1773611145,-121.3292,36.8866,1630.68,False,42.9
78086c,CCA988,China,1773611144.0,1773611144,-118.65,34.1699,3238.5,False,156.78
a338ac,JBU2825,United States,1773611145.0,1773611145,-84.3322,30.8951,9448.8,False,249.44
aaa19e,RPA3439,United States,1773611145.0,1773611145,-80.4902,41.8885,10454.64,False,239.04
789213,CPA844,China,1773611145.0,1773611145,137.1261,35.2359,10668.0,False,273.61
a6380b,N50ER,United States,1773611145.0,1773611145,-120.7539,39.252,3337.56,False,61.22
48c12b,RYR6944,Poland,1773611144.0,1773611144,14.7316,48.5434,11582.4,False,227.41
48c12c,RYR53WJ,Poland,1773611085.0,1773611101,11.2572,44.5468,137.16,False,78.0
a062a4,AER145,United States,1773611144.0,1773611144,-150.9489,59.8551,6126.48,False,142.35
c00700,ACA1058,Canada,1773611136.0,1773611139,-118.6753,39.1605,10668.0,False,262.6
a338a6,VWA108,United States,1773611145.0,1773611145,-111.8248,33.533,1066.8,False,53.7
acf492,AAL885,United States,1773611145.0,1773611145,-122.1944,47.343,1905.0,False,148.76
48c138,RYR37QX,Poland,1773611145.0,1773611145,2.0234,44.351,10668.0,False,235.54
789217,CPA119,China,1773611144.0,1773611145,152.0439,-34.3823,12192.0,False,251.31
48c135,RYR316X,Poland,1773611145.0,1773611145,7.5229,43.7976,10972.8,False,208.89
48c133,RYR6SU,Poland,1773611110.0,1773611125,19.7697,50.0756,220.98,False,73.15
a7f69c,N612EM,United States,1773611145.0,1773611145,-118.5674,34.9374,12192.0,False,238.99
48c134,RYR671D,Poland,1773611144.0,1773611144,9.5626,50.7878,11277.6,False,237.05
a578d3,N45143,United States,1773611145.0,1773611145,-117.1904,32.7827,457.2,False,24.95
a18ecc,N2RD,United States,1773611145.0,1773611145,-102.0402,39.4522,12496.8,False,271.15
48c132,RYR74HC,Poland,1773611131.0,1773611133,19.2585,47.4336,,True,0.06
aa4a81,N762RV,United States,1773611107.0,1773611108,-148.9459,65.5595,2522.22,False,82.25
48c130,RYR2KE,Poland,1773611144.0,1773611144,12.7381,40.2254,10972.8,False,241.51
a9e6df,AAL2311,United States,1773611143.0,1773611143,-77.0429,38.8547,,True,1.03
ab1c04,AAL1296,United States,1773611143.0,1773611143,-97.6726,30.2023,,True,0.0
86ce6c,AJX4,Japan,1773610877.0,1773610883,129.5163,27.5396,12489.18,False,298.68
0c20dd,CMP749,Panama,1773611145.0,1773611145,-70.5764,17.2177,10934.7,False,201.24
0c20dc,CMP476,Panama,1773611144.0,1773611145,-93.8593,29.4778,10363.2,False,217.2
3f4ba9,GAF114,Germany,1773611145.0,1773611145,11.1208,50.448,3794.76,False,155.03
c04e7b,CAV128,Canada,1773611145.0,1773611145,-97.595,50.3301,3992.88,False,92.59
86e844,ANA126,Japan,1773611145.0,1773611145,-118.8107,34.1659,3710.94,False,169.94
ab3623,N821SA,United States,1773610883.0,1773610883,-73.8816,40.7765,,True,3.34
780890,CES714,China,1773611145.0,1773611145,87.1962,20.8281,11277.6,False,259.75
ac692a,SWA1209,United States,1773611013.0,1773611013,-118.0194,42.2395,11330.94,False,234.63
48c129,RYR1897,Poland,1773611143.0,1773611145,15.7748,42.9391,10972.8,False,225.46
48c126,RYR7FN,Poland,1773611144.0,1773611144,10.7365,44.7556,11582.4,False,222.99
ac4f29,SWA1792,United States,1773611144.0,1773611144,-122.003,38.658,9936.48,False,218.64
48c124,RYR14QN,Poland,1773611145.0,1773611145,17.105,45.5945,10972.8,False,220.92
a35b39,AAL2608,United States,1773611145.0,1773611145,-116.7404,33.6366,8862.06,False,241.82
a5669f,SWA908,United States,1773611144.0,1773611145,-114.8952,33.7208,7551.42,False,229.35
a1e5f1,ENY3616,United States,1773611144.0,1773611144,-97.0245,34.1153,7315.2,False,210.54
a3b0f3,ENY3489,United States,1773611137.0,1773611139,-87.9317,41.9747,,True,0.0
48c121,RYR1VN,Poland,1773611145.0,1773611145,14.8183,38.6751,9662.16,False,249.18
a4e3ee,N414KS,United States,1773611145.0,1773611145,-82.2268,27.391,2865.12,False,92.16
7c7c77,VOZ1293,Australia,1773611145.0,1773611145,144.8455,-37.6721,,True,1.8
a8bfeb,FFT4495,United States,1773611144.0,1773611145,-112.4033,35.5234,9144.0,False,184.65
a2fee9,SWA2054,United States,1773611145.0,1773611145,-98.4125,30.3079,10972.8,False,191.44
71c552,JJA2624,Republic of Korea,1773611144.0,1773611145,121.2407,22.7261,11277.6,False,267.16
a35b42,AAL2181,United States,1773611145.0,1773611145,-85.5195,33.6272,9753.6,False,205.29
a325f0,N3014C,United States,1773611143.0,1773611143,-110.7257,27.9879,6400.8,False,130.13
a48e3a,DAL1148,United States,1773611144.0,1773611144,-84.3202,33.733,3459.48,False,117.74
ac06a1,EJA874,United States,1773611145.0,1773611145,-86.8736,40.6215,12176.76,False,251.02
86e82a,JAL1,Japan,1773611043.0,1773611043,-125.263,37.944,10927.08,False,241.25
abf9b1,SWA2436,United States,1773611144.0,1773611144,-80.1231,37.7415,10805.16,False,217.75
a1e5eb,N221NG,United States,1773611125.0,1773611125,-114.4951,33.7642,6705.6,False,128.85
a0c5ef,UPS5274,United States,1773611143.0,1773611144,-81.7325,37.303,8229.6,False,246.81
a9cca5,SKW4958,United States,1773611145.0,1773611145,-86.5856,35.9998,6469.38,False,203.89
7c7c74,VOZ509,Australia,1773611145.0,1773611145,151.3678,-33.8033,2103.12,False,167.93
789230,CPA812,China,1773611013.0,1773611027,-138.331,57.9697,11277.6,False,289.45
7c33f5,KJR,Australia,1773611144.0,1773611144,152.9859,-27.5704,129.54,False,36.53
a48e46,DAL843,United States,1773611143.0,1773611143,-106.2752,35.0791,10980.42,False,206.39
7c7c76,VOZ920,Australia,1773611144.0,1773611145,152.8589,-28.2378,7124.7,False,207.4
a24e94,N248JW,United States,1773611145.0,1773611145,-121.8579,47.2976,1607.82,False,63.57
78922f,CPA826,China,1773611144.0,1773611144,-153.3043,58.3505,10157.46,False,266.79
a325d7,N3013N,United States,1773611145.0,1773611145,-121.2144,37.2575,1935.48,False,68.98
ab8fcb,AAL79,United States,1773611144.0,1773611144,-95.2796,34.4315,12184.38,False,211.11
a0b2db,N144PK00,United States,1773611145.0,1773611145,-115.5663,34.681,9044.94,False,218.29
a80329,SKW6093,United States,1773611145.0,1773611145,-111.0209,40.8005,11277.6,False,234.21
a7e318,SKW5526,United States,1773611144.0,1773611144,-111.9453,40.6214,2065.02,False,87.33
789245,CPA238,China,1773611144.0,1773611144,47.2362,40.9759,11277.6,False,274.63
a9e6be,N737TJ,United States,1773611145.0,1773611145,-121.122,37.7193,1257.3,False,66.97
789246,CPA829,China,1773608103.0,1773611070,113.9352,22.312,,True,0.0
a7ef4b,FFT4725,United States,1773611130.0,1773611145,-78.6404,26.6814,7231.38,False,227.42
a6d65e,N54JC,United States,1773611145.0,1773611145,-111.9069,32.8736,6606.54,False,211.24
861bb0,JAL752,Japan,1773611145.0,1773611145,140.3883,35.7867,,True,7.72
789241,CPA134,China,1773611141.0,1773611144,144.8444,-37.6703,,True,2.57
0d0648,SLI1417,Mexico,1773611112.0,1773611112,-99.2905,19.6888,4556.76,False,139.93
a36200,DAL2551,United States,1773611144.0,1773611144,-119.2052,35.4071,9616.44,False,215.14
a98fcc,JTZ715,United States,1773611144.0,1773611144,-90.8779,34.8076,6240.78,False,181.19
0c20ba,,Panama,1773611141.0,1773611141,-99.0876,19.4306,,True,7.2
ac694f,SWA2483,United States,1773611145.0,1773611145,-91.839,36.3201,10965.18,False,192.24
a78c89,N586DM,United States,1773611144.0,1773611144,-112.0386,33.7639,1836.42,False,134.83
a12e80,UAL2086,United States,1773611144.0,1773611144,-95.3885,30.0925,2461.26,False,167.2
a43ec3,UAL766,United States,1773611145.0,1773611145,-93.595,37.2134,10668.0,False,241.28
7c7c59,YUJ,Australia,1773611144.0,1773611145,152.9063,-26.9894,1219.2,False,53.8
a78c95,N586DZ,United States,1773611145.0,1773611145,-95.9569,33.2907,13716.0,False,227.42
a9dfb6,PJC35,United States,1773611144.0,1773611144,-74.039,40.9145,480.06,False,132.04
0d0652,XAAVA,Mexico,1773611143.0,1773611143,-99.2744,19.3458,2682.24,False,68.07
71c571,KAL914,Republic of Korea,1773611144.0,1773611144,2.2087,41.2906,10370.82,False,253.5
a445a2,N3744Y,United States,1773611145.0,1773611145,-122.5973,38.2552,1630.68,False,61.14
75808c,,Philippines,1773611085.0,1773611085,120.9999,14.4993,,True,2.83
abf9d5,SWA4352,United States,1773611144.0,1773611145,-104.6891,39.705,2545.08,False,91.08
a6c358,DAL867,United States,1773611145.0,1773611145,-85.9698,30.1898,10066.02,False,242.13
ad1fbe,FWK945,United States,1773611144.0,1773611144,-94.1622,36.7892,12496.8,False,260.03
80141e,AIC2812,India,1773611144.0,1773611145,73.4246,18.1018,9044.94,False,240.06
ad8935,AAL1177,United States,1773611044.0,1773611044,-97.0352,32.8942,,True,5.14
ad39e3,N951RP,United States,1773611145.0,1773611145,-117.422,33.9381,739.14,False,38.75
a67399,SCX3038,United States,1773611145.0,1773611145,-80.6443,40.2034,10058.4,False,252.45
aa5130,ENY3695,United States,1773611145.0,1773611145,-90.4022,40.76,9448.8,False,138.57
a49502,N3947R,United States,1773611145.0,1773611145,-83.3708,33.8602,1836.42,False,44.56
801433,VTJOE,India,1773611143.0,1773611144,17.9063,41.125,12496.8,False,254.14
ad1fc8,AAL1218,United States,1773611145.0,1773611145,-85.3219,39.9845,8534.4,False,190.61
71c562,EOK532,Republic of Korea,1773611145.0,1773611145,120.8254,24.6063,10668.0,False,266.98
801434,IGO699,India,1773611062.0,1773611062,73.9616,18.8747,2667.0,False,130.17
801435,AXB164,India,1773611145.0,1773611145,75.6181,27.8732,6454.14,False,169.05
aaacc3,RPA3656,United States,1773611144.0,1773611144,-76.7842,39.0673,2918.46,False,101.57
aa777e,SWA1885,United States,1773611137.0,1773611137,-112.0013,33.4321,,True,0.0
a062f5,N124EC,United States,1773611144.0,1773611144,-86.8313,30.3652,1844.04,False,77.21
a12241,N172SX,United States,1773611145.0,1773611145,-117.8241,34.0874,678.18,False,41.37
ac54b1,FDX6018,United States,1773611144.0,1773611145,-95.3084,39.2243,10972.8,False,254.26
a85e2b,UAL1373,United States,1773610946.0,1773610946,-95.3087,30.0071,236.22,False,84.89
4691c3,AEE6003,Greece,1773610947.0,1773610947,28.091,36.4034,,True,0.0
a5a2a2,OPT462,United States,1773611144.0,1773611144,-97.5238,30.1372,12527.28,False,174.22
ad2733,ASA441,United States,1773611145.0,1773611145,-83.9649,32.3994,10668.0,False,258.99
a48e7b,FFT2852,United States,1773611143.0,1773611144,-112.4409,35.6133,8839.2,False,271.27
a4d227,N41DW,United States,1773611144.0,1773611144,-73.9698,41.3944,1584.96,False,99.93
3c4dd2,DLH6PF,Germany,1773611144.0,1773611144,17.9802,49.8754,8488.68,False,221.34
7c81de,RXA6824,Australia,1773611144.0,1773611144,149.9082,-33.166,3657.6,False,126.47
3444da,VLG1335,Spain,1773611144.0,1773611144,-0.3239,38.8505,5356.86,False,172.42
a63893,N50LB,United States,1773611144.0,1773611145,-113.4108,36.0801,12192.0,False,226.81
c005b9,CFCEI,Canada,1773611140.0,1773611140,-71.4194,46.7733,99.06,False,32.38
a2f2d8,OXF4756,United States,1773611144.0,1773611144,-111.9357,32.8369,2278.38,False,48.94
a48e81,LXJ393,United States,1773611009.0,1773611090,-81.1243,32.487,937.26,False,94.56
aa298c,N754GS,United States,1773611144.0,1773611144,-80.6912,33.4243,10965.18,False,226.62
a5f208,SWA8825,United States,1773611144.0,1773611145,-104.0071,39.6751,6286.5,False,215.01
a73e48,N566MA,United States,1773611145.0,1773611145,-119.485,36.399,6789.42,False,134.82
c005b3,CNK5,Canada,1773611144.0,1773611144,-116.081,50.402,10111.74,False,263.73
0c218c,CMP467,Panama,1773611145.0,1773611145,-78.3645,27.358,10972.8,False,210.32
a75864,N5721T,United States,1773611145.0,1773611145,-122.3015,47.6472,152.4,False,49.56
3c4dcc,DLH6TJ,Germany,1773611145.0,1773611145,14.7986,50.6763,10058.4,False,229.2
a54beb,PJC40,United States,1773611145.0,1773611145,-74.0728,40.9825,4450.08,False,167.48
4d210c,VJT602,Malta,1773611144.0,1773611144,-1.3367,38.9798,11277.6,False,225.24
3444cf,VLG2474,Spain,1773611145.0,1773611145,-3.7128,37.1384,10988.04,False,226.41
a74535,LXJ568,United States,1773611145.0,1773611145,-79.4557,27.727,8595.36,False,216.23
3444cc,VLG38FW,Spain,1773611145.0,1773611145,2.9672,41.9052,6408.42,False,218.87
4cc4bd,ABD2615,Iceland,1773611144.0,1773611144,6.6797,48.0396,9448.8,False,260.91
a59b5e,,United States,,1773611144,,,,False,213.48
a86545,N640AK,United States,1773611145.0,1773611145,-82.9472,27.0351,12192.0,False,221.19
a445f0,UAL356,United States,1773610899.0,1773611140,-110.5207,35.1167,7620.0,False,234.64
a3b268,UAL1559,United States,1773611144.0,1773611144,-113.6638,36.8591,9448.8,False,217.26
a86540,PDT6120,United States,1773611143.0,1773611143,-81.309,33.9892,769.62,False,93.14
a42bd4,UPS1310,United States,1773611144.0,1773611144,-80.4504,31.25,10980.42,False,252.86
a7eeca,N610AM,United States,1773611145.0,1773611145,-111.7402,33.466,731.52,False,49.84
a66be6,N5125B,United States,1773611143.0,1773611144,-122.4692,47.92,762.0,False,37.31
ab34f3,DAL345,United States,1773611145.0,1773611145,-122.8245,47.3019,4145.28,False,174.49
abc107,SWA2712,United States,1773610979.0,1773610992,-111.4212,37.3138,9753.6,False,233.62
a73e6d,JIA5050,United States,1773611144.0,1773611144,-84.8581,32.0282,10050.78,False,246.42
a432b9,N37PB,United States,1773611145.0,1773611145,-122.1931,47.2981,365.76,False,50.58
a43eec,UAL2422,United States,1773611144.0,1773611144,-84.0875,34.7864,10972.8,False,230.53
aced2b,AVA211,United States,1773611145.0,1773611145,-78.3509,28.0231,10972.8,False,216.43
a92ea0,,United States,1773611141.0,1773611141,-75.4365,40.6534,,True,0.45
aa2989,N754GP,United States,1773611145.0,1773611145,-98.1833,37.2484,13106.4,False,243.83
a99824,TCN717,United States,1773611145.0,1773611145,-88.7859,41.548,13601.7,False,218.12
7c7aed,YKF,Australia,1773611145.0,1773611145,152.9557,-31.4078,1013.46,False,45.06
a12275,N172UZ,United States,1773611144.0,1773611144,-112.0403,41.4018,1577.34,False,50.97
a43eed,UAL497,United States,1773611144.0,1773611145,-95.1476,30.0069,701.04,False,86.45
a325fd,AAL2440,United States,1773611144.0,1773611144,-81.133,41.0637,9151.62,False,215.75
a73e63,AJT5790,United States,1773611145.0,1773611145,-93.1981,33.6114,9745.98,False,193.49
a85201,N635TJ,United States,1773611145.0,1773611145,-75.1562,39.7566,381.0,False,67.92
a72b34,LXJ561,United States,1773611144.0,1773611144,-90.7822,30.4577,9646.92,False,204.5
aced21,ASA23,United States,1773610949.0,1773610949,-122.3063,47.4467,,True,8.23
aa76cb,SWA1036,United States,1773611144.0,1773611144,-118.4595,33.7442,7825.74,False,208.36
3444c8,VOE82DB,Spain,1773611073.0,1773611077,-0.7169,44.8277,,True,22.64
aced23,AAL1364,United States,1773611144.0,1773611144,-91.0599,31.1029,10363.2,False,199.81
a948c4,DAL1742,United States,1773611145.0,1773611145,-83.2267,30.2736,6096.0,False,202.99
a3621e,AAL2883,United States,1773611144.0,1773611144,-81.8124,35.7694,8328.66,False,207.09
a445cd,UAL714,United States,1773611145.0,1773611145,-84.5994,39.4319,9319.26,False,177.42
3444c4,IBE0364,Spain,1773611144.0,1773611144,-85.1836,37.4516,10668.0,False,276.48
a24267,N24483,United States,1773611111.0,1773611116,-112.367,33.4321,320.04,False,28.2
ac67fc,AAL2758,United States,1773611144.0,1773611144,-103.2275,36.7051,8534.4,False,203.85
a445d9,DAL2272,United States,1773611144.0,1773611145,-119.1098,34.4995,5753.1,False,206.82
71010f,SVA020,Saudi Arabia,1773611145.0,1773611145,-9.219,41.3841,10363.2,False,277.38
ac3ac9,SWA947,United States,1773611144.0,1773611144,-110.3734,34.8657,10058.4,False,255.29
4d2100,WMT7050,Malta,1773611145.0,1773611145,9.2272,44.4002,10363.2,False,219.12
a3d867,N347ME,United States,1773610993.0,1773610993,-112.3704,33.4284,,True,7.72
abe77a,SWA8851,United States,1773611145.0,1773611145,-114.7944,36.019,3611.88,False,180.25
abba43,DAL1803,United States,1773611145.0,1773611145,-83.9435,33.2836,4160.52,False,189.33
aa0300,SKW4885,United States,1773611144.0,1773611144,-102.1643,30.7424,10058.4,False,264.53
a027ca,SKW5833,United States,1773611143.0,1773611143,-104.001,33.6773,9144.0,False,205.43
a79ea8,DAL9979,United States,1773611145.0,1773611145,-82.6011,27.1971,5753.1,False,202.06
aa1635,RPA3520,United States,1773611145.0,1773611145,-77.0495,37.413,6705.6,False,195.89
4d213e,WMT8521,Malta,1773611145.0,1773611145,18.0533,44.7542,10668.0,False,227.98
4c0179,ASL75H,Serbia,1773611144.0,1773611144,20.005,45.1074,1950.72,False,126.79
a79ea0,JIA5343,United States,1773611145.0,1773611145,-81.1391,33.0332,4442.46,False,173.48
ac4dfb,AAL2866,United States,1773611144.0,1773611144,-81.7339,30.3612,1531.62,False,96.63
ac078b,SWA1506,United States,1773611144.0,1773611144,-79.4788,27.9321,8313.42,False,181.74
a75834,N5720E,United States,1773611133.0,1773611133,-115.2465,35.7619,1386.84,False,53.98
a55ed5,SKW6094,United States,1773611145.0,1773611145,-86.37,41.3207,9753.6,False,188.11
408314,TOM76T,United Kingdom,1773611144.0,1773611144,-10.6313,42.6717,11277.6,False,216.08
4d2168,WMT20YS,Malta,1773611145.0,1773611145,-2.8635,36.2185,10363.2,False,214.68
abc12a,SWA820,United States,1773611144.0,1773611144,-72.6643,42.1634,9997.44,False,207.53
a8c802,NKS1162,United States,1773611144.0,1773611144,-87.6944,30.9996,10668.0,False,255.24
a3c549,FFT3916,United States,1773611145.0,1773611145,-84.2601,32.3784,10066.02,False,206.52
adbdc9,DAL637,United States,1773611144.0,1773611144,-84.8286,33.8928,2545.08,False,112.36
4d215a,VCJ7L,Malta,1773611144.0,1773611144,16.5802,47.8259,12489.18,False,234.44
a708b0,AAL2193,United States,1773611113.0,1773611113,-97.0376,32.9074,,True,0.0
ace108,EJA929,United States,1773611143.0,1773611144,-121.4822,36.6225,4503.42,False,179.46
c06817,CGNKW,Canada,1773611145.0,1773611145,-76.3362,44.4624,7315.2,False,129.18
ad0122,RGY937,United States,1773611144.0,1773611145,-111.7696,32.7298,5440.68,False,212.51
a50549,RPA4401,United States,1773611144.0,1773611144,-74.3485,40.2643,4678.68,False,151.5
aaad8f,SWA1563,United States,1773611145.0,1773611145,-83.6118,33.0227,6141.72,False,168.86
a18403,AAL976,United States,1773610869.0,1773610885,-71.1766,20.3633,9753.6,False,225.76
407c0b,TOM3EV,United Kingdom,1773611144.0,1773611144,-8.4669,43.8177,10972.8,False,211.85
01010a,MSR120,Egypt,1773611124.0,1773611124,31.6656,30.0117,2979.42,False,171.07
c05512,JZA089,Canada,1773611144.0,1773611144,-126.5507,51.4269,6096.0,False,153.7
abe79d,SWA2266,United States,1773611144.0,1773611144,-111.9756,40.775,,True,0.0
ad278c,DAL1346,United States,1773611144.0,1773611144,-84.3353,33.6343,998.22,False,120.9
a3c54f,LXJ342,United States,1773611135.0,1773611139,-115.1385,35.9768,,True,0.0
a3627d,ENY4155,United States,1773611144.0,1773611144,-105.7064,37.6892,9753.6,False,201.35
a4e538,RPA4407,United States,1773611007.0,1773611011,-75.3072,39.8545,83.82,False,63.63
a3d890,DAL950,United States,1773611145.0,1773611145,-79.9893,35.8193,10668.0,False,254.77
3c4dc9,DLH1XL,Germany,1773611144.0,1773611144,13.3617,50.8071,2095.5,False,144.41
3c4dc7,DLH8JR,Germany,1773611145.0,1773611145,15.4527,45.8834,3238.5,False,145.87
aa0f28,N74719,United States,1773611136.0,1773611136,-120.6247,37.8615,1554.48,False,64.42
469dc1,SEH841,Greece,1773611144.0,1773611144,23.5938,37.9407,2339.34,False,168.25
a06405,CTF124,United States,1773611144.0,1773611144,-111.8539,33.1967,4213.86,False,98.76
acda41,EDV5507,United States,1773611145.0,1773611145,-84.4175,39.5167,4541.52,False,212.31
4d2141,WMT857M,Malta,1773611144.0,1773611144,19.323,43.217,11285.22,False,234.17
aaa178,TCN784,United States,1773611145.0,1773611145,-90.3816,37.4052,13716.0,False,288.41
4d2143,WMT5ZL,Malta,1773611144.0,1773611144,20.3405,44.6582,11277.6,False,231.61
3c4dc2,DLH9KK,Germany,1773611144.0,1773611145,16.8068,51.1268,365.76,False,72.7
4caad8,EAI09U,Ireland,1773611144.0,1773611144,-6.0142,53.407,960.12,False,74.38
a9857d,N712WP,United States,1773611144.0,1773611144,-118.5995,34.1776,1661.16,False,79.42
adbe91,JBU290,United States,1773611144.0,1773611144,-81.4599,34.5981,10668.0,False,250.3
e4a0d5,,Brazil,1773611087.0,1773611087,-48.7129,-19.8127,7711.44,False,250.02
4081bd,BAW491U,United Kingdom,1773611144.0,1773611145,-0.8999,46.4384,11574.78,False,214.48
39d2ab,AFR375P,France,1773611145.0,1773611145,-122.8187,49.3941,3733.8,False,157.61
e4a0d7,PSLSP,Brazil,1773611145.0,1773611145,-40.6327,-19.1724,11590.02,False,226.39
0c210c,CMP725,Panama,1773611145.0,1773611145,-74.5694,3.2947,10058.4,False,238.32
adab59,N980CC,United States,1773611145.0,1773611145,-74.8406,41.388,4747.26,False,182.0
ac559f,EJA894,United States,1773611145.0,1773611145,-73.0474,42.204,6286.5,False,224.82
a05d79,N1220A,United States,1773611145.0,1773611145,-117.6988,36.0878,7620.0,False,150.25
4d207f,VJT295,Malta,1773611143.0,1773611145,20.3605,42.0712,13106.4,False,249.6
a54d03,OXF1098,United States,1773611144.0,1773611144,-111.8034,32.5358,1973.58,False,54.99
a20761,N23NP,United States,1773611138.0,1773611144,-115.2036,36.2126,,True,0.0
4d207d,RYR17SZ,Malta,1773611144.0,1773611144,11.6065,51.5469,10972.8,False,222.77
3875ff,LA1,France,1773611144.0,1773611144,5.0922,45.7315,,True,21.61
4d2087,EWG17G,Malta,1773611145.0,1773611145,6.5361,50.7312,3162.3,False,156.39
4d2088,EWG3KY,Malta,1773611144.0,1773611144,18.4011,59.6292,1600.2,False,122.93
a30d04,AAY3019,United States,1773611144.0,1773611144,-81.9811,33.7905,10363.2,False,236.02
adb266,N98182,United States,1773611144.0,1773611144,-149.9845,61.6648,1097.28,False,53.19
a267c9,EJA254,United States,1773611145.0,1773611145,-80.9937,35.2299,7315.2,False,232.94
4d204b,WMT554,Malta,1773611145.0,1773611145,-0.9027,42.3775,10347.96,False,206.36
a014c9,AAL15,United States,1773611145.0,1773611145,-73.7983,40.64,,True,3.6
06a1d2,QQE507,Qatar,1773611144.0,1773611144,-162.2998,61.3059,13106.4,False,250.57
4d204d,UVL715F,Malta,1773611143.0,1773611143,14.2835,38.8705,7620.0,False,152.42
a17d1c,N1950F,United States,1773611136.0,1773611136,-115.1987,36.208,,True,4.63
39e5c4,CRL958,France,1773611144.0,1773611145,12.1929,42.5745,10668.0,False,227.01
a54d0a,OXF1296,United States,1773611145.0,1773611145,-111.609,33.3128,929.64,False,51.57
4081a1,BAW330U,United Kingdom,1773611145.0,1773611145,-0.5196,51.4771,746.76,False,85.58
a96b65,FFT4702,United States,1773611140.0,1773611140,-97.6715,30.194,,True,0.0
a267b3,N254PV,United States,1773611144.0,1773611144,-148.3687,64.6734,5417.82,False,157.07
71018a,SVA320,Saudi Arabia,1773610900.0,1773610900,31.6252,29.974,2598.42,False,147.55
4b18ba,EDW45L,Switzerland,1773611145.0,1773611145,9.1257,47.5222,2926.08,False,128.64
4b18bb,EDW419,Switzerland,1773611145.0,1773611145,8.5477,47.4592,,True,7.72
a8fbe8,N67807,United States,1773611144.0,1773611144,-121.8112,38.5317,259.08,False,53.87
e4a0a0,PSDMP,Brazil,1773611027.0,1773611054,-46.7768,-23.5087,967.74,False,46.3
a3d7e4,EJM347,United States,1773611145.0,1773611145,-75.0952,39.3129,11971.02,False,201.89
4d2067,WZZ1FT,Malta,1773610861.0,1773610861,20.9666,52.1712,,True,4.89
a0ad1b,UAL2671,United States,1773611144.0,1773611144,-106.7761,37.1406,8237.22,False,190.62
a54d1d,OXF2880,United States,1773611145.0,1773611145,-111.6733,33.492,716.28,False,41.34
a0ad1d,,United States,1773611080.0,1773611083,-115.6923,30.3737,10363.2,False,217.82
39d2a3,AFR178,France,1773611144.0,1773611144,-99.5174,29.7398,12199.62,False,246.61
a4d25e,N41GA,United States,1773611144.0,1773611145,-111.8786,33.6503,678.18,False,54.57
a7456d,N568JC,United States,1773611145.0,1773611145,-119.2879,46.202,2286.0,False,117.57
a7456c,JBU1086,United States,1773611145.0,1773611145,-78.662,42.8634,1584.96,False,167.76
a87898,JBU2317,United States,1773611145.0,1773611145,-104.4435,39.0857,10355.58,False,188.96
c066fb,ACA619,Canada,1773611134.0,1773611135,-64.8441,44.6318,7124.7,False,169.41
4bb848,PGT910Y,Turkey,1773611133.0,1773611134,40.1232,40.017,11277.6,False,230.0
c82a0f,LFT04,New Zealand,1773611144.0,1773611144,175.0832,-41.2387,2110.74,False,124.5
4bb844,PGT704,Turkey,1773611145.0,1773611145,38.3917,41.1413,10668.0,False,237.37
a35aae,AAL2792,United States,1773611144.0,1773611144,-78.1718,38.459,10965.18,False,202.28
4bb842,PGT94RQ,Turkey,1773611144.0,1773611144,43.254,41.4215,10668.0,False,247.57
7c7ad5,YJR,Australia,1773611145.0,1773611145,138.4879,-34.9601,441.96,False,66.93
4bb850,PGT1867,Turkey,1773611145.0,1773611145,29.5363,37.4746,10668.0,False,241.7
7c7acf,YJL,Australia,1773611145.0,1773611145,145.0087,-37.7991,1455.42,False,54.41
a254da,UAL839,United States,1773610932.0,1773610932,151.1673,-33.9418,,True,0.64
4b18f1,EDW25H,Switzerland,1773611145.0,1773611145,8.9255,47.3369,2301.24,False,125.65
adab8a,N980EB,United States,1773611144.0,1773611144,-75.7148,40.0734,1066.8,False,74.09
a30121,FDX303,United States,1773611144.0,1773611144,-90.1114,34.3324,6126.48,False,211.68
a28a53,MXY641,United States,1773611145.0,1773611145,-80.331,27.6634,807.72,False,114.11
aa158a,SRY1601,United States,,1773611130,,,,False,0.0
4b18f3,EDW28K,Switzerland,1773611144.0,1773611144,8.7411,47.6451,3131.82,False,151.22
4b18f5,EDW399L,Switzerland,1773611145.0,1773611145,8.8836,47.4334,1836.42,False,86.27
06a1eb,QTR8825,Qatar,1773611144.0,1773611144,-2.3342,40.4665,4465.32,False,187.73
0c2160,CMP701,Panama,1773611144.0,1773611145,-56.9908,-13.7447,10668.0,False,230.78
a9ce51,N73063,United States,1773610985.0,1773610985,-123.2876,44.5231,114.3,False,43.65
a2b7f5,UAL1648,United States,1773611131.0,1773611131,-70.3702,17.868,10363.2,False,225.99
a2ed46,SCA88,United States,1773611131.0,1773611131,-111.9022,33.6301,472.44,False,30.19
a1cd4e,ENY4210,United States,1773611144.0,1773611144,-85.6781,31.474,9753.6,False,221.81
a9854e,AAL1735,United States,1773611143.0,1773611144,-81.9258,37.7617,10980.42,False,219.5
a7dbaa,SKW5607,United States,1773610914.0,1773610914,-112.0074,33.4376,,True,4.12
a28a2c,ASA114,United States,1773611144.0,1773611144,-73.8043,40.6428,,True,5.14
4bb853,PGT1650,Turkey,1773611144.0,1773611144,28.3832,42.3085,11277.6,False,240.95
a11afd,UPS1068,United States,1773611143.0,1773611144,-81.8256,37.8888,10050.78,False,267.54
4bb852,PGT2681,Turkey,1773611145.0,1773611145,29.9663,40.3645,4511.04,False,174.2
a0516a,N12AS,United States,1773611144.0,1773611144,-122.7573,40.3903,2590.8,False,78.87
4bb84f,PGT1576,Turkey,1773610456.0,1773611142,22.7303,51.6398,10660.38,False,230.13
4bb84e,PGT2206,Turkey,1773611106.0,1773611107,27.7559,38.3789,4945.38,False,157.74
4bb84c,PGT1574,Turkey,1773609076.0,1773611144,22.7951,51.9239,10668.0,False,228.61
4bb84a,PGT1521,Turkey,1773611145.0,1773611145,22.0044,48.1192,10972.8,False,227.12
a0fac3,SKW4726,United States,1773611132.0,1773611142,-92.6145,33.3285,9867.9,False,193.83
7c7ab5,VOZ313,Australia,1773611145.0,1773611145,146.1569,-36.2622,10027.92,False,265.77
7c7ab6,VOZ1413,Australia,1773611144.0,1773611144,152.1146,-32.2787,9662.16,False,253.94
c1e9e6,ES245,Canada,1773611143.0,1773611143,-113.9931,51.12,,True,6.94
a96b14,CKS785,United States,1773611145.0,1773611145,-89.1143,44.9555,9464.04,False,228.72
7c7ab8,VOZ208,Australia,1773611144.0,1773611145,143.6856,-36.7022,6918.96,False,206.54
343386,,Spain,1773611023.0,1773611023,-0.165,51.1536,,True,0.0
3480ce,WFL7610,Spain,1773611134.0,1773611144,41.9871,41.3041,10363.2,False,221.93
343385,IBS16ML,Spain,1773611144.0,1773611144,-3.9595,39.83,7269.48,False,238.86
aa023f,JRE744,United States,1773611145.0,1773611145,-81.9465,26.5188,601.98,False,87.03
adb29c,ASA568,United States,1773611145.0,1773611145,-91.351,30.5055,5859.78,False,215.16
a59b9c,SWA1888,United States,1773611145.0,1773611145,-77.4914,37.539,6400.8,False,214.46
c82a2d,GBA624,New Zealand,1773611144.0,1773611144,174.9335,-36.9151,868.68,False,85.25
7c7ab1,VOZ823,Australia,1773611145.0,1773611145,144.7177,-37.4794,3429.0,False,171.83
7c7ab2,VOZ1206,Australia,1773611144.0,1773611144,150.2901,-34.6955,8412.48,False,229.45
4d208e,WMT1UA,Malta,1773611144.0,1773611144,10.4213,43.0447,10370.82,False,242.0
a2b7cd,UAL1918,United States,1773611144.0,1773611145,-96.4223,31.2343,10363.2,False,219.73
4d2092,WMT5EE,Malta,1773611145.0,1773611145,3.9363,41.6219,9395.46,False,211.03
a387f0,JBU1301,United States,1773611144.0,1773611144,-79.1142,37.3604,10972.8,False,204.8
a1cd55,AAY136,United States,1773611144.0,1773611144,-106.5442,35.0591,8846.82,False,236.6
a98539,DAL1669,United States,1773611143.0,1773611143,-110.8673,35.057,11277.6,False,227.67
0d04af,SLI431,Mexico,1773611145.0,1773611145,-81.6925,34.9509,10972.8,False,201.0
4d2095,RYR44UK,Malta,1773604367.0,1773611143,21.5377,55.9403,7673.34,False,226.96
7c7aab,VOZ810,Australia,1773611144.0,1773611145,144.9797,-37.4424,1866.9,False,124.01
a35aa4,,United States,1773611144.0,1773611144,-116.684,36.8775,8892.54,False,246.72
7c7aa3,VOZ256,Australia,1773611145.0,1773611145,147.9147,-36.2264,9144.0,False,167.24
7c7aa6,VOZ485,Australia,1773611144.0,1773611144,151.931,-32.8566,7856.22,False,247.21
a8ae3d,VAR659,United States,1773611142.0,1773611142,-113.3728,33.0645,1699.26,False,59.66
7c7aa7,VOZ600,Australia,1773611144.0,1773611145,153.1263,-27.3489,0.0,False,69.48
a8ae3e,AAL2200,United States,1773611145.0,1773611145,-81.4316,32.7914,10363.2,False,219.93
7c7aa9,VOZ819,Australia,1773611144.0,1773611144,148.9405,-35.0773,11277.6,False,267.58
a72b74,N561JL,United States,1773611140.0,1773611140,-115.1604,36.0994,,True,0.0
aa75ef,,United States,,1773611144,,,,False,217.5
7c7aa0,VOZ1316,Australia,1773610933.0,1773610934,144.8458,-37.6708,,True,0.0
407af4,BAW91C,United Kingdom,1773611145.0,1773611145,-97.163,35.8705,11582.4,False,248.48
7c7aa1,VOZ677,Australia,1773611144.0,1773611144,136.8496,-36.7611,10972.8,False,177.39
010195,LMU735,Egypt,1773611144.0,1773611144,22.3259,50.2885,10980.42,False,226.85
a267ec,N254SB,United States,1773611145.0,1773611145,-78.928,41.7192,9144.0,False,236.81
4081d7,WUK5611,United Kingdom,1773611144.0,1773611145,32.1516,29.1904,10668.0,False,242.52
a6127b,N4900L,United States,1773611145.0,1773611145,-120.5318,35.0633,1592.58,False,42.1
a32753,LXJ302,United States,1773611145.0,1773611145,-88.0936,32.5846,13106.4,False,187.77
a1c101,N212AS,United States,1773611145.0,1773611145,-87.0025,39.7272,2103.12,False,75.47
aa5bcb,CXK423,United States,1773611145.0,1773611145,-116.255,43.5556,1043.94,False,45.12
344696,VLG26Y,Spain,1773611144.0,1773611145,4.5325,50.9877,541.02,False,62.51
aa6efa,RPA3503,United States,1773611144.0,1773611144,-78.5723,40.1684,10363.2,False,207.17
344697,VLG6337,Spain,1773611145.0,1773611145,5.8945,43.4534,11277.6,False,241.49
344698,VLG40MF,Spain,1773611144.0,1773611144,-1.1589,47.9743,11590.02,False,213.16
344699,VLG1TP,Spain,1773611143.0,1773611144,2.1252,41.3131,99.06,False,67.23
800bef,AIC2758,India,1773611143.0,1773611143,77.0908,28.5659,251.46,False,64.39
344692,VLG3DX,Spain,1773611145.0,1773611145,-7.6875,34.1751,11582.4,False,228.46
aa01b3,ENY3812,United States,1773611144.0,1773611144,-85.3385,43.0994,6400.8,False,106.31
a92407,N6885S,United States,1773611018.0,1773611018,-115.1377,35.976,,True,0.19
71bf50,JNA918,Republic of Korea,1773611135.0,1773611140,127.7243,36.9058,5478.78,False,191.01
8515a2,JAL501,Japan,1773611144.0,1773611144,139.792,35.5583,,True,74.59
ab8ee7,N844C,United States,1773611145.0,1773611145,-82.2242,28.5769,5364.48,False,113.33
86e800,ANA208,Japan,1773611142.0,1773611144,134.0524,35.6806,11887.2,False,303.73
aa01b5,N744DD,United States,1773611145.0,1773611145,-84.8812,32.6784,2811.78,False,68.35
4cc52e,ICE623,Iceland,1773611145.0,1773611145,-70.8412,46.132,10363.2,False,211.44
4cc52b,ICE581,Iceland,1773611145.0,1773611145,-22.0478,63.4227,3726.18,False,154.69
4cc52c,ICE325,Iceland,1773611144.0,1773611144,1.0442,62.782,10972.8,False,234.99
acb82c,DAL540,United States,1773611144.0,1773611145,-84.4003,31.915,6591.3,False,204.27
4cc52d,ICE9V,Iceland,1773611144.0,1773611144,-79.8561,48.125,11582.4,False,170.19
ad38bf,DAL361,United States,1773611145.0,1773611145,-113.0993,42.0045,10058.4,False,236.25
a877d3,PDT5816,United States,1773611144.0,1773611144,-79.7632,40.4428,2743.2,False,158.84
c1e9ac,ST68,Canada,1773611143.0,1773611143,-113.9932,51.1211,,True,8.75
a35afa,N315SF,United States,1773611048.0,1773611084,-122.1153,47.8979,190.5,False,37.4
a5b760,AAL1161,United States,1773611144.0,1773611144,-84.0227,33.6552,9753.6,False,214.04
789271,HKE261,China,1773611142.0,1773611143,113.9193,22.3083,,True,0.0
71bf41,AAR8907,Republic of Korea,1773611139.0,1773611139,126.8022,36.0604,5013.96,False,200.41
4402f1,EJU621D,Austria,1773611145.0,1773611145,1.5625,43.4351,1394.46,False,111.65
a744b3,ASA586,United States,1773611145.0,1773611145,-103.8386,40.3358,10668.0,False,271.89
a2da59,ENY3839,United States,1773611144.0,1773611144,-97.4197,34.6225,7307.58,False,185.98
a35af1,N315RX,United States,1773611144.0,1773611144,-98.5259,29.5184,548.64,False,57.62
ad8836,JBU350,United States,1773611144.0,1773611144,-65.0061,18.2277,9745.98,False,219.55
78926b,CPA840,China,1773611144.0,1773611144,-93.0944,46.5474,11887.2,False,264.0
4cc53b,ICE615,Iceland,1773611145.0,1773611145,-70.2257,43.9221,9753.6,False,219.06
c066b6,WJA2969,Canada,1773611145.0,1773611145,-82.7659,30.3458,11887.2,False,231.7
78926a,CPA876,China,1773611145.0,1773611145,-106.4072,40.2584,11887.2,False,308.6
a72aa3,FTD561,United States,1773611145.0,1773611145,-99.6681,38.606,12504.42,False,244.34
c1e9bc,L159,Canada,1773611143.0,1773611143,-114.0164,51.1332,,True,7.72
4cc53a,ICE455,Iceland,1773611139.0,1773611145,-7.5755,56.044,11582.4,False,217.0
c1e9bb,L158,Canada,1773611144.0,1773611144,-113.9961,51.1279,,True,3.34
a3147a,N298PC,United States,1773611138.0,1773611138,-121.8547,42.304,11277.6,False,230.76
a47ad2,UPS328,United States,1773611144.0,1773611144,-80.3625,33.6864,10980.42,False,261.47
a67452,DAL1435,United States,1773611145.0,1773611145,-111.9997,40.5477,2400.3,False,100.08
4cc549,ICE43E,Iceland,1773611144.0,1773611144,-68.7749,46.3024,10972.8,False,200.32
789284,HKE625,China,1773611144.0,1773611144,139.8409,35.4139,2636.52,False,139.65
a12f09,UAL1397,United States,1773611145.0,1773611145,-74.4804,40.5864,1402.08,False,114.35
a494e9,UAL1511,United States,1773611144.0,1773611144,-80.5238,25.868,891.54,False,110.68
c82a81,SKL6,New Zealand,1773611145.0,1773611145,174.1123,-38.9783,929.64,False,93.99
ac3b32,SWA8817,United States,1773611145.0,1773611145,-82.6878,30.2835,12496.8,False,237.68
504e77,FIA5618,Republic of Moldova,1773611145.0,1773611145,-0.4148,51.8596,815.34,False,66.95
71bf71,AAR522,Republic of Korea,1773611145.0,1773611145,6.3896,50.5502,10668.0,False,255.54
c01991,CFJRS,Canada,1773611141.0,1773611142,-81.2624,32.4525,1242.06,False,131.59
ab1b3e,UAL702,United States,1773611144.0,1773611145,-86.1886,34.3469,8382.0,False,236.87
ab3568,N821JP,United States,1773611145.0,1773611145,-118.2446,33.8862,220.98,False,41.98
3e46d6,DISAG,Germany,1773611144.0,1773611144,14.1603,52.4849,1409.7,False,108.95
c0197e,JZA862,Canada,1773611144.0,1773611144,-73.4762,42.0459,9448.8,False,242.02
a7dd43,N6058A,United States,1773611145.0,1773611145,-121.7865,37.1092,1638.3,False,80.22
a997a9,N717SL,United States,1773611143.0,1773611143,-82.6749,32.4964,1996.44,False,71.6
a6b114,N530GS,United States,1773610843.0,1773610853,-115.2885,41.8552,10363.2,False,103.63
a3fa72,N3555L,United States,1773611145.0,1773611145,-122.9456,45.002,853.44,False,43.8
a43458,FFT4967,United States,1773611145.0,1773611145,-106.5163,39.5704,9662.16,False,210.79
4bb863,PGT708,Turkey,1773610816.0,1773611143,44.5452,41.4941,10668.0,False,240.77
a3278d,VJA302,United States,1773611144.0,1773611144,-118.4619,38.545,13716.0,False,233.7
800be5,AIC2858,India,1773611141.0,1773611141,74.9296,17.0117,11582.4,False,191.31
ab355c,JBU545,United States,1773611144.0,1773611145,-77.2542,35.9329,10980.42,False,199.09
4bb870,PGT870,Turkey,1773611137.0,1773611145,51.0704,22.523,11277.6,False,284.03
aa7757,SWA4476,United States,1773611144.0,1773611144,-89.6086,35.1827,9753.6,False,201.43
ac18fe,AAL1277,United States,1773611145.0,1773611145,-85.5776,39.0229,10668.0,False,273.39
a65a44,N50818,United States,1773611145.0,1773611145,-111.7647,33.7032,1676.4,False,42.71
a6b10c,SKW5421,United States,1773611143.0,1773611143,-102.1739,34.3571,5082.54,False,209.58
a31472,AAY161,United States,1773611145.0,1773611145,-76.6183,39.7613,8983.98,False,210.66
789296,HKE629,China,1773611039.0,1773611039,113.9179,22.3121,,True,0.77
ad8872,POD1,United States,1773611144.0,1773611144,-83.0712,27.712,13114.02,False,230.79
a60af7,N489KP,United States,1773611145.0,1773611145,-81.1897,24.3032,11894.82,False,268.77
4cc530,ICE579,Iceland,1773611144.0,1773611144,-9.1851,39.2709,4198.62,False,176.68
a2a4e8,N27HX,United States,1773611113.0,1773611113,-110.8882,31.7541,1402.08,False,14.49
504e65,FIE257,Republic of Moldova,1773611144.0,1773611144,12.2482,41.8778,266.7,False,73.87
a2e10c,EJM285,United States,1773611145.0,1773611145,-104.5382,37.9833,13716.0,False,258.43
a6b100,LXJ530,United States,1773611145.0,1773611145,-106.1854,41.5571,13716.0,False,276.72
4bb879,PGT1860,Turkey,1773611144.0,1773611144,33.6042,36.1273,5928.36,False,203.1
abf8ff,SWA8506,United States,1773611144.0,1773611144,-110.1929,40.8327,11323.32,False,253.0
c0196c,ROU1606,Canada,1773611115.0,1773611115,-73.7601,45.4619,,True,9.26
a2e120,N285FW,United States,1773611144.0,1773611144,-90.7273,33.9852,12298.68,False,117.61
78928c,CRK627,China,1773611144.0,1773611144,114.2007,22.0248,2019.3,False,149.73
c053b4,ASP655,Canada,1773611043.0,1773611044,-123.1648,49.1816,,True,0.06
7c7b69,YNV,Australia,1773611144.0,1773611144,152.9151,-27.7765,556.26,False,54.88
a97da7,SKW9917,United States,1773611144.0,1773611144,-93.8886,39.0003,10363.2,False,202.62
aac5ec,SCX3033,United States,1773611145.0,1773611145,-96.4002,41.0775,10972.8,False,223.01
c82a85,TNZ539,New Zealand,1773611145.0,1773611145,151.9888,-34.0268,5059.68,False,200.55
4bb86e,PGT5088,Turkey,1773611141.0,1773611143,31.1886,31.1763,11277.6,False,231.9
a54169,LXJ438,United States,1773611125.0,1773611125,-111.9147,33.6202,,True,4.12
aab2bf,JBU2170,United States,1773611127.0,1773611139,-71.0138,42.3661,,True,0.0
4402c0,OEGBF,Austria,1773611144.0,1773611144,-106.0987,49.0767,13106.4,False,195.89
ac4e85,UAL1381,United States,1773611145.0,1773611145,-95.0511,30.0072,693.42,False,109.06
a4e4a3,SKW3465,United States,1773611145.0,1773611145,-118.5375,33.5333,2948.94,False,152.96
a339b4,DAL838,United States,1773611144.0,1773611144,-80.5099,29.8878,10668.0,False,219.04
a9d59a,UAL2077,United States,1773611145.0,1773611145,-123.3202,42.8553,9585.96,False,247.52
adc531,AAL815,United States,1773611144.0,1773611144,-112.1232,33.2645,2476.5,False,159.33
a3d7dc,FFT1079,United States,1773610988.0,1773610988,-84.4233,33.6439,,True,0.0
78929a,CRK606,China,1773611144.0,1773611144,140.4515,35.7036,579.12,False,75.43
a339b1,DAL381,United States,1773611145.0,1773611145,-120.7798,38.041,7551.42,False,223.27
a54d34,N44013,United States,1773611145.0,1773611145,-83.8788,32.6431,1135.38,False,33.44
a517dc,RPA4649,United States,1773611145.0,1773611145,-75.4035,39.0789,5791.2,False,171.41
a6bd01,EJA533,United States,1773611145.0,1773611145,-80.5823,38.559,8534.4,False,203.27
ac4237,SWA2117,United States,1773611145.0,1773611145,-77.3018,38.6653,3101.34,False,135.6
344645,VLG2PA,Spain,1773611144.0,1773611145,-1.3768,42.645,6766.56,False,181.39
a757ae,AAL2511,United States,1773611145.0,1773611145,-98.0937,31.6646,6652.26,False,218.5
71bf02,KAL428,Republic of Korea,1773611145.0,1773611145,126.7724,37.0657,2232.66,False,138.08
344648,IB04KV,Spain,1773611145.0,1773611145,-3.6938,40.746,3764.28,False,149.04
a54d2d,OXF4263,United States,1773611143.0,1773611144,-111.156,32.8939,2164.08,False,47.62
ad8895,AAL3184,United States,1773611145.0,1773611145,-74.7951,40.5045,2926.08,False,174.15
504e87,FIA5711,Republic of Moldova,1773611144.0,1773611144,-5.5526,53.6546,2842.26,False,119.81
71bf00,AAR231,Republic of Korea,1773611120.0,1773611143,-158.0683,21.2531,1836.42,False,124.95
a0030d,JTL10,United States,1773610933.0,1773610933,-97.0356,32.9117,,True,4.37
a2da8f,EJA283,United States,1773611145.0,1773611145,-88.4415,32.3587,13098.78,False,208.81
447883,RU10,Austria,,1773611145,,,,False,0.19
adc527,N987AB,United States,1773611144.0,1773611144,-119.4141,35.5355,4983.48,False,104.76
a05cc7,SKW5281,United States,1773611044.0,1773611044,-119.3458,40.8807,10668.0,False,211.88
4402b9,EJU69DA,Austria,1773611144.0,1773611144,16.1303,41.6668,6606.54,False,229.15
4cc57a,ICE689,Iceland,1773611144.0,1773611144,-67.9923,45.8735,10972.8,False,193.39
a93711,NKS323,United States,1773611144.0,1773611144,-115.6989,35.3779,6713.22,False,214.48
47a097,NOZ4YA,Norway,1773609391.0,1773611145,19.0811,52.4666,11582.4,False,226.13
a4ddca,RPA4574,United States,1773611145.0,1773611145,-75.9109,39.7678,10363.2,False,190.5
71bf30,ABL7145,Republic of Korea,1773611144.0,1773611144,126.9044,26.3035,10050.78,False,265.36
71bf32,AAR272,Republic of Korea,1773611145.0,1773611145,-125.2363,48.4988,10264.14,False,297.54
46b8b2,AEE3LP,Greece,1773611145.0,1773611145,4.1401,37.9879,11871.96,False,248.38
a2e179,N285KK,United States,1773611013.0,1773611013,-116.9268,32.5671,541.02,False,72.04
a3c4e0,N342BL,United States,1773611144.0,1773611144,-91.1063,36.3939,12496.8,False,239.18
a97282,CKS817,United States,1773610995.0,1773610995,-149.9922,61.1765,,True,0.0
c05fba,CGKGN,Canada,1773611144.0,1773611145,-116.7817,34.332,6217.92,False,192.63
adab36,DAL2862,United States,1773611145.0,1773611145,-95.3229,31.7596,9745.98,False,201.48
897005,SOL711,Solomon Islands,1773611145.0,1773611145,174.4458,-36.6339,4777.74,False,199.95
3c06c1,DCS801,Germany,1773611144.0,1773611145,33.0799,35.0312,3253.74,False,172.13
adab31,AAL1208,United States,1773611144.0,1773611144,-97.4637,32.482,2491.74,False,163.16
c066b0,WJA2915,Canada,1773611144.0,1773611144,-80.5298,35.8267,11277.6,False,240.97
a66d33,GJS4393,United States,1773611142.0,1773611142,-74.173,40.7004,,True,2.06
7807c6,,China,,1773610910,,,,False,141.51
a73dc7,LXJ566,United States,1773611144.0,1773611144,-118.0182,34.6279,3817.62,False,173.84
c079ce,WJA2202,Canada,1773611145.0,1773611145,-90.834,29.984,11887.2,False,257.42
a0a18a,N14NG,United States,1773611145.0,1773611145,-80.2911,32.6313,2438.4,False,116.21
a9c25e,N728MG,United States,1773611144.0,1773611144,-65.7455,18.1399,2468.88,False,139.22
4cc573,ICE821,Iceland,1773611145.0,1773611145,-71.3366,44.8417,10972.8,False,208.73
4cc574,ICE1A,Iceland,1773611144.0,1773611144,-70.7548,45.2066,10363.2,False,207.04
87304a,ANA898,Japan,1773611145.0,1773611145,140.5131,35.618,1181.1,False,92.73
46b8a2,AEE605,Greece,1773611145.0,1773611145,15.3792,45.0464,11887.2,False,234.66
47a05e,NOZ41S,Norway,1773611144.0,1773611144,6.3611,59.0842,10058.4,False,248.5
ad12e0,SWA3535,United States,1773611145.0,1773611145,-92.1481,40.3763,10256.52,False,181.02
c01945,ROU1605,Canada,1773611126.0,1773611126,-73.7531,45.4604,,True,7.2
a05cf0,UPS5114,United States,1773611144.0,1773611145,-73.8223,40.3708,1211.58,False,148.08
a61f08,VAR494,United States,1773611143.0,1773611143,-112.2354,33.0116,1264.92,False,55.64
a05cf3,AAL753,United States,1773611144.0,1773611144,-96.9538,33.0175,2186.94,False,149.64
86cf91,SNJ91,Japan,1773611145.0,1773611145,139.444,35.4866,6324.6,False,160.36
a12f75,UAL1664,United States,1773611144.0,1773611144,-78.7583,37.767,10675.62,False,224.56
a9d4da,N7320J,United States,1773611145.0,1773611145,-117.4683,33.79,1219.2,False,42.58
c00804,PHX58,Canada,1773611145.0,1773611145,-81.1623,42.6361,4381.5,False,209.46
a7dd8f,N606AF,United States,1773611144.0,1773611145,-80.7915,26.1953,1676.4,False,122.77
a38969,N327ME,United States,1773610945.0,1773610960,-120.03,36.626,2971.8,False,135.61
a3c60d,AAL2004,United States,1773611145.0,1773611145,-86.0207,40.7834,8229.6,False,149.61
a35c0b,JBU54,United States,1773611144.0,1773611144,-82.0678,31.1159,9448.8,False,246.0
a699a1,AAL717,United States,1773611145.0,1773611145,-118.2982,46.1938,9517.38,False,282.77
a35c0c,N3152K,United States,1773611144.0,1773611144,-71.1318,43.0867,1051.56,False,45.67
a11003,N168GG,United States,1773611144.0,1773611144,-88.892,42.7075,1699.26,False,90.95
a050b4,N1195L,United States,1773611141.0,1773611141,-118.4118,34.2579,,True,5.92
adc5ff,JBU1478,United States,1773611145.0,1773611145,-76.8103,42.4631,10050.78,False,258.35
a12f7e,ASI176,United States,1773611144.0,1773611144,-112.0652,33.7031,640.08,False,42.42
c03064,ACA212,Canada,1773611145.0,1773611145,-115.2041,50.5929,7353.3,False,241.42
86d668,TZP52,Japan,1773611144.0,1773611144,137.9943,33.28,12489.18,False,287.28
a183d3,SKW817Y,United States,1773611144.0,1773611144,-121.5151,36.8591,6911.34,False,227.13
a63936,N50SQ,United States,1773611144.0,1773611144,-80.2048,27.1735,160.02,False,87.86
801526,AKJ652V,India,1773611144.0,1773611145,87.4712,21.0405,10789.92,False,199.26
a5060c,N42242,United States,1773611145.0,1773611145,-117.2507,32.9037,426.72,False,53.19
801527,IGO721,India,1773611098.0,1773611098,73.3221,20.4159,11064.24,False,243.13
4b1921,SWR40,Switzerland,1773610850.0,1773610856,-108.3191,49.2823,10363.2,False,301.59
e4a12a,TAM3452,Brazil,1773611144.0,1773611144,-44.7085,-21.2841,10652.76,False,232.37
a339e0,FFT4114,United States,1773611143.0,1773611144,-113.0347,35.0116,8221.98,False,268.38
abc292,AAL1844,United States,1773611144.0,1773611144,-81.4386,31.1881,10972.8,False,244.52
a8a1f9,N6552P,United States,1773611144.0,1773611144,-121.5715,37.7581,2286.0,False,65.41
e4a12c,TAM3645,Brazil,1773611137.0,1773611137,-46.6578,-23.628,,True,0.0
ab370a,N82107,United States,1773611144.0,1773611144,-122.3295,47.1675,365.76,False,41.11
a55fc0,N4451W,United States,1773611144.0,1773611144,-122.4019,48.0309,640.08,False,62.35
ab1d06,RPA5782,United States,1773611144.0,1773611144,-78.8286,42.873,1760.22,False,113.83
a2563f,N25MG,United States,1773611145.0,1773611145,-81.1895,28.016,1584.96,False,105.96
398579,AFR12UJ,France,1773610993.0,1773610994,9.1085,55.739,220.98,False,65.43
406a3e,BAW411,United Kingdom,1773611145.0,1773611145,-0.096,51.4655,1341.12,False,69.97
4a7c26,,Romania,1773611142.0,1773611145,25.4851,45.427,,True,5.92
a12f52,UAL2394,United States,1773611145.0,1773611145,-82.8274,27.6323,1485.9,False,113.14
39856c,AFR1376,France,1773610994.0,1773611003,-2.9012,43.6186,4244.34,False,192.42
a87907,JIA5475,United States,1773611145.0,1773611145,-84.8174,37.4524,7985.76,False,203.19
ac5700,SWA3014,United States,1773611145.0,1773611145,-101.2154,32.7336,8839.2,False,262.87
a24f35,N248RG,United States,1773611128.0,1773611135,-118.4923,34.219,,True,0.0
a92478,UAL2492,United States,1773611144.0,1773611144,-99.9024,30.0824,8229.6,False,274.62
a2b934,N275BM,United States,1773611145.0,1773611145,-74.4396,40.9691,967.74,False,81.45
a1e6b9,SWA38,United States,1773611145.0,1773611145,-96.6925,32.7036,784.86,False,114.59
e4a130,TAM4736,Brazil,1773611145.0,1773611145,-46.7028,-23.7878,2270.76,False,142.51
a12322,JAS21,United States,1773611145.0,1773611145,-80.9789,31.5795,12496.8,False,249.52
adb2ee,N982DS,United States,1773611143.0,1773611144,-75.8611,39.1169,571.5,False,74.4
a87904,NKS1258,United States,1773611145.0,1773611145,-95.5859,29.9697,2933.7,False,131.09
7c47bb,QFA405,Australia,1773611145.0,1773611145,148.5357,-35.8786,8534.4,False,169.97
aac7b1,ENY3697,United States,1773611144.0,1773611144,-86.8013,41.379,6096.0,False,109.98
c03084,ASP877,Canada,1773611144.0,1773611144,-75.7612,45.5837,4617.72,False,165.02
06a12a,A7ANN,Qatar,1773608596.0,1773611135,-84.4281,33.63,,True,0.0
a339c2,N307EL,United States,1773611144.0,1773611145,-103.9637,42.9979,13723.62,False,284.62
407d5c,WUK75,United Kingdom,1773611144.0,1773611145,-0.0676,51.95,1158.24,False,103.1
a12f71,UAL782,United States,1773611144.0,1773611144,-82.1214,31.9412,10972.8,False,224.8
a12f72,UAL1795,United States,1773611145.0,1773611145,-77.14,38.1699,10668.0,False,251.02
a206c9,GPD23,United States,1773611129.0,1773611129,-74.0684,40.8465,,True,1.29
ac07b8,SWA495,United States,1773611145.0,1773611145,-157.4563,21.4888,6035.04,False,211.53
406a34,BAW11,United Kingdom,1773611145.0,1773611145,25.6877,44.713,10058.4,False,251.25
aa527a,TCN764,United States,1773611144.0,1773611144,-83.6263,30.8844,13716.0,False,272.4
3dd796,PBW13,Germany,1773611145.0,1773611145,8.5013,48.6916,1120.14,False,67.77
c0307c,ACA305,Canada,1773611144.0,1773611144,-106.8105,52.174,10972.8,False,211.66
a6393b,N50SV,United States,1773611027.0,1773611029,-122.3815,48.3806,327.66,False,52.48
a13650,UAL1752,United States,1773611144.0,1773611144,-95.225,30.0073,640.08,False,79.75
71bf93,AAR8903,Republic of Korea,1773611145.0,1773611145,126.6666,34.7934,5097.78,False,198.83
80154e,FQA321,India,1773610895.0,1773610895,77.083,28.5659,,True,4.63
a1ccec,RPA5657,United States,1773611144.0,1773611144,-78.8467,34.633,9753.6,False,223.48
a49659,N395LC,United States,1773611144.0,1773611145,-103.8911,38.0455,10972.8,False,149.28
a170d9,AAY2011,United States,1773611022.0,1773611022,-86.6694,36.125,,True,6.17
71bf91,AAR762,Republic of Korea,1773611144.0,1773611144,127.6808,36.2704,6492.24,False,201.95
406a9f,BAW223N,United Kingdom,1773611144.0,1773611144,-86.4565,36.4205,1432.56,False,114.35
71bf90,ASV901,Republic of Korea,1773611145.0,1773611145,126.6665,37.6154,1318.26,False,135.63
a7ca33,N6004R,United States,1773611116.0,1773611116,-79.0693,37.1102,548.64,False,39.67
a3899d,ENY4126,United States,1773611144.0,1773611144,-111.8141,33.4116,1165.86,False,103.18
ab0a04,N810GT,United States,1773611144.0,1773611144,-92.263,35.363,11277.6,False,258.26
ad5d04,JSX691,United States,1773610944.0,1773610952,-117.8599,33.6901,68.58,False,62.38
a36f90,AAY1258,United States,1773611145.0,1773611145,-82.4912,30.364,5791.2,False,135.4
ac5723,,United States,1773610966.0,1773610966,-77.0413,38.8467,,True,0.06
ab97ca,SCX8689,United States,1773611141.0,1773611141,-97.6584,30.1792,,True,0.0
40717d,EXS95JK,United Kingdom,1773611144.0,1773611144,0.3014,52.0349,1645.92,False,110.96
aaadb2,SWA854,United States,1773610941.0,1773610941,-76.6741,39.1814,,True,0.06
48c22b,RYR4605,Poland,1773610096.0,1773611142,21.708,56.6406,2026.92,False,223.04
a5f1bc,WUP482,United States,1773610939.0,1773610939,-80.622,26.198,586.74,False,120.4
80155c,IGO2332,India,1773611144.0,1773611144,76.7572,28.6423,1600.2,False,101.94
a38991,AAY988,United States,1773611144.0,1773611144,-83.9036,29.775,7620.0,False,227.13
a1cce8,N215JL,United States,1773611144.0,1773611144,-78.6192,27.4005,9448.8,False,232.98
ad7701,JBU256,United States,1773611145.0,1773611145,-76.1626,43.7038,11277.6,False,256.41
a31ffc,WUP300,United States,1773611144.0,1773611145,-116.4241,35.1502,12496.8,False,191.51
ab1d2f,AAY1022,United States,1773611145.0,1773611145,-80.281,37.2368,11277.6,False,235.54
7100c2,SVA827,Saudi Arabia,1773611144.0,1773611144,80.3921,11.6875,9753.6,False,241.63
48c235,RYR3585,Poland,1773611145.0,1773611145,16.037,46.1965,10668.0,False,226.99
a24369,RPA5798,United States,1773611144.0,1773611144,-71.2483,41.8643,2567.94,False,140.3
48c230,RYR74WW,Poland,1773611145.0,1773611145,13.8074,40.9525,10972.8,False,234.09
48c231,RYR5SY,Poland,1773611145.0,1773611145,16.443,45.3929,11277.6,False,233.56
4b194f,SWR1CG,Switzerland,1773610929.0,1773610929,8.5594,47.4516,,True,0.0
c0301d,ASP654,Canada,1773611145.0,1773611145,-106.0837,43.1708,13716.0,False,196.47
a5417e,THY6052,United States,1773611145.0,1773611145,0.3864,57.7551,11277.6,False,264.07
ab374c,N82123,United States,1773611144.0,1773611145,-117.0348,34.3211,14325.6,False,238.62
406a95,EZY23HZ,United Kingdom,1773611144.0,1773611144,-9.4395,40.6104,10972.8,False,213.72
406a92,EZY87HY,United Kingdom,1773611145.0,1773611145,4.0754,52.6688,5821.68,False,203.32
a7f765,JIA5529,United States,1773611143.0,1773611143,-80.9913,35.1449,1333.5,False,104.82
ab84ab,DAL446,United States,1773611144.0,1773611144,-98.992,29.8411,10668.0,False,276.69
a3d90a,AAL1541,United States,1773611145.0,1773611145,-113.6976,35.5035,6728.46,False,177.23
406a93,EZY325,United Kingdom,1773611145.0,1773611145,-3.3759,55.9488,160.02,False,74.82
a5f1ca,UAL250,United States,1773611144.0,1773611145,-96.3305,31.2608,10683.24,False,256.63
7100bf,SVA803,Saudi Arabia,1773611144.0,1773611144,90.1999,23.6703,2606.04,False,137.57
4b194e,SWR1KV,Switzerland,1773611145.0,1773611145,14.7226,56.7828,10668.0,False,239.5
abcdb8,ERY86,United States,1773611145.0,1773611145,-71.8637,42.8455,8968.74,False,200.65
a37651,LXJ322,United States,1773611145.0,1773611145,-86.924,41.2971,2689.86,False,148.88
ab1100,N812CD,United States,1773611144.0,1773611145,-111.3056,33.9949,2598.42,False,90.22
406a91,EZY58UA,United Kingdom,1773611145.0,1773611145,-0.3313,51.8416,2217.42,False,147.82
48c227,,Poland,1773611144.0,1773611144,14.4893,35.8504,,True,3.09
48c226,RYR9QK,Poland,1773611145.0,1773611145,3.2792,52.1503,10820.4,False,254.23
48c223,RYR6EE,Poland,1773611145.0,1773611145,-3.5042,55.5876,3108.96,False,177.12
48c224,RYR81SR,Poland,1773611145.0,1773611145,-5.007,41.8147,11277.6,False,216.86
48c221,RYR2VZ,Poland,1773611144.0,1773611144,16.2475,48.9541,10058.4,False,230.29
a25667,N25NX,United States,1773611078.0,1773611078,-115.7939,34.4741,6736.08,False,158.18
48c222,RYR5EX,Poland,1773611144.0,1773611144,15.5442,55.3895,10972.8,False,225.83
48c220,RYR51UQ,Poland,1773611145.0,1773611145,4.4424,41.9125,10972.8,False,209.08
ac5746,SWA339,United States,1773611142.0,1773611144,-84.1289,30.1324,11003.28,False,246.99
4404a4,EJU48DN,Austria,1773611144.0,1773611145,0.8142,43.9872,11269.98,False,223.01
a6b14a,SIS53,United States,1773611141.0,1773611145,-104.9957,34.3512,10363.2,False,198.04
ad14a3,AAL2002,United States,1773611145.0,1773611145,-90.8286,31.0206,10972.8,False,196.39
a97dcb,DAL1020,United States,1773611144.0,1773611144,-93.2565,32.0068,9448.8,False,278.21
a31fdb,SCM3,United States,1773611143.0,1773611144,-89.9767,32.1344,13106.4,False,190.4
a6b140,N530JL,United States,1773611145.0,1773611145,-115.1255,36.1657,685.8,False,50.67
a78151,N583CT,United States,1773611121.0,1773611121,-82.7089,27.4972,167.64,False,47.67
a8fd2c,PDT6093,United States,1773611144.0,1773611144,-80.9906,35.5121,1516.38,False,100.96
a446aa,DAL2641,United States,1773611145.0,1773611145,-93.9861,37.9622,10668.0,False,256.33
a1235b,UAL1263,United States,1773611141.0,1773611142,-112.814,36.7397,10668.0,False,222.55
7c1ac2,UTY872,Australia,1773611143.0,1773611143,115.9605,-31.9426,,True,4.12
a446b6,DAL997,United States,1773611145.0,1773611145,-76.6305,38.0715,10972.8,False,251.36
c8076c,ZKWAA,New Zealand,1773611144.0,1773611145,173.9341,-41.5143,335.28,False,39.83
a8b4c6,FFT1966,United States,1773611096.0,1773611098,-115.1368,36.0828,,True,0.0
a1d3b4,MXY135,United States,1773611136.0,1773611136,-82.533,27.9825,,True,0.06
a8fd41,BRG573,United States,1773611143.0,1773611143,-162.6095,66.8868,,True,10.8
7c1abe,UTY6520,Australia,1773611139.0,1773611144,115.9693,-31.9464,15.24,True,0.0
a0acf8,UAL1937,United States,1773611144.0,1773611144,-112.9901,36.5767,11277.6,False,211.06
a0acf9,UAL586,United States,1773611145.0,1773611145,-95.0514,39.6239,3108.96,False,153.01
a05e02,UAL2306,United States,1773610877.0,1773610877,-73.8597,40.7714,,True,1.54
4b9c62,THY6604,Turkey,1773611144.0,1773611145,24.3997,46.1479,10668.0,False,224.14
a816ca,FFT2506,United States,1773611131.0,1773611131,-81.3154,28.4361,,True,0.0
498b23,KR01,Czech Republic,1773611145.0,1773611145,14.4023,50.1196,601.98,False,68.12
abd536,SWA3438,United States,1773611145.0,1773611145,-110.9506,33.8008,8138.16,False,233.25
a66ce7,N513DH,United States,1773611055.0,1773611055,-122.0306,36.9834,388.62,False,32.87
3c66c5,DLH460,Germany,1773611143.0,1773611144,-80.216,24.1579,6705.6,False,148.42
3c66c4,DLH428,Germany,1773611145.0,1773611145,-80.956,35.4547,1211.58,False,104.17
ad6ecd,AVA217,United States,1773611143.0,1773611144,-74.3384,4.3672,5692.14,False,200.26
a66ce0,DAL1855,United States,1773611145.0,1773611145,-73.1606,40.2864,4114.8,False,217.31
4692da,AEE6008,Greece,1773611145.0,1773611145,5.3381,41.0281,10660.38,False,228.84
a028aa,N1091M,United States,1773611145.0,1773611145,-111.6628,33.5255,914.4,False,42.33
a1c0ec,UCA4890,United States,1773611144.0,1773611144,-84.5005,35.6285,3954.78,False,211.46
a816d5,N620GB,United States,1773611145.0,1773611145,-89.695,33.985,12192.0,False,202.25
80159e,AIC116,India,1773611090.0,1773611090,-67.314,43.0765,8839.2,False,282.1
a9e93b,,United States,1773611027.0,1773611027,-87.9113,41.9883,381.0,False,5.66
4d2003,SEU7134,Malta,1773611144.0,1773611145,27.8078,34.6709,10972.8,False,215.31
a4d361,N41SK,United States,1773611062.0,1773611062,-121.8707,48.2686,944.88,False,78.22
3c66e1,DLH34U,Germany,1773611144.0,1773611145,2.8164,42.3878,8953.5,False,258.82
a923a9,UAL2327,United States,1773611145.0,1773611145,-102.9939,40.1471,8366.76,False,254.15
a5ff76,LXJ486,United States,1773611144.0,1773611144,-102.8568,25.966,13716.0,False,270.84
0c205d,CMP121,Panama,1773611116.0,1773611116,-84.8121,12.0913,10668.0,False,239.03
a49680,WSN95,United States,1773611145.0,1773611145,-119.9757,36.914,9753.6,False,152.99
aa4ac9,AAL2529,United States,1773611144.0,1773611144,-75.4974,38.5479,7597.14,False,224.88
ac8b33,N907WT,United States,1773611145.0,1773611145,-93.8918,35.8778,2537.46,False,134.01
abbb24,AAL550,United States,1773611144.0,1773611144,-95.3017,30.3124,11277.6,False,268.45
ad2862,AAL2823,United States,1773611145.0,1773611145,-65.5899,18.5728,9753.6,False,215.32
a5e003,CRE478,United States,1773611144.0,1773611144,-91.5621,38.891,13716.0,False,237.42
451e8c,GPX7NC,Bulgaria,1773611144.0,1773611145,19.883,42.2217,9204.96,False,240.45
0c2073,,Panama,,1773611138,,,,False,3.34
0c2065,CMP713,Panama,1773611117.0,1773611117,-75.9963,9.291,10363.2,False,225.51
ab1bf9,ASA1308,United States,1773611142.0,1773611144,-120.9905,43.035,10972.8,False,180.64
a793d4,N588CB,United States,1773611145.0,1773611145,-81.3704,31.0584,7620.0,False,214.45
aa64ca,AAL2978,United States,1773611145.0,1773611145,-111.491,32.9205,4137.66,False,134.39
a9e917,N738DJ,United States,1773610982.0,1773610982,-82.3603,35.024,1257.3,False,42.73
3c4ccc,MMD6654,Germany,1773611144.0,1773611145,-94.5875,31.5266,11582.4,False,189.38
71156a,KNE287,Saudi Arabia,1773611144.0,1773611144,32.2492,29.6677,6522.72,False,188.11
a2a686,ASA304,United States,1773611145.0,1773611145,-86.9733,32.3039,10668.0,False,252.6
a540e3,AAL2660,United States,1773611144.0,1773611144,-104.3284,32.1567,10355.58,False,205.09
aa5de7,N7670F,United States,1773611145.0,1773611145,-118.4901,34.2195,274.32,False,32.04
ac9e77,DAL533,United States,1773611144.0,1773611144,-119.4392,47.4426,8298.18,False,283.06
aaa247,SWA3698,United States,1773611145.0,1773611145,-105.0515,34.8172,9448.8,False,250.68
ac8b43,EDV4817,United States,1773611144.0,1773611144,-84.9812,39.291,2529.84,False,140.18
a3b398,ENY3845,United States,1773611144.0,1773611144,-87.7688,41.0681,4754.88,False,120.19
a48f85,N393SG,United States,1773611144.0,1773611144,-114.4823,36.2908,11346.18,False,237.04
86e8ac,ANA461,Japan,1773611144.0,1773611144,139.8029,35.5275,,True,5.66
4692d3,AEE129,Greece,1773611144.0,1773611144,23.6785,38.383,5242.56,False,186.12
a2e0a8,LJY226,United States,1773611144.0,1773611144,-104.8012,34.6432,12496.8,False,262.95
0c2059,RPB7227,Panama,1773611145.0,1773611145,-75.1829,10.1594,5097.78,False,192.67
a2ecf3,AAY3058,United States,1773611145.0,1773611145,-110.6142,32.9197,8366.76,False,226.97
a1239c,UAL1970,United States,1773611144.0,1773611144,-84.9061,38.8775,10515.6,False,233.21
aa64ba,UAL1423,United States,1773611145.0,1773611145,-84.5858,34.6241,11582.4,False,244.8
acb8f8,JSX0502,United States,1773611143.0,1773611144,-75.9184,37.5544,10972.8,False,201.78
a5ec61,ASA31,United States,1773611145.0,1773611145,-73.3366,41.3568,5661.66,False,210.26
a5ff93,ASA1031,United States,1773611118.0,1773611123,-157.6454,21.0801,1493.52,False,90.95
801597,AIC2147,India,1773611064.0,1773611064,77.0795,28.5625,,True,2.83
ac55ef,ERY94,United States,1773611144.0,1773611144,-80.6173,41.9099,3147.06,False,144.07
abe892,SWA2008,United States,1773611145.0,1773611145,-119.9859,37.2815,9624.06,False,254.95
aa64ac,N769TM,United States,1773611145.0,1773611145,-79.6511,36.4067,13106.4,False,203.62
a6cffc,AAL2502,United States,1773611138.0,1773611143,-81.3151,28.4286,,True,0.0
a446f1,LXJ375,United States,1773611144.0,1773611145,-113.8336,33.4907,6400.8,False,210.06
a37689,N322JC,United States,1773611144.0,1773611144,-95.72,33.1246,5791.2,False,113.72
aaa259,N7844U,United States,1773611145.0,1773611145,-111.6014,33.4132,1021.08,False,55.07
3c66eb,DLH9CP,Germany,1773611145.0,1773611145,11.7284,48.1464,11887.2,False,236.85
801591,AXB1258,India,1773611145.0,1773611145,75.9014,27.9633,5417.82,False,205.57
ac922d,N909SB,United States,1773611145.0,1773611145,-83.9561,35.4631,3390.9,False,81.28
3c66ea,DLH898,Germany,1773608928.0,1773611145,17.2433,53.0544,3566.16,False,233.48
a4d36b,N41SV,United States,1773611144.0,1773611144,-117.116,33.5936,594.36,False,32.96
7c47b9,QFA641,Australia,1773611144.0,1773611144,136.1076,-35.1225,10363.2,False,201.23
a3280d,N302PH,United States,1773611145.0,1773611145,-78.2289,39.3147,723.9,False,53.65
7c47b8,QFA415,Australia,1773611145.0,1773611145,146.3911,-37.2086,8755.38,False,176.54
4d2035,KMM455,Malta,1773611145.0,1773611145,9.5087,40.2007,11285.22,False,224.49
0d03f3,SLI2722,Mexico,1773611145.0,1773611145,-84.2455,41.6549,5692.14,False,218.94
0d03f4,SLI2608,Mexico,1773611145.0,1773611145,-87.5138,37.7603,11277.6,False,268.98
acf54f,JBU620,United States,1773611144.0,1773611144,-117.1925,32.7318,,True,0.0
3445d4,IBE06EM,Spain,1773611144.0,1773611144,8.1284,44.9346,5417.82,False,185.97
a05200,N12GS,United States,1773611145.0,1773611145,-72.6307,40.9175,12192.0,False,178.03
440582,EJU61EY,Austria,1773611144.0,1773611145,7.798,47.4354,11887.2,False,230.68
c03c02,WJA640,Canada,1773611145.0,1773611145,-106.4017,50.6836,10668.0,False,249.46
4d201d,WMT6707,Malta,1773611144.0,1773611145,7.6976,40.6645,10363.2,False,215.9
4d201e,WZZ4PN,Malta,1773611144.0,1773611144,18.6971,47.524,2590.8,False,128.13
aa5dc5,RPA3599,United States,1773611145.0,1773611145,-71.5727,43.3758,4693.92,False,213.83
a579fc,N452EP,United States,1773611102.0,1773611116,-122.2267,47.3291,,True,13.89
a67fba,LXJ518,United States,1773611144.0,1773611144,-84.4633,33.8077,1859.28,False,130.84
aaa267,UAL2321,United States,1773611137.0,1773611137,-74.1828,40.6824,,True,5.92
a04b24,AAL2865,United States,1773611145.0,1773611145,-84.3324,29.1905,10683.24,False,242.08
348205,VLG8829,Spain,1773611123.0,1773611137,-5.1048,38.5822,7833.36,False,225.61
ad1560,JBU956,United States,1773611145.0,1773611145,-78.9416,37.9384,10675.62,False,257.46
a92fa3,NKS1657,United States,1773611144.0,1773611144,-79.2277,29.0159,10736.58,False,212.4
ac3beb,DAL944,United States,1773611144.0,1773611144,-89.3084,45.2572,8534.4,False,226.46
7c47a8,JST792,Australia,1773611144.0,1773611144,153.4929,-27.0759,5212.08,False,223.79
348203,VLG74HP,Spain,1773611144.0,1773611144,-0.2227,45.6567,10195.56,False,251.42
348204,VLG2QV,Spain,1773611145.0,1773611145,-0.238,38.5622,2324.1,False,151.27
7c47a9,JST057,Australia,1773611055.0,1773611055,153.1117,-27.3983,,True,1.03
7c47a6,JST76,Australia,1773611144.0,1773611145,115.1469,-30.7086,10668.0,False,222.31
a3c662,AAL346,United States,1773611144.0,1773611145,-82.3717,24.1831,10500.36,False,241.76
4d2047,AAE224,Malta,1773610281.0,1773611132,39.8986,40.9933,10363.2,False,246.06
a5c9f7,EJA472,United States,1773611144.0,1773611144,-122.3838,38.1078,1165.86,False,139.89
e08193,LVHFS,Argentina,1773611112.0,1773611112,-59.3266,-34.8742,4221.48,False,199.81
7c47a3,JST121,Australia,1773611145.0,1773611145,156.6523,-31.3986,10668.0,False,257.36
4d2049,WZZ54,Malta,1773611144.0,1773611144,18.078,49.9685,11262.36,False,225.82
4d203d,ICL600,Malta,1773611144.0,1773611145,7.1608,48.3318,10058.4,False,254.07
a32814,EDV5379,United States,1773611143.0,1773611143,-85.9108,32.6543,4000.5,False,197.79
4d2042,AEZ2347,Malta,1773611144.0,1773611145,10.3132,39.9471,7650.48,False,238.1
8850af,THA316,Thailand,1773611145.0,1773611145,89.1722,20.7639,11887.2,False,274.81
acf559,RJR934,United States,1773611145.0,1773611145,-100.8881,37.4021,13708.38,False,266.24
a19853,N20115,United States,1773611145.0,1773611145,-117.2537,32.7987,929.64,False,54.48
a686c7,,United States,1773611144.0,1773611144,-81.5453,36.6095,4084.32,False,168.9
7580f0,PAL105,Philippines,1773611145.0,1773611145,120.4969,14.3808,1653.54,False,122.47
a829e9,COL625,United States,1773611144.0,1773611144,-104.5117,31.7555,11277.6,False,267.59
a9249c,UAL1298,United States,1773611145.0,1773611145,-83.3032,28.8961,6149.34,False,192.27
a6d6ae,N54MH,United States,1773611120.0,1773611120,-74.0788,41.5883,807.72,False,91.99
3c66b1,OCN7MK,Germany,1773611145.0,1773611145,-0.3871,39.556,11879.58,False,236.54
3c66b0,DLH4YV,Germany,1773611144.0,1773611144,8.4804,52.9258,929.64,False,116.87
a72c23,N561RL,United States,1773611145.0,1773611145,-64.5868,18.5418,12443.46,False,201.61
406a03,BAW57K,United Kingdom,1773611144.0,1773611144,-0.5781,51.0038,4084.32,False,212.9
a7efb9,N610LA,United States,1773610901.0,1773610902,-65.7091,18.3816,563.88,False,97.46
3c66a6,DLH44X,Germany,1773611145.0,1773611145,-1.6053,43.029,5760.72,False,189.39
abbb77,RPA4364,United States,1773611145.0,1773611145,-80.9597,35.4398,5227.32,False,166.49
c019eb,WJA2975,Canada,1773611144.0,1773611144,-92.8397,33.3512,11887.2,False,260.0
a59007,CAP458,United States,1773611144.0,1773611144,-117.1858,33.1585,632.46,False,46.94
aa77c0,SWA577,United States,1773611145.0,1773611145,-88.0355,37.2255,11277.6,False,231.36
a8793d,EJA645,United States,1773611144.0,1773611144,-75.5641,41.2313,4777.74,False,170.86
3c66ad,DLH2PL,Germany,1773611144.0,1773611144,15.4006,49.3755,10668.0,False,220.94
a87942,QXE2033,United States,1773611145.0,1773611145,-115.7069,43.0995,10668.0,False,203.37
abbb92,SCX9227,United States,1773611144.0,1773611144,-106.8698,42.7776,12192.0,False,231.93
3c66aa,DLH55E,Germany,1773611145.0,1773611145,7.7395,47.9989,10058.4,False,225.73
3c66ae,DLH2XY,Germany,1773611145.0,1773611145,10.2859,52.7219,11285.22,False,237.66
a12eb6,CXK115,United States,1773611144.0,1773611145,-112.1489,41.4156,1889.76,False,44.41
abc26e,N857MB,United States,1773611145.0,1773611145,-112.2906,33.6084,594.36,False,59.8
a949a1,NXC1698,United States,1773611145.0,1773611145,-77.44,38.8026,2171.7,False,69.6
c0693c,CGNWD,Canada,1773611145.0,1773611145,-96.8964,50.242,335.28,False,79.66
c0693f,CGNWG,Canada,1773611144.0,1773611144,-96.9673,50.0976,335.28,False,77.62
0c208d,CMP275,Panama,1773611013.0,1773611013,-74.1417,4.7013,,True,0.0
4d200f,WMT4TX,Malta,1773611145.0,1773611145,-3.3154,40.727,3703.32,False,160.57
77cf32,SYR382,Syrian Arab Republic,1773610941.0,1773611092,33.6445,34.4001,10363.2,False,241.68
a50680,N4228C,United States,1773611144.0,1773611144,-97.6499,32.7005,2552.7,False,81.53
abbb7e,N855SC,United States,1773610860.0,1773610980,-96.3976,33.9964,929.64,False,104.02
4d200e,WMT4SD,Malta,1773611144.0,1773611144,24.6072,35.8664,11582.4,False,208.8
4d2020,WZZ9203,Malta,1773611145.0,1773611145,16.934,50.4022,10988.04,False,234.92
a54cf6,OXF3373,United States,1773611144.0,1773611144,-111.7767,33.4367,723.9,False,49.18
a7a91f,LXJ593,United States,1773611144.0,1773611144,-117.758,34.7085,9799.32,False,227.76
a5aff2,AAL675,United States,1773611145.0,1773611145,-111.9923,33.4364,,True,4.37
a85f29,UAL1434,United States,1773611144.0,1773611145,-120.3353,37.7079,8770.62,False,225.06
a54cf9,OXF1010,United States,1773611144.0,1773611144,-111.752,32.9815,754.38,False,41.68
a75966,UAL2190,United States,1773611144.0,1773611144,-96.1131,30.0782,6088.38,False,192.34
a553ce,UAL302,United States,1773611145.0,1773611145,-96.6694,39.1213,10980.42,False,216.57
4b9065,PGT61SF,Turkey,1773611144.0,1773611145,30.7828,36.8285,457.2,False,69.82
a96c96,DAL3157,United States,1773611144.0,1773611144,-84.7981,33.4276,1638.3,False,153.91
885114,THA961,Thailand,1773611087.0,1773611087,97.7571,15.374,11887.2,False,270.91
adc694,EJA987,United States,1773611144.0,1773611144,-112.4705,42.2645,5486.4,False,170.63
aaa0fc,SKW5506,United States,1773611144.0,1773611145,-123.2056,40.9947,5570.22,False,200.14
ad00e3,AAL9,United States,1773611145.0,1773611145,-102.8879,34.3964,8534.4,False,190.86
a4482e,UPS5496,United States,1773611144.0,1773611144,-85.3538,40.3481,8846.82,False,264.43
7c7bad,YPR,Australia,1773610923.0,1773610923,152.8631,-31.4369,,True,5.92
adb34f,H32,United States,1773610982.0,1773610983,-122.6125,37.9101,533.4,False,4.88
4082e7,,United Kingdom,1773611144.0,1773611145,19.2007,42.1988,7947.66,False,207.77
a32867,SKW3707,United States,1773611145.0,1773611145,-123.0714,42.6489,10668.0,False,254.74
885105,THA960,Thailand,1773611116.0,1773611116,75.4872,31.1152,10363.2,False,240.56
885106,THA661,Thailand,1773611144.0,1773611144,101.3587,14.3406,6057.9,False,208.26
ad5046,FDY308,United States,1773611144.0,1773611144,-79.7777,41.0355,2750.82,False,105.96
a1d528,N217SW,United States,1773611145.0,1773611145,-121.1565,38.9554,2857.5,False,63.71
7c7ba3,YPH,Australia,1773611145.0,1773611145,152.8792,-31.3777,579.12,False,40.14
451e29,ABR176,Bulgaria,1773610832.0,1773610832,8.726,45.6411,,True,1.29
7c7ba9,YPN,Australia,1773611127.0,1773611127,152.8625,-31.4383,,True,0.0
0d0ffd,VOI1007,Mexico,1773611126.0,1773611144,-112.095,28.6058,11292.84,False,242.17
a5e090,N478TW,United States,1773611143.0,1773611144,-111.9968,40.638,1524.0,False,31.72
a255cf,N25GV,United States,1773611145.0,1773611145,-77.9249,35.3795,11887.2,False,249.92
4082cd,TOM699,United Kingdom,1773611145.0,1773611145,24.8009,36.7076,10972.8,False,210.0
a05256,N12LC,United States,1773611145.0,1773611145,-71.3128,42.4646,60.96,False,59.82
4082cb,TOM587,United Kingdom,1773611145.0,1773611145,-6.5366,45.457,11582.4,False,212.99
ab48b8,N826SC,United States,1773611143.0,1773611144,-108.8607,38.3706,10668.0,False,179.07
a0c889,N15HD,United States,1773611145.0,1773611145,-98.6389,33.9977,8877.3,False,277.16
a53b06,N436SP,United States,1773611141.0,1773611141,-122.9462,45.5345,,True,0.0
c819dd,ANZ092L,New Zealand,1773611144.0,1773611144,175.1442,-37.1763,2872.74,False,145.98
a96c72,SKW4831,United States,1773611145.0,1773611145,-86.7935,41.3439,4465.32,False,172.71
c819df,ANZ231L,New Zealand,1773611145.0,1773611145,175.8933,-39.7471,7315.2,False,122.11
a24ec7,N248LX,United States,1773611144.0,1773611144,-96.7416,29.1949,11193.78,False,254.6
ad639e,,United States,1773611068.0,1773611140,-122.5967,45.5903,,True,4.89
4082bc,LNX04VR,United Kingdom,1773611140.0,1773611143,9.2099,48.6908,342.9,True,0.0
c819e0,ANZ841L,New Zealand,1773611145.0,1773611145,172.5818,-43.446,243.84,False,61.66
a0c854,CAP215,United States,1773611144.0,1773611144,-112.2866,33.5001,647.7,False,58.03
a9b007,JIA5398,United States,1773611145.0,1773611145,-85.5514,38.2114,10066.02,False,261.06
a12ee0,UAL1983,United States,1773611143.0,1773611144,-85.9282,40.6379,7924.8,False,188.21
a67516,N515MA,United States,1773611145.0,1773611145,-90.3288,30.2375,1379.22,False,61.95
a135cb,UAL2107,United States,1773611145.0,1773611145,-73.5155,41.115,5684.52,False,202.42
440549,AUA731,Austria,1773611006.0,1773611018,17.9546,44.1342,2522.22,False,144.48
ab48bf,SKW3889,United States,1773611145.0,1773611145,-95.1347,41.4674,4373.88,False,172.36
88510d,THA346,Thailand,1773611005.0,1773611015,91.7598,19.0654,12496.8,False,271.39
a0ae57,FDX944,United States,1773611145.0,1773611145,-95.9815,35.3345,9761.22,False,195.64
a54e46,N4409X,United States,1773611131.0,1773611131,-118.4909,34.2102,,True,7.72
4082ab,EZY85TZ,United Kingdom,1773611145.0,1773611145,-9.8409,38.8656,10972.8,False,220.96
ad2807,JSX1103,United States,1773611141.0,1773611145,-77.8912,34.4517,11277.6,False,235.52
88510f,THA925,Thailand,1773611123.0,1773611123,98.4006,15.1479,12496.8,False,268.65
88510c,THA954,Thailand,1773611144.0,1773611145,77.0123,30.5357,10972.8,False,243.44
88510b,THA462,Thailand,1773611144.0,1773611144,101.2688,12.7667,7856.22,False,239.55
adb35c,JBU2715,United States,,1773610914,,,,False,0.51
a56862,AAL164,United States,1773611144.0,1773611144,-122.3926,36.3524,8839.2,False,245.04
a6882b,N52SF,United States,1773611145.0,1773611145,-87.1632,28.4602,13716.0,False,254.29
4082b2,SEJ216,United Kingdom,1773610846.0,1773610846,72.8531,19.0909,,True,4.12
a56866,ASA425,United States,1773611144.0,1773611144,-122.1568,45.0827,5090.16,False,216.39
885118,THA901,Thailand,1773611144.0,1773611144,100.7446,14.0322,1630.68,False,125.22
8013c3,AIC358,India,1773611144.0,1773611144,135.2786,34.1794,11887.2,False,302.85
8013c2,AIC154,India,1773611145.0,1773611145,20.3063,43.3737,11277.6,False,250.95
a05281,N12MW,United States,1773611145.0,1773611145,-82.8098,41.9309,13106.4,False,287.59
a2e21f,N285SA,United States,1773611144.0,1773611144,-93.8232,36.9007,6972.3,False,58.66
758201,GAP2921,Philippines,1773611144.0,1773611145,121.9566,14.0456,7322.82,False,219.89
a0a264,,United States,1773610977.0,1773610977,-87.1088,31.7504,2316.48,False,88.14
a1725f,N1923E,United States,1773611145.0,1773611145,-92.8377,44.793,777.24,False,104.59
a9d63b,ASA26,United States,1773611145.0,1773611145,-78.1771,44.1406,10668.0,False,257.59
a1ce99,JBU2824,United States,1773611144.0,1773611144,-87.4828,38.2182,10660.38,False,274.29
c806d6,ZKNSC,New Zealand,1773611144.0,1773611144,170.1801,-45.9184,243.84,False,48.39
47a0bf,NOZ384,Norway,1773611134.0,1773611134,16.1439,67.9037,11277.6,False,238.45
a2089d,LRT230,United States,1773611144.0,1773611145,-120.9999,36.7879,3520.44,False,197.14
a3a086,UAL745,United States,1773611053.0,1773611053,-87.9143,41.9868,,True,8.23
aaae1b,SWA57,United States,1773611144.0,1773611144,-115.161,36.078,,True,3.6
a86674,JIA5369,United States,1773611027.0,1773611033,-75.2503,39.9162,114.3,False,70.03
a32890,UPS5924,United States,1773611145.0,1773611145,-97.3505,39.9033,10370.82,False,232.51
a23bfb,RPA5787,United States,1773611145.0,1773611145,-80.1636,40.6253,8839.2,False,258.33
a2e222,N285SD,United States,1773611144.0,1773611144,-83.7067,40.7459,7010.4,False,109.82
aab50c,N7895R,United States,1773611144.0,1773611144,-106.098,31.9639,3208.02,False,69.72
a495bf,DAL1181,United States,1773611144.0,1773611144,-76.0705,38.6192,8252.46,False,262.68
0d0fbf,XARFE,Mexico,1773611144.0,1773611144,-100.1697,26.1535,2537.46,False,66.41
a0fbfd,N16237,United States,1773611145.0,1773611145,-75.8215,39.7706,685.8,False,72.36
a375f1,CTX90,United States,1773611143.0,1773611144,-83.5461,33.8327,1889.76,False,66.27
a78cfc,JBU766,United States,1773611144.0,1773611144,-77.9247,27.3037,10668.0,False,237.69
a4d38a,N41UA,United States,1773611144.0,1773611144,-92.3745,35.4023,12192.0,False,177.62
a32893,AAL2269,United States,1773611144.0,1773611144,-92.6011,38.6091,9136.38,False,185.2
a242c3,MXY2854,United States,1773611145.0,1773611145,-73.9598,40.7141,10058.4,False,259.68
a2a5d5,N27TJ,United States,1773611144.0,1773611144,-71.5924,42.7728,624.84,False,67.35
a362a9,AAL2094,United States,1773611143.0,1773611144,-113.9477,33.6816,8534.4,False,207.64
a04b6c,N118RK,United States,1773611144.0,1773611144,-97.363,37.6312,4831.08,False,197.45
a29e6a,N268TM,United States,1773611145.0,1773611145,-96.9051,31.3514,3680.46,False,156.94
a242af,N245BD,United States,1773610872.0,1773610872,-116.0838,49.3768,4160.52,False,172.71
a42e48,FFT4662,United States,1773611143.0,1773611144,-81.9851,29.6526,5783.58,False,143.12
7c7bce,VOZ813,Australia,1773611072.0,1773611072,151.1803,-33.9348,,True,1.8
7c4899,OMJ,Australia,1773610997.0,1773610997,150.8504,-31.0827,335.28,False,6.55
0c200c,CMP413,Panama,1773611144.0,1773611145,-74.7012,5.1789,5113.02,False,160.49
a8a319,AAL2332,United States,1773611145.0,1773611145,-81.9234,32.1302,10675.62,False,234.95
a1c230,AAY3006,United States,1773611145.0,1773611145,-77.3618,38.6407,1836.42,False,160.55
a32886,AAL3257,United States,1773611144.0,1773611144,-99.6827,34.3849,10668.0,False,250.31
a96c2e,JIA5183,United States,1773611145.0,1773611145,-73.6008,41.2719,9144.0,False,208.42
a2db21,SWA1718,United States,1773611144.0,1773611144,-120.6639,37.669,7498.08,False,213.68
a495b4,DAL985,United States,1773611145.0,1773611145,-80.0509,24.7056,10972.8,False,216.36
4b17f8,SWR96B,Switzerland,1773611144.0,1773611144,8.4648,47.5403,1889.76,False,99.59
a375cc,JTL322,United States,1773611144.0,1773611145,-79.3883,26.8333,8839.2,False,227.77
7c7bcc,VOZ382,Australia,1773611145.0,1773611145,152.9743,-27.1414,1554.48,False,121.28
7c7bc6,VOZ916,Australia,1773611144.0,1773611144,151.729,-30.7918,9745.98,False,220.37
a1d546,UAL195,United States,1773611144.0,1773611144,-122.5859,38.8758,9014.46,False,256.01
0d0fde,VOI182,Mexico,1773611140.0,1773611143,-110.1105,28.402,10363.2,False,209.55
c03af2,WJA1542,Canada,1773611144.0,1773611145,-95.8407,30.461,4732.02,False,191.5
a05273,N12MG,United States,1773611144.0,1773611144,-82.1777,38.5845,7985.76,False,232.37
aaae52,TAI565,United States,1773611145.0,1773611145,-83.4321,35.7768,10980.42,False,197.64
a96c47,EJA706,United States,1773611145.0,1773611145,-78.7375,28.1273,12496.8,False,232.25
a1857f,N1977F,United States,1773611144.0,1773611145,-118.781,34.0335,1066.8,False,46.33
a8401a,N6300F,United States,1773611144.0,1773611144,-122.295,40.4976,137.16,False,50.93
abd50f,SWA2372,United States,1773611144.0,1773611145,-88.9257,35.2703,9144.0,False,206.99
a04b92,SKW5966,United States,1773611144.0,1773611144,-104.5002,39.8288,3360.42,False,143.54
0d0ff3,AMX115,Mexico,1773610940.0,1773610940,-106.5015,31.5591,1668.78,False,87.41
aaae4b,AAL39,United States,1773611143.0,1773611144,-79.4321,26.5401,4861.56,False,199.6
ac8b13,N907VL,United States,1773611080.0,1773611080,-66.103,18.4562,,True,32.41
0d0ff6,AMX1545,Mexico,1773611078.0,1773611102,-99.0813,19.4296,2164.08,False,51.44
4b17e5,SWR3ME,Switzerland,1773610950.0,1773610954,14.4888,46.2077,441.96,False,68.54
a242c7,STANFRD1,United States,1773611144.0,1773611144,-121.1788,38.8352,1196.34,False,72.75
4b17e6,SWR1YT,Switzerland,1773610982.0,1773611143,8.5612,47.442,381.0,True,0.0
a242c5,N245CA,United States,1773611145.0,1773611145,-116.8705,32.8276,1043.94,False,49.97
ad7634,AAL3009,United States,1773611144.0,1773611144,-110.0262,34.645,9593.58,False,225.44
ad1fcf,AVA9512,United States,1773610860.0,1773610864,-73.7232,6.1886,9075.42,False,225.4
7da3de,ANE1185,Australia,1773611145.0,1773611145,-0.2496,42.7405,10972.8,False,214.95
7c7c9b,VOZ309,Australia,1773611145.0,1773611145,151.9962,-29.9308,11277.6,False,267.96
a998e9,N71731,United States,1773611144.0,1773611144,-85.4458,31.6007,1249.68,False,60.37
a53b69,SWA2384,United States,1773611144.0,1773611144,-95.9572,32.0885,7597.14,False,211.81
ac4311,N89AX,United States,1773611145.0,1773611145,-102.368,39.2555,10058.4,False,171.56
a745db,JIA5045,United States,1773611145.0,1773611145,-80.7486,36.5634,8846.82,False,247.98
7c705f,WHD,Australia,1773611144.0,1773611144,144.9217,-37.9552,243.84,False,58.77
e488d8,00000000,Brazil,1773611127.0,1773611141,-48.2361,-24.5269,8823.96,False,238.59
4a1a62,RCR5560,Romania,1773611144.0,1773611145,19.2706,47.4332,,True,1.29
a79556,JNY8,United States,1773611144.0,1773611144,-106.2132,31.8083,13106.4,False,202.85
a3fb6f,DAL2735,United States,1773611144.0,1773611144,-78.2816,37.1867,10668.0,False,257.69
a7e522,EJM608,United States,1773611144.0,1773611144,-96.3491,39.4102,12496.8,False,235.53
a5fef4,ASA745,United States,1773611136.0,1773611145,-121.923,37.3626,,True,1.54
a732a2,LXJ563,United States,1773611144.0,1773611144,-73.2487,40.7679,777.24,False,118.53
3c4214,SQB02ERA,Germany,1773611140.0,1773611140,11.087,49.4946,,True,4.37
a5fef7,VAR486,United States,1773611145.0,1773611145,-112.2743,33.3667,822.96,False,64.85
a8b5ad,QXE2181,United States,1773611039.0,1773611039,-109.0244,45.8459,4358.64,False,155.38
4b17fb,SWR44X,Switzerland,1773611145.0,1773611145,12.2437,54.7978,6408.42,False,212.59
4b17fd,SWR9HA,Switzerland,1773611144.0,1773611144,8.9266,54.0022,10972.8,False,240.09
a9d5a2,UAL2035,United States,1773611144.0,1773611144,-105.4725,40.5661,6652.26,False,223.19
a3025e,YEL13,United States,1773611130.0,1773611130,-121.9325,37.3602,,True,0.0
acb953,AAL1138,United States,1773611144.0,1773611145,-84.0978,36.6563,10972.8,False,229.39
88516f,THA931,Thailand,1773610314.0,1773611141,98.1508,15.1261,11277.6,False,259.51
88516c,THA923,Thailand,1773611145.0,1773611145,19.4017,47.4468,10058.4,False,251.02
a6ab27,JBU2377,United States,1773611144.0,1773611144,-80.7897,32.3217,9151.62,False,225.01
88516d,THA971,Thailand,1773611143.0,1773611144,97.4987,15.5204,10668.0,False,265.04
c00757,ACA1047,Canada,1773611144.0,1773611144,-121.9553,44.3387,10363.2,False,195.58
aaf006,N80347,United States,1773611144.0,1773611145,-122.693,45.6734,205.74,False,45.6
a8051a,N616AT,United States,1773611144.0,1773611144,-91.1667,34.1669,3284.22,False,65.82
ab96fc,N846JS,United States,1773611144.0,1773611144,-89.161,41.7289,12496.8,False,183.87
a72bda,JIA5470,United States,1773611144.0,1773611144,-83.6518,33.2863,8587.74,False,208.78
a66e8e,N513WF,United States,1773611144.0,1773611145,-122.2167,47.5149,198.12,False,39.1
ab83e8,DAL1816,United States,1773611145.0,1773611145,-87.9585,31.9828,10210.8,False,260.57
a67589,N515RR,United States,1773611144.0,1773611145,-98.8353,30.536,6096.0,False,78.24
abccd8,EJM86,United States,1773611145.0,1773611145,-105.928,31.7944,6096.0,False,183.12
a732d9,JBU613,United States,1773611144.0,1773611144,-74.4321,39.8193,8282.94,False,196.81
aa15cc,AAL2493,United States,1773611139.0,1773611144,-71.0199,42.3607,,True,0.0
600b26,AZG235,Azerbaijan,1773610868.0,1773610868,7.3324,50.0175,891.54,False,80.73
a28b91,EJA263,United States,1773611144.0,1773611144,-111.9113,37.0318,11285.22,False,225.33
a1c25f,EJA212,United States,1773611145.0,1773611145,-108.0578,37.5289,11567.16,False,221.82
a0b59d,DAL563,United States,1773611145.0,1773611145,-80.2221,40.1858,10972.8,False,193.95
4acab2,SAS227,Sweden,1773611144.0,1773611144,8.2685,58.3418,1219.2,False,72.24
456032,RANGER1,Bulgaria,1773611136.0,1773611136,23.3983,42.6957,,True,7.72
456033,FOLLOW2,Bulgaria,1773611142.0,1773611142,23.404,42.6954,,True,8.75
8013da,IGO913H,India,1773611130.0,1773611131,78.9837,14.1783,10523.22,False,214.74
a6d88b,GJS4452,United States,1773611144.0,1773611144,-74.5848,40.2058,10058.4,False,249.93
484966,KLM31L,Kingdom of the Netherlands,1773611145.0,1773611145,6.6571,47.4453,8778.24,False,249.06
800cff,AIC2757,India,1773611097.0,1773611100,77.6168,13.2078,1295.4,False,79.23
ac300d,SWA3033,United States,1773611144.0,1773611144,-110.5734,38.8301,10058.4,False,252.2
e4a06d,PSVTO,Brazil,1773611144.0,1773611144,-46.6807,-23.5884,1120.14,False,62.93
ad763b,AVA9520,United States,1773611145.0,1773611145,-74.7863,10.8833,76.2,False,66.79
c04ddc,WJA1727,Canada,1773611145.0,1773611145,-118.9433,37.1849,10972.8,False,200.91
a2e235,SKW4052,United States,1773611145.0,1773611145,-94.8181,35.9893,11277.6,False,242.67
a7a8ed,DAL358,United States,1773611124.0,1773611139,-101.0873,37.1623,10652.76,False,275.15
ad5c38,DAL3158,United States,1773611144.0,1773611144,-81.0619,35.1384,3063.24,False,141.59
0d0fb1,LET5029,Mexico,1773611145.0,1773611145,-97.6301,27.4927,12192.0,False,200.48
a65b76,AAL2218,United States,1773611145.0,1773611145,-87.3956,29.7801,9738.36,False,214.8
ac90a0,PDT6076,United States,1773611136.0,1773611136,-84.4515,36.9569,8214.36,False,161.71
ac90a7,AAL2927,United States,1773611144.0,1773611145,-80.07,26.0449,3208.02,False,144.61
a7cb0b,AAL370,United States,1773611141.0,1773611141,-77.6675,43.126,,True,0.0
a495e9,FFT4136,United States,1773611144.0,1773611144,-82.5031,40.2914,9121.14,False,207.39
ac3c77,N888KJ,United States,1773611139.0,1773611139,-118.3594,34.2001,,True,0.0
71c716,ESR536,Republic of Korea,1773611143.0,1773611143,127.4994,27.2974,10668.0,False,275.29
abd3cf,DAL21,United States,1773611144.0,1773611144,-121.7078,47.8837,2804.16,False,140.12
ac3030,SWA1422,United States,1773611145.0,1773611145,-107.3157,35.6298,8839.2,False,245.99
a04aa9,RPA4357,United States,1773611145.0,1773611145,-80.7289,40.6512,9144.0,False,207.99
342107,IBE04FB,Spain,1773611064.0,1773611072,-3.5304,40.4679,571.5,False,74.49
342105,IBS15NQ,Spain,1773611144.0,1773611145,-14.1975,29.9662,10873.74,False,248.82
342104,IBS1813,Spain,1773611145.0,1773611145,12.8543,51.826,5905.5,False,189.04
a9b06f,DAL786,United States,1773611144.0,1773611144,-79.207,40.0495,10843.26,False,213.78
a8180d,UPS110,United States,1773611144.0,1773611144,142.1808,36.3633,8907.78,False,227.55
adbf4a,SCA5,United States,1773611145.0,1773611145,-111.8308,33.7018,1554.48,False,52.47
abc0c1,SWA3304,United States,1773611145.0,1773611145,-80.1664,38.3008,10972.8,False,199.67
398565,AFR99QP,France,1773611143.0,1773611143,7.6468,45.1941,,True,9.26
a54e63,N441AQ,United States,1773611143.0,1773611143,-100.1888,32.3232,7620.0,False,181.06
a12429,UAL2326,United States,1773611014.0,1773611014,-118.3988,33.9427,,True,1.29
a66e3b,SKW5008,United States,1773611109.0,1773611121,-104.8303,35.2852,10363.2,False,199.38
4caa57,RYR12VW,Ireland,1773611145.0,1773611145,0.237,53.3559,9845.04,False,209.66
4caa58,RYR57AE,Ireland,1773611144.0,1773611144,6.9243,46.5169,11277.6,False,238.29
4caa59,RYR60DN,Ireland,1773611144.0,1773611144,-7.5138,44.4922,10972.8,False,196.1
71c707,TWB406,Republic of Korea,1773610940.0,1773611143,46.1765,41.0728,10058.4,False,253.35
a7f804,SKW5873,United States,1773611145.0,1773611145,-121.6825,41.5927,10363.2,False,202.01
4cc45a,ABD7046,Iceland,1773611145.0,1773611145,-73.6563,41.238,10363.2,False,221.75
a81815,SKW4628,United States,1773611143.0,1773611143,-118.4034,37.4762,10363.2,False,210.19
4caa53,EAI31P,Ireland,1773611145.0,1773611145,-5.8737,53.4066,1013.46,False,90.21
4caa54,EAI26G,Ireland,1773611143.0,1773611144,-6.1341,53.4137,556.26,False,46.58
ac5697,SWA1093,United States,1773611145.0,1773611145,-122.4618,43.8258,9761.22,False,206.05
c067a1,CGNGI,Canada,1773611144.0,1773611144,-80.8214,43.2146,7627.62,False,115.86
4caa55,EAI59L,Ireland,1773611144.0,1773611145,-5.7535,53.8046,3497.58,False,140.04
abd3da,,United States,1773611137.0,1773611137,-118.4528,34.0158,,True,0.0
398570,AFR87DP,France,1773611145.0,1773611145,-0.2397,39.4527,990.6,False,128.84
a0fd0f,USC101,United States,1773611144.0,1773611144,-74.0677,39.6249,12192.0,False,201.69
aa0ec7,RPA3453,United States,1773611131.0,1773611139,-77.4452,38.9447,,True,0.0
39bb22,AFR79ZG,France,1773611144.0,1773611144,-0.1024,50.9199,11582.4,False,204.35
885178,THA682,Thailand,1773610918.0,1773610918,139.769,35.5494,,True,0.13
a3c5ec,N342ND,United States,1773611144.0,1773611144,-82.5425,27.3697,373.38,False,58.19
4b1916,SWR35G,Switzerland,1773611144.0,1773611144,-113.6481,51.9928,10972.8,False,281.28
a5fee6,N486AC,United States,1773611019.0,1773611019,-87.0266,38.2453,2103.12,False,68.56
4b1919,SWR177,Switzerland,1773611096.0,1773611142,74.8102,29.7077,9144.0,False,230.91
a41b8d,N364EA,United States,1773611145.0,1773611145,-111.3126,33.5814,2286.0,False,45.54
ad13f5,N9415Q,United States,1773611144.0,1773611144,-122.3538,37.1268,426.72,False,79.11
a25701,FTN2,United States,1773611145.0,1773611145,-103.5976,35.9336,10980.42,False,194.09
885171,THA970,Thailand,1773611143.0,1773611143,99.5578,15.1879,9144.0,False,234.7
ac3c8b,N888LD,United States,1773611144.0,1773611145,-93.7117,30.8412,13106.4,False,212.46
7808cb,CCA966,China,1773611145.0,1773611145,115.2858,40.6627,4206.24,False,192.67
a8a397,LXJ656,United States,1773611137.0,1773611137,-122.3046,47.536,,True,9.26
a77b0e,EJA581,United States,1773611144.0,1773611144,-115.1797,36.0589,769.62,False,60.51
adc65e,AAL2444,United States,1773611143.0,1773611144,-99.9574,34.6462,8839.2,False,271.01
75824e,GAP2203,Philippines,1773611145.0,1773611145,121.479,14.2141,4907.28,False,196.89
c00741,WJA2565,Canada,1773611053.0,1773611053,-67.497,19.6401,10972.8,False,212.76
a9739c,JIA5633,United States,1773611144.0,1773611144,-85.3651,33.7173,5905.5,False,182.99
a612a6,UAL475,United States,1773611144.0,1773611144,-113.1566,53.0426,3726.18,False,189.89
a9739f,PERRIS3,United States,1773611145.0,1773611145,-117.213,33.7402,3672.84,False,44.24
a4359b,UPS5636,United States,1773611144.0,1773611144,-87.532,38.2389,9989.82,False,211.79
a6d83c,DAL328,United States,1773611144.0,1773611145,-82.0607,29.4302,7010.4,False,171.4
e94c86,BOV739,Bolivia,1773611144.0,1773611145,-46.8362,-23.679,6278.88,False,211.57
0ac9c2,AVA247,Colombia,1773611144.0,1773611144,-79.6053,27.6379,10660.38,False,227.94
a9607c,JRE703,United States,1773611144.0,1773611144,-115.2643,35.9107,1943.1,False,98.42
a9607d,JBU1437,United States,1773611145.0,1773611145,-82.219,31.1333,10370.82,False,219.35
a41b89,DAL1962,United States,1773611145.0,1773611145,-84.9954,28.8289,10668.0,False,225.42
